session_code,participant_id_in_session,participant_code,page_index,app_name,page_name,epoch_time_completed,round_number,timeout_happened,is_wait_page
z2q0bsds,1,5n394iv7,0,,InitializeParticipant,1728990553,1,0,0
z2q0bsds,1,5n394iv7,1,DICE,A_Intro,1728990560,1,0,0
z2q0bsds,1,5n394iv7,2,DICE,B_Briefing,1728990567,1,0,0
z2q0bsds,1,5n394iv7,3,DICE,C_Feed,1728990673,1,0,0
z2q0bsds,2,mu0h5dre,0,,InitializeParticipant,1728999935,1,0,0
z2q0bsds,2,mu0h5dre,1,DICE,A_Intro,1728999939,1,0,0
z2q0bsds,2,mu0h5dre,2,DICE,B_Briefing,1728999940,1,0,0
1vli04ay,1,c1sswci1,0,,InitializeParticipant,1729001127,1,0,0
1vli04ay,1,c1sswci1,1,DICE,A_Intro,1729001132,1,0,0
i0nfyoqz,1,87gbjndp,0,,InitializeParticipant,1729001397,1,0,0
i0nfyoqz,1,87gbjndp,1,DICE,A_Intro,1729001399,1,0,0
9p6v0yvm,1,0jd48vo6,0,,InitializeParticipant,1729001483,1,0,0
9p6v0yvm,1,0jd48vo6,1,DICE,A_Intro,1729001485,1,0,0
z2q0bsds,3,2r0qqsby,0,,InitializeParticipant,1729003234,1,0,0
z2q0bsds,3,2r0qqsby,1,DICE,A_Intro,1729003249,1,0,0
z2q0bsds,3,2r0qqsby,2,DICE,B_Briefing,1729003256,1,0,0
z2q0bsds,3,2r0qqsby,3,DICE,C_Feed,1729003390,1,0,0
z2q0bsds,4,bm1mykyw,0,,InitializeParticipant,1729003394,1,0,0
z2q0bsds,4,bm1mykyw,1,DICE,A_Intro,1729003400,1,0,0
z2q0bsds,4,bm1mykyw,2,DICE,B_Briefing,1729003407,1,0,0
z2q0bsds,5,jyri7zu8,0,,InitializeParticipant,1729003460,1,0,0
z2q0bsds,5,jyri7zu8,1,DICE,A_Intro,1729003464,1,0,0
z2q0bsds,5,jyri7zu8,2,DICE,B_Briefing,1729003472,1,0,0
z2q0bsds,4,bm1mykyw,3,DICE,C_Feed,1729003496,1,0,0
z2q0bsds,5,jyri7zu8,3,DICE,C_Feed,1729003633,1,0,0
z2q0bsds,6,2oudny1t,0,,InitializeParticipant,1729003678,1,0,0
z2q0bsds,6,2oudny1t,1,DICE,A_Intro,1729003712,1,0,0
z2q0bsds,6,2oudny1t,2,DICE,B_Briefing,1729003721,1,0,0
z2q0bsds,7,2nyxos5j,0,,InitializeParticipant,1729003815,1,0,0
z2q0bsds,7,2nyxos5j,1,DICE,A_Intro,1729003819,1,0,0
z2q0bsds,6,2oudny1t,3,DICE,C_Feed,1729003820,1,0,0
z2q0bsds,7,2nyxos5j,2,DICE,B_Briefing,1729003821,1,0,0
z2q0bsds,8,91zrcuds,0,,InitializeParticipant,1729003822,1,0,0
z2q0bsds,8,91zrcuds,1,DICE,A_Intro,1729003827,1,0,0
z2q0bsds,8,91zrcuds,2,DICE,B_Briefing,1729003831,1,0,0
z2q0bsds,9,hpvarzoq,0,,InitializeParticipant,1729003933,1,0,0
z2q0bsds,9,hpvarzoq,1,DICE,A_Intro,1729003939,1,0,0
z2q0bsds,8,91zrcuds,3,DICE,C_Feed,1729003940,1,0,0
z2q0bsds,9,hpvarzoq,2,DICE,B_Briefing,1729003949,1,0,0
z2q0bsds,10,akhqzu5w,0,,InitializeParticipant,1729003959,1,0,0
z2q0bsds,11,ay5iyau3,0,,InitializeParticipant,1729003962,1,0,0
z2q0bsds,11,ay5iyau3,1,DICE,A_Intro,1729003966,1,0,0
z2q0bsds,10,akhqzu5w,1,DICE,A_Intro,1729003967,1,0,0
z2q0bsds,11,ay5iyau3,2,DICE,B_Briefing,1729003968,1,0,0
z2q0bsds,10,akhqzu5w,2,DICE,B_Briefing,1729003996,1,0,0
z2q0bsds,11,ay5iyau3,3,DICE,C_Feed,1729004005,1,0,0
z2q0bsds,7,2nyxos5j,3,DICE,C_Feed,1729004017,1,0,0
z2q0bsds,12,7nouami7,0,,InitializeParticipant,1729004020,1,0,0
z2q0bsds,12,7nouami7,1,DICE,A_Intro,1729004024,1,0,0
z2q0bsds,12,7nouami7,2,DICE,B_Briefing,1729004026,1,0,0
z2q0bsds,13,cy2hnd8u,0,,InitializeParticipant,1729004026,1,0,0
z2q0bsds,13,cy2hnd8u,1,DICE,A_Intro,1729004041,1,0,0
z2q0bsds,14,btf6ykhh,0,,InitializeParticipant,1729004053,1,0,0
z2q0bsds,15,vckt4so3,0,,InitializeParticipant,1729004056,1,0,0
z2q0bsds,14,btf6ykhh,1,DICE,A_Intro,1729004057,1,0,0
z2q0bsds,15,vckt4so3,1,DICE,A_Intro,1729004063,1,0,0
z2q0bsds,14,btf6ykhh,2,DICE,B_Briefing,1729004065,1,0,0
z2q0bsds,15,vckt4so3,2,DICE,B_Briefing,1729004072,1,0,0
z2q0bsds,16,fh5wbwby,0,,InitializeParticipant,1729004109,1,0,0
z2q0bsds,16,fh5wbwby,1,DICE,A_Intro,1729004115,1,0,0
z2q0bsds,16,fh5wbwby,2,DICE,B_Briefing,1729004122,1,0,0
z2q0bsds,17,ubv70759,0,,InitializeParticipant,1729004155,1,0,0
z2q0bsds,17,ubv70759,1,DICE,A_Intro,1729004163,1,0,0
z2q0bsds,17,ubv70759,2,DICE,B_Briefing,1729004170,1,0,0
z2q0bsds,12,7nouami7,3,DICE,C_Feed,1729004170,1,0,0
z2q0bsds,18,c6c874ko,0,,InitializeParticipant,1729004172,1,0,0
z2q0bsds,15,vckt4so3,3,DICE,C_Feed,1729004173,1,0,0
z2q0bsds,19,wtc2abug,0,,InitializeParticipant,1729004176,1,0,0
z2q0bsds,18,c6c874ko,1,DICE,A_Intro,1729004180,1,0,0
z2q0bsds,19,wtc2abug,1,DICE,A_Intro,1729004181,1,0,0
z2q0bsds,19,wtc2abug,2,DICE,B_Briefing,1729004186,1,0,0
z2q0bsds,18,c6c874ko,2,DICE,B_Briefing,1729004189,1,0,0
z2q0bsds,20,o4mlldta,0,,InitializeParticipant,1729004209,1,0,0
z2q0bsds,20,o4mlldta,1,DICE,A_Intro,1729004216,1,0,0
z2q0bsds,16,fh5wbwby,3,DICE,C_Feed,1729004223,1,0,0
z2q0bsds,14,btf6ykhh,3,DICE,C_Feed,1729004234,1,0,0
z2q0bsds,9,hpvarzoq,3,DICE,C_Feed,1729004236,1,0,0
z2q0bsds,20,o4mlldta,2,DICE,B_Briefing,1729004258,1,0,0
z2q0bsds,21,oflffwwb,0,,InitializeParticipant,1729004267,1,0,0
z2q0bsds,21,oflffwwb,1,DICE,A_Intro,1729004273,1,0,0
z2q0bsds,22,s4wj466z,0,,InitializeParticipant,1729004276,1,0,0
z2q0bsds,23,uixb5nlr,0,,InitializeParticipant,1729004278,1,0,0
z2q0bsds,22,s4wj466z,1,DICE,A_Intro,1729004282,1,0,0
z2q0bsds,24,oxv7ysvx,0,,InitializeParticipant,1729004283,1,0,0
z2q0bsds,21,oflffwwb,2,DICE,B_Briefing,1729004284,1,0,0
z2q0bsds,22,s4wj466z,2,DICE,B_Briefing,1729004285,1,0,0
z2q0bsds,18,c6c874ko,3,DICE,C_Feed,1729004289,1,0,0
z2q0bsds,24,oxv7ysvx,1,DICE,A_Intro,1729004292,1,0,0
z2q0bsds,23,uixb5nlr,1,DICE,A_Intro,1729004297,1,0,0
z2q0bsds,24,oxv7ysvx,2,DICE,B_Briefing,1729004298,1,0,0
z2q0bsds,25,pvow1877,0,,InitializeParticipant,1729004298,1,0,0
z2q0bsds,25,pvow1877,1,DICE,A_Intro,1729004303,1,0,0
z2q0bsds,23,uixb5nlr,2,DICE,B_Briefing,1729004305,1,0,0
z2q0bsds,26,yl9wdqh8,0,,InitializeParticipant,1729004311,1,0,0
z2q0bsds,25,pvow1877,2,DICE,B_Briefing,1729004312,1,0,0
z2q0bsds,17,ubv70759,3,DICE,C_Feed,1729004321,1,0,0
z2q0bsds,27,f16uya4w,0,,InitializeParticipant,1729004326,1,0,0
z2q0bsds,26,yl9wdqh8,1,DICE,A_Intro,1729004329,1,0,0
z2q0bsds,27,f16uya4w,1,DICE,A_Intro,1729004331,1,0,0
z2q0bsds,10,akhqzu5w,3,DICE,C_Feed,1729004337,1,0,0
z2q0bsds,23,uixb5nlr,3,DICE,C_Feed,1729004348,1,0,0
z2q0bsds,26,yl9wdqh8,2,DICE,B_Briefing,1729004350,1,0,0
z2q0bsds,19,wtc2abug,3,DICE,C_Feed,1729004388,1,0,0
z2q0bsds,28,8j6ls4c7,0,,InitializeParticipant,1729004390,1,0,0
z2q0bsds,29,15f0gcre,0,,InitializeParticipant,1729004391,1,0,0
z2q0bsds,21,oflffwwb,3,DICE,C_Feed,1729004397,1,0,0
z2q0bsds,29,15f0gcre,1,DICE,A_Intro,1729004401,1,0,0
z2q0bsds,24,oxv7ysvx,3,DICE,C_Feed,1729004405,1,0,0
z2q0bsds,29,15f0gcre,2,DICE,B_Briefing,1729004414,1,0,0
z2q0bsds,22,s4wj466z,3,DICE,C_Feed,1729004420,1,0,0
z2q0bsds,13,cy2hnd8u,2,DICE,B_Briefing,1729004446,1,0,0
z2q0bsds,26,yl9wdqh8,3,DICE,C_Feed,1729004461,1,0,0
z2q0bsds,28,8j6ls4c7,1,DICE,A_Intro,1729004462,1,0,0
z2q0bsds,30,b8vd3uxw,0,,InitializeParticipant,1729004470,1,0,0
z2q0bsds,31,n756ulqd,0,,InitializeParticipant,1729004476,1,0,0
z2q0bsds,28,8j6ls4c7,2,DICE,B_Briefing,1729004479,1,0,0
z2q0bsds,30,b8vd3uxw,1,DICE,A_Intro,1729004479,1,0,0
z2q0bsds,32,yez6x1uw,0,,InitializeParticipant,1729004480,1,0,0
z2q0bsds,31,n756ulqd,1,DICE,A_Intro,1729004484,1,0,0
z2q0bsds,32,yez6x1uw,1,DICE,A_Intro,1729004484,1,0,0
z2q0bsds,32,yez6x1uw,2,DICE,B_Briefing,1729004485,1,0,0
z2q0bsds,30,b8vd3uxw,2,DICE,B_Briefing,1729004488,1,0,0
z2q0bsds,31,n756ulqd,2,DICE,B_Briefing,1729004491,1,0,0
z2q0bsds,33,hlgfpmw7,0,,InitializeParticipant,1729004494,1,0,0
z2q0bsds,33,hlgfpmw7,1,DICE,A_Intro,1729004512,1,0,0
z2q0bsds,34,mxwu0hv4,0,,InitializeParticipant,1729004518,1,0,0
z2q0bsds,34,mxwu0hv4,1,DICE,A_Intro,1729004521,1,0,0
z2q0bsds,35,gcdvsqh9,0,,InitializeParticipant,1729004524,1,0,0
z2q0bsds,33,hlgfpmw7,2,DICE,B_Briefing,1729004524,1,0,0
z2q0bsds,34,mxwu0hv4,2,DICE,B_Briefing,1729004527,1,0,0
z2q0bsds,35,gcdvsqh9,1,DICE,A_Intro,1729004528,1,0,0
z2q0bsds,29,15f0gcre,3,DICE,C_Feed,1729004532,1,0,0
z2q0bsds,35,gcdvsqh9,2,DICE,B_Briefing,1729004535,1,0,0
z2q0bsds,36,p1s40wg1,0,,InitializeParticipant,1729004537,1,0,0
z2q0bsds,36,p1s40wg1,1,DICE,A_Intro,1729004543,1,0,0
z2q0bsds,25,pvow1877,3,DICE,C_Feed,1729004550,1,0,0
z2q0bsds,37,wvnrsk91,0,,InitializeParticipant,1729004550,1,0,0
z2q0bsds,38,4yasaa4b,0,,InitializeParticipant,1729004551,1,0,0
z2q0bsds,39,yxil0ccs,0,,InitializeParticipant,1729004552,1,0,0
z2q0bsds,36,p1s40wg1,2,DICE,B_Briefing,1729004553,1,0,0
z2q0bsds,32,yez6x1uw,3,DICE,C_Feed,1729004554,1,0,0
z2q0bsds,39,yxil0ccs,1,DICE,A_Intro,1729004557,1,0,0
z2q0bsds,39,yxil0ccs,2,DICE,B_Briefing,1729004558,1,0,0
z2q0bsds,37,wvnrsk91,1,DICE,A_Intro,1729004559,1,0,0
z2q0bsds,38,4yasaa4b,1,DICE,A_Intro,1729004563,1,0,0
z2q0bsds,38,4yasaa4b,2,DICE,B_Briefing,1729004565,1,0,0
z2q0bsds,40,eth07mpg,0,,InitializeParticipant,1729004573,1,0,0
z2q0bsds,37,wvnrsk91,2,DICE,B_Briefing,1729004574,1,0,0
z2q0bsds,40,eth07mpg,1,DICE,A_Intro,1729004590,1,0,0
z2q0bsds,41,grvsazz7,0,,InitializeParticipant,1729004600,1,0,0
z2q0bsds,40,eth07mpg,2,DICE,B_Briefing,1729004600,1,0,0
z2q0bsds,41,grvsazz7,1,DICE,A_Intro,1729004605,1,0,0
z2q0bsds,41,grvsazz7,2,DICE,B_Briefing,1729004607,1,0,0
z2q0bsds,42,tnaiyddr,0,,InitializeParticipant,1729004616,1,0,0
z2q0bsds,42,tnaiyddr,1,DICE,A_Intro,1729004619,1,0,0
z2q0bsds,42,tnaiyddr,2,DICE,B_Briefing,1729004621,1,0,0
z2q0bsds,43,umvjnqmr,0,,InitializeParticipant,1729004622,1,0,0
z2q0bsds,31,n756ulqd,3,DICE,C_Feed,1729004626,1,0,0
z2q0bsds,30,b8vd3uxw,3,DICE,C_Feed,1729004628,1,0,0
z2q0bsds,44,zhxd9ikh,0,,InitializeParticipant,1729004629,1,0,0
z2q0bsds,44,zhxd9ikh,1,DICE,A_Intro,1729004639,1,0,0
z2q0bsds,44,zhxd9ikh,2,DICE,B_Briefing,1729004645,1,0,0
z2q0bsds,43,umvjnqmr,1,DICE,A_Intro,1729004653,1,0,0
z2q0bsds,38,4yasaa4b,3,DICE,C_Feed,1729004658,1,0,0
z2q0bsds,13,cy2hnd8u,3,DICE,C_Feed,1729004662,1,0,0
z2q0bsds,39,yxil0ccs,3,DICE,C_Feed,1729004677,1,0,0
z2q0bsds,43,umvjnqmr,2,DICE,B_Briefing,1729004680,1,0,0
z2q0bsds,45,pjq6icoe,0,,InitializeParticipant,1729004702,1,0,0
z2q0bsds,46,i4l07yd2,0,,InitializeParticipant,1729004715,1,0,0
z2q0bsds,46,i4l07yd2,1,DICE,A_Intro,1729004719,1,0,0
z2q0bsds,47,5bwyl2u8,0,,InitializeParticipant,1729004720,1,0,0
z2q0bsds,48,jjz6k04u,0,,InitializeParticipant,1729004722,1,0,0
z2q0bsds,46,i4l07yd2,2,DICE,B_Briefing,1729004722,1,0,0
z2q0bsds,47,5bwyl2u8,1,DICE,A_Intro,1729004724,1,0,0
z2q0bsds,47,5bwyl2u8,2,DICE,B_Briefing,1729004727,1,0,0
z2q0bsds,48,jjz6k04u,1,DICE,A_Intro,1729004728,1,0,0
z2q0bsds,28,8j6ls4c7,3,DICE,C_Feed,1729004729,1,0,0
z2q0bsds,48,jjz6k04u,2,DICE,B_Briefing,1729004731,1,0,0
z2q0bsds,49,9gdedfja,0,,InitializeParticipant,1729004736,1,0,0
z2q0bsds,50,qk0ztrjf,0,,InitializeParticipant,1729004740,1,0,0
z2q0bsds,49,9gdedfja,1,DICE,A_Intro,1729004742,1,0,0
z2q0bsds,50,qk0ztrjf,1,DICE,A_Intro,1729004745,1,0,0
z2q0bsds,44,zhxd9ikh,3,DICE,C_Feed,1729004749,1,0,0
z2q0bsds,41,grvsazz7,3,DICE,C_Feed,1729004750,1,0,0
z2q0bsds,49,9gdedfja,2,DICE,B_Briefing,1729004750,1,0,0
z2q0bsds,40,eth07mpg,3,DICE,C_Feed,1729004751,1,0,0
z2q0bsds,50,qk0ztrjf,2,DICE,B_Briefing,1729004752,1,0,0
z2q0bsds,37,wvnrsk91,3,DICE,C_Feed,1729004759,1,0,0
z2q0bsds,48,jjz6k04u,3,DICE,C_Feed,1729004766,1,0,0
z2q0bsds,51,mk07pxo7,0,,InitializeParticipant,1729004769,1,0,0
z2q0bsds,52,qcsx7mx7,0,,InitializeParticipant,1729004772,1,0,0
z2q0bsds,51,mk07pxo7,1,DICE,A_Intro,1729004773,1,0,0
z2q0bsds,33,hlgfpmw7,3,DICE,C_Feed,1729004774,1,0,0
z2q0bsds,51,mk07pxo7,2,DICE,B_Briefing,1729004775,1,0,0
z2q0bsds,53,8kfy04es,0,,InitializeParticipant,1729004776,1,0,0
z2q0bsds,52,qcsx7mx7,1,DICE,A_Intro,1729004777,1,0,0
z2q0bsds,52,qcsx7mx7,2,DICE,B_Briefing,1729004781,1,0,0
z2q0bsds,53,8kfy04es,1,DICE,A_Intro,1729004782,1,0,0
z2q0bsds,53,8kfy04es,2,DICE,B_Briefing,1729004786,1,0,0
z2q0bsds,42,tnaiyddr,3,DICE,C_Feed,1729004789,1,0,0
z2q0bsds,54,qwss9m7e,0,,InitializeParticipant,1729004791,1,0,0
z2q0bsds,36,p1s40wg1,3,DICE,C_Feed,1729004797,1,0,0
z2q0bsds,54,qwss9m7e,1,DICE,A_Intro,1729004798,1,0,0
z2q0bsds,34,mxwu0hv4,3,DICE,C_Feed,1729004799,1,0,0
z2q0bsds,54,qwss9m7e,2,DICE,B_Briefing,1729004802,1,0,0
z2q0bsds,55,pzg82itx,0,,InitializeParticipant,1729004803,1,0,0
z2q0bsds,55,pzg82itx,1,DICE,A_Intro,1729004807,1,0,0
z2q0bsds,55,pzg82itx,2,DICE,B_Briefing,1729004811,1,0,0
z2q0bsds,51,mk07pxo7,3,DICE,C_Feed,1729004851,1,0,0
z2q0bsds,56,ruossgtc,0,,InitializeParticipant,1729004851,1,0,0
z2q0bsds,57,j7pfizta,0,,InitializeParticipant,1729004852,1,0,0
z2q0bsds,57,j7pfizta,1,DICE,A_Intro,1729004864,1,0,0
z2q0bsds,54,qwss9m7e,3,DICE,C_Feed,1729004866,1,0,0
z2q0bsds,57,j7pfizta,2,DICE,B_Briefing,1729004867,1,0,0
z2q0bsds,56,ruossgtc,1,DICE,A_Intro,1729004867,1,0,0
z2q0bsds,58,98gu0vga,0,,InitializeParticipant,1729004872,1,0,0
z2q0bsds,47,5bwyl2u8,3,DICE,C_Feed,1729004873,1,0,0
z2q0bsds,59,lykuylfv,0,,InitializeParticipant,1729004877,1,0,0
z2q0bsds,58,98gu0vga,1,DICE,A_Intro,1729004879,1,0,0
z2q0bsds,58,98gu0vga,2,DICE,B_Briefing,1729004882,1,0,0
z2q0bsds,56,ruossgtc,2,DICE,B_Briefing,1729004886,1,0,0
z2q0bsds,60,k7wwsuta,0,,InitializeParticipant,1729004910,1,0,0
z2q0bsds,61,7vzjjpno,0,,InitializeParticipant,1729004914,1,0,0
z2q0bsds,53,8kfy04es,3,DICE,C_Feed,1729004914,1,0,0
z2q0bsds,62,uef1qmxq,0,,InitializeParticipant,1729004918,1,0,0
z2q0bsds,52,qcsx7mx7,3,DICE,C_Feed,1729004919,1,0,0
z2q0bsds,63,w0euh5tm,0,,InitializeParticipant,1729004921,1,0,0
z2q0bsds,61,7vzjjpno,1,DICE,A_Intro,1729004925,1,0,0
z2q0bsds,62,uef1qmxq,1,DICE,A_Intro,1729004928,1,0,0
z2q0bsds,59,lykuylfv,1,DICE,A_Intro,1729004929,1,0,0
z2q0bsds,59,lykuylfv,2,DICE,B_Briefing,1729004932,1,0,0
z2q0bsds,62,uef1qmxq,2,DICE,B_Briefing,1729004935,1,0,0
z2q0bsds,64,3zonyxm7,0,,InitializeParticipant,1729004937,1,0,0
z2q0bsds,46,i4l07yd2,3,DICE,C_Feed,1729004939,1,0,0
z2q0bsds,61,7vzjjpno,2,DICE,B_Briefing,1729004941,1,0,0
z2q0bsds,57,j7pfizta,3,DICE,C_Feed,1729004941,1,0,0
z2q0bsds,64,3zonyxm7,1,DICE,A_Intro,1729004942,1,0,0
z2q0bsds,65,yuak44or,0,,InitializeParticipant,1729004951,1,0,0
z2q0bsds,64,3zonyxm7,2,DICE,B_Briefing,1729004956,1,0,0
z2q0bsds,66,628y3g16,0,,InitializeParticipant,1729004957,1,0,0
z2q0bsds,65,yuak44or,1,DICE,A_Intro,1729004965,1,0,0
z2q0bsds,66,628y3g16,1,DICE,A_Intro,1729004968,1,0,0
z2q0bsds,49,9gdedfja,3,DICE,C_Feed,1729004974,1,0,0
z2q0bsds,65,yuak44or,2,DICE,B_Briefing,1729004980,1,0,0
z2q0bsds,66,628y3g16,2,DICE,B_Briefing,1729004980,1,0,0
z2q0bsds,63,w0euh5tm,1,DICE,A_Intro,1729004986,1,0,0
z2q0bsds,67,b2bvlecy,0,,InitializeParticipant,1729004988,1,0,0
z2q0bsds,68,47kkvvbd,0,,InitializeParticipant,1729004990,1,0,0
z2q0bsds,67,b2bvlecy,1,DICE,A_Intro,1729004993,1,0,0
z2q0bsds,68,47kkvvbd,1,DICE,A_Intro,1729004996,1,0,0
z2q0bsds,69,2yet3bdz,0,,InitializeParticipant,1729005000,1,0,0
z2q0bsds,67,b2bvlecy,2,DICE,B_Briefing,1729005000,1,0,0
z2q0bsds,70,df6ef09f,0,,InitializeParticipant,1729005000,1,0,0
z2q0bsds,69,2yet3bdz,1,DICE,A_Intro,1729005004,1,0,0
z2q0bsds,68,47kkvvbd,2,DICE,B_Briefing,1729005005,1,0,0
z2q0bsds,69,2yet3bdz,2,DICE,B_Briefing,1729005006,1,0,0
z2q0bsds,70,df6ef09f,1,DICE,A_Intro,1729005006,1,0,0
z2q0bsds,71,ac2cmyud,0,,InitializeParticipant,1729005013,1,0,0
z2q0bsds,72,qw46jl1r,0,,InitializeParticipant,1729005013,1,0,0
z2q0bsds,55,pzg82itx,3,DICE,C_Feed,1729005014,1,0,0
z2q0bsds,73,9m9mskhe,0,,InitializeParticipant,1729005015,1,0,0
z2q0bsds,74,cbdgh2e8,0,,InitializeParticipant,1729005015,1,0,0
z2q0bsds,70,df6ef09f,2,DICE,B_Briefing,1729005016,1,0,0
z2q0bsds,75,2z0m4qnr,0,,InitializeParticipant,1729005016,1,0,0
z2q0bsds,71,ac2cmyud,1,DICE,A_Intro,1729005019,1,0,0
z2q0bsds,72,qw46jl1r,1,DICE,A_Intro,1729005019,1,0,0
z2q0bsds,71,ac2cmyud,2,DICE,B_Briefing,1729005021,1,0,0
z2q0bsds,72,qw46jl1r,2,DICE,B_Briefing,1729005022,1,0,0
z2q0bsds,75,2z0m4qnr,1,DICE,A_Intro,1729005022,1,0,0
z2q0bsds,76,4jm1b3m4,0,,InitializeParticipant,1729005024,1,0,0
z2q0bsds,73,9m9mskhe,1,DICE,A_Intro,1729005025,1,0,0
z2q0bsds,77,gaztgwin,0,,InitializeParticipant,1729005025,1,0,0
z2q0bsds,63,w0euh5tm,2,DICE,B_Briefing,1729005026,1,0,0
z2q0bsds,75,2z0m4qnr,2,DICE,B_Briefing,1729005026,1,0,0
z2q0bsds,77,gaztgwin,1,DICE,A_Intro,1729005029,1,0,0
z2q0bsds,78,qc7q33sh,0,,InitializeParticipant,1729005034,1,0,0
z2q0bsds,73,9m9mskhe,2,DICE,B_Briefing,1729005034,1,0,0
z2q0bsds,76,4jm1b3m4,1,DICE,A_Intro,1729005034,1,0,0
z2q0bsds,79,bp6dqaq1,0,,InitializeParticipant,1729005034,1,0,0
z2q0bsds,80,p2u9lj5p,0,,InitializeParticipant,1729005035,1,0,0
z2q0bsds,77,gaztgwin,2,DICE,B_Briefing,1729005037,1,0,0
z2q0bsds,79,bp6dqaq1,1,DICE,A_Intro,1729005038,1,0,0
z2q0bsds,80,p2u9lj5p,1,DICE,A_Intro,1729005041,1,0,0
z2q0bsds,79,bp6dqaq1,2,DICE,B_Briefing,1729005041,1,0,0
z2q0bsds,81,fn1x7saw,0,,InitializeParticipant,1729005044,1,0,0
z2q0bsds,78,qc7q33sh,1,DICE,A_Intro,1729005045,1,0,0
z2q0bsds,78,qc7q33sh,2,DICE,B_Briefing,1729005047,1,0,0
z2q0bsds,50,qk0ztrjf,3,DICE,C_Feed,1729005049,1,0,0
z2q0bsds,76,4jm1b3m4,2,DICE,B_Briefing,1729005051,1,0,0
z2q0bsds,82,u3t7ex16,0,,InitializeParticipant,1729005054,1,0,0
z2q0bsds,69,2yet3bdz,3,DICE,C_Feed,1729005056,1,0,0
z2q0bsds,83,urp55of4,0,,InitializeParticipant,1729005061,1,0,0
z2q0bsds,84,ya3lo1s5,0,,InitializeParticipant,1729005061,1,0,0
z2q0bsds,85,pq4anvzi,0,,InitializeParticipant,1729005061,1,0,0
z2q0bsds,80,p2u9lj5p,2,DICE,B_Briefing,1729005063,1,0,0
z2q0bsds,82,u3t7ex16,1,DICE,A_Intro,1729005063,1,0,0
z2q0bsds,81,fn1x7saw,1,DICE,A_Intro,1729005064,1,0,0
z2q0bsds,85,pq4anvzi,1,DICE,A_Intro,1729005066,1,0,0
z2q0bsds,84,ya3lo1s5,1,DICE,A_Intro,1729005067,1,0,0
z2q0bsds,81,fn1x7saw,2,DICE,B_Briefing,1729005070,1,0,0
z2q0bsds,83,urp55of4,1,DICE,A_Intro,1729005070,1,0,0
z2q0bsds,82,u3t7ex16,2,DICE,B_Briefing,1729005075,1,0,0
z2q0bsds,85,pq4anvzi,2,DICE,B_Briefing,1729005078,1,0,0
z2q0bsds,75,2z0m4qnr,3,DICE,C_Feed,1729005080,1,0,0
z2q0bsds,86,88xz8gih,0,,InitializeParticipant,1729005080,1,0,0
z2q0bsds,84,ya3lo1s5,2,DICE,B_Briefing,1729005080,1,0,0
z2q0bsds,83,urp55of4,2,DICE,B_Briefing,1729005082,1,0,0
z2q0bsds,86,88xz8gih,1,DICE,A_Intro,1729005086,1,0,0
z2q0bsds,87,6v3gygla,0,,InitializeParticipant,1729005086,1,0,0
z2q0bsds,86,88xz8gih,2,DICE,B_Briefing,1729005094,1,0,0
z2q0bsds,61,7vzjjpno,3,DICE,C_Feed,1729005094,1,0,0
z2q0bsds,88,gnvojk36,0,,InitializeParticipant,1729005095,1,0,0
z2q0bsds,87,6v3gygla,1,DICE,A_Intro,1729005097,1,0,0
z2q0bsds,87,6v3gygla,2,DICE,B_Briefing,1729005100,1,0,0
z2q0bsds,78,qc7q33sh,3,DICE,C_Feed,1729005103,1,0,0
z2q0bsds,74,cbdgh2e8,1,DICE,A_Intro,1729005104,1,0,0
z2q0bsds,88,gnvojk36,1,DICE,A_Intro,1729005107,1,0,0
z2q0bsds,71,ac2cmyud,3,DICE,C_Feed,1729005109,1,0,0
z2q0bsds,74,cbdgh2e8,2,DICE,B_Briefing,1729005111,1,0,0
z2q0bsds,43,umvjnqmr,3,DICE,C_Feed,1729005122,1,0,0
z2q0bsds,59,lykuylfv,3,DICE,C_Feed,1729005127,1,0,0
z2q0bsds,62,uef1qmxq,3,DICE,C_Feed,1729005127,1,0,0
z2q0bsds,64,3zonyxm7,3,DICE,C_Feed,1729005129,1,0,0
z2q0bsds,56,ruossgtc,3,DICE,C_Feed,1729005139,1,0,0
z2q0bsds,72,qw46jl1r,3,DICE,C_Feed,1729005146,1,0,0
z2q0bsds,89,a4aduk4o,0,,InitializeParticipant,1729005158,1,0,0
z2q0bsds,88,gnvojk36,2,DICE,B_Briefing,1729005163,1,0,0
z2q0bsds,89,a4aduk4o,1,DICE,A_Intro,1729005165,1,0,0
z2q0bsds,67,b2bvlecy,3,DICE,C_Feed,1729005166,1,0,0
z2q0bsds,35,gcdvsqh9,3,DICE,C_Feed,1729005174,1,0,0
z2q0bsds,74,cbdgh2e8,3,DICE,C_Feed,1729005175,1,0,0
z2q0bsds,89,a4aduk4o,2,DICE,B_Briefing,1729005175,1,0,0
z2q0bsds,90,6q0ls8yp,0,,InitializeParticipant,1729005183,1,0,0
z2q0bsds,63,w0euh5tm,3,DICE,C_Feed,1729005187,1,0,0
z2q0bsds,90,6q0ls8yp,1,DICE,A_Intro,1729005188,1,0,0
z2q0bsds,90,6q0ls8yp,2,DICE,B_Briefing,1729005189,1,0,0
z2q0bsds,73,9m9mskhe,3,DICE,C_Feed,1729005194,1,0,0
z2q0bsds,70,df6ef09f,3,DICE,C_Feed,1729005194,1,0,0
z2q0bsds,86,88xz8gih,3,DICE,C_Feed,1729005196,1,0,0
z2q0bsds,91,ek03016u,0,,InitializeParticipant,1729005198,1,0,0
z2q0bsds,92,0shtlvxk,0,,InitializeParticipant,1729005205,1,0,0
z2q0bsds,93,msmc7lhq,0,,InitializeParticipant,1729005206,1,0,0
z2q0bsds,88,gnvojk36,3,DICE,C_Feed,1729005207,1,0,0
z2q0bsds,94,jw2gc82s,0,,InitializeParticipant,1729005209,1,0,0
z2q0bsds,79,bp6dqaq1,3,DICE,C_Feed,1729005209,1,0,0
z2q0bsds,91,ek03016u,1,DICE,A_Intro,1729005210,1,0,0
z2q0bsds,92,0shtlvxk,1,DICE,A_Intro,1729005210,1,0,0
z2q0bsds,87,6v3gygla,3,DICE,C_Feed,1729005212,1,0,0
z2q0bsds,93,msmc7lhq,1,DICE,A_Intro,1729005212,1,0,0
z2q0bsds,92,0shtlvxk,2,DICE,B_Briefing,1729005215,1,0,0
z2q0bsds,91,ek03016u,2,DICE,B_Briefing,1729005217,1,0,0
z2q0bsds,58,98gu0vga,3,DICE,C_Feed,1729005218,1,0,0
z2q0bsds,93,msmc7lhq,2,DICE,B_Briefing,1729005219,1,0,0
z2q0bsds,68,47kkvvbd,3,DICE,C_Feed,1729005220,1,0,0
z2q0bsds,85,pq4anvzi,3,DICE,C_Feed,1729005222,1,0,0
z2q0bsds,94,jw2gc82s,1,DICE,A_Intro,1729005226,1,0,0
z2q0bsds,65,yuak44or,3,DICE,C_Feed,1729005227,1,0,0
z2q0bsds,95,74cyrf82,0,,InitializeParticipant,1729005228,1,0,0
z2q0bsds,94,jw2gc82s,2,DICE,B_Briefing,1729005230,1,0,0
z2q0bsds,95,74cyrf82,1,DICE,A_Intro,1729005234,1,0,0
z2q0bsds,84,ya3lo1s5,3,DICE,C_Feed,1729005241,1,0,0
z2q0bsds,95,74cyrf82,2,DICE,B_Briefing,1729005242,1,0,0
z2q0bsds,96,wretmrkx,0,,InitializeParticipant,1729005246,1,0,0
z2q0bsds,97,cc0viimt,0,,InitializeParticipant,1729005247,1,0,0
z2q0bsds,97,cc0viimt,1,DICE,A_Intro,1729005255,1,0,0
z2q0bsds,97,cc0viimt,2,DICE,B_Briefing,1729005257,1,0,0
z2q0bsds,83,urp55of4,3,DICE,C_Feed,1729005259,1,0,0
z2q0bsds,96,wretmrkx,1,DICE,A_Intro,1729005261,1,0,0
z2q0bsds,98,y83xguto,0,,InitializeParticipant,1729005262,1,0,0
z2q0bsds,98,y83xguto,1,DICE,A_Intro,1729005269,1,0,0
z2q0bsds,96,wretmrkx,2,DICE,B_Briefing,1729005271,1,0,0
z2q0bsds,92,0shtlvxk,3,DICE,C_Feed,1729005273,1,0,0
z2q0bsds,98,y83xguto,2,DICE,B_Briefing,1729005273,1,0,0
z2q0bsds,99,aencjtv1,0,,InitializeParticipant,1729005274,1,0,0
z2q0bsds,80,p2u9lj5p,3,DICE,C_Feed,1729005276,1,0,0
z2q0bsds,100,plv2tvxu,0,,InitializeParticipant,1729005277,1,0,0
z2q0bsds,101,xlsh0i6z,0,,InitializeParticipant,1729005280,1,0,0
z2q0bsds,99,aencjtv1,1,DICE,A_Intro,1729005282,1,0,0
z2q0bsds,66,628y3g16,3,DICE,C_Feed,1729005282,1,0,0
z2q0bsds,102,nq9nnmyx,0,,InitializeParticipant,1729005284,1,0,0
z2q0bsds,100,plv2tvxu,1,DICE,A_Intro,1729005285,1,0,0
z2q0bsds,100,plv2tvxu,2,DICE,B_Briefing,1729005286,1,0,0
z2q0bsds,103,1mu4hfts,0,,InitializeParticipant,1729005286,1,0,0
z2q0bsds,99,aencjtv1,2,DICE,B_Briefing,1729005289,1,0,0
z2q0bsds,102,nq9nnmyx,1,DICE,A_Intro,1729005289,1,0,0
z2q0bsds,101,xlsh0i6z,1,DICE,A_Intro,1729005290,1,0,0
z2q0bsds,102,nq9nnmyx,2,DICE,B_Briefing,1729005292,1,0,0
z2q0bsds,103,1mu4hfts,1,DICE,A_Intro,1729005296,1,0,0
z2q0bsds,104,95nhgm6b,0,,InitializeParticipant,1729005299,1,0,0
z2q0bsds,101,xlsh0i6z,2,DICE,B_Briefing,1729005300,1,0,0
z2q0bsds,103,1mu4hfts,2,DICE,B_Briefing,1729005302,1,0,0
z2q0bsds,90,6q0ls8yp,3,DICE,C_Feed,1729005302,1,0,0
z2q0bsds,105,93czb44w,0,,InitializeParticipant,1729005307,1,0,0
z2q0bsds,106,yurp3sz9,0,,InitializeParticipant,1729005307,1,0,0
z2q0bsds,107,ri9h2v4v,0,,InitializeParticipant,1729005309,1,0,0
z2q0bsds,106,yurp3sz9,1,DICE,A_Intro,1729005313,1,0,0
z2q0bsds,107,ri9h2v4v,1,DICE,A_Intro,1729005313,1,0,0
z2q0bsds,94,jw2gc82s,3,DICE,C_Feed,1729005315,1,0,0
z2q0bsds,107,ri9h2v4v,2,DICE,B_Briefing,1729005316,1,0,0
z2q0bsds,104,95nhgm6b,1,DICE,A_Intro,1729005317,1,0,0
z2q0bsds,106,yurp3sz9,2,DICE,B_Briefing,1729005318,1,0,0
z2q0bsds,95,74cyrf82,3,DICE,C_Feed,1729005326,1,0,0
z2q0bsds,104,95nhgm6b,2,DICE,B_Briefing,1729005330,1,0,0
z2q0bsds,105,93czb44w,1,DICE,A_Intro,1729005331,1,0,0
z2q0bsds,108,q86ouau8,0,,InitializeParticipant,1729005339,1,0,0
z2q0bsds,109,om7y72nq,0,,InitializeParticipant,1729005340,1,0,0
z2q0bsds,110,prj4p990,0,,InitializeParticipant,1729005343,1,0,0
z2q0bsds,105,93czb44w,2,DICE,B_Briefing,1729005344,1,0,0
z2q0bsds,76,4jm1b3m4,3,DICE,C_Feed,1729005345,1,0,0
z2q0bsds,109,om7y72nq,1,DICE,A_Intro,1729005346,1,0,0
z2q0bsds,108,q86ouau8,1,DICE,A_Intro,1729005347,1,0,0
z2q0bsds,109,om7y72nq,2,DICE,B_Briefing,1729005351,1,0,0
z2q0bsds,110,prj4p990,1,DICE,A_Intro,1729005352,1,0,0
z2q0bsds,108,q86ouau8,2,DICE,B_Briefing,1729005354,1,0,0
z2q0bsds,111,t6h5fee0,0,,InitializeParticipant,1729005354,1,0,0
z2q0bsds,81,fn1x7saw,3,DICE,C_Feed,1729005355,1,0,0
z2q0bsds,111,t6h5fee0,1,DICE,A_Intro,1729005359,1,0,0
z2q0bsds,112,fs9axee6,0,,InitializeParticipant,1729005366,1,0,0
z2q0bsds,45,pjq6icoe,1,DICE,A_Intro,1729005370,1,0,0
z2q0bsds,112,fs9axee6,1,DICE,A_Intro,1729005377,1,0,0
z2q0bsds,103,1mu4hfts,3,DICE,C_Feed,1729005381,1,0,0
z2q0bsds,113,x8zl8w73,0,,InitializeParticipant,1729005383,1,0,0
z2q0bsds,114,jlrruf18,0,,InitializeParticipant,1729005385,1,0,0
z2q0bsds,45,pjq6icoe,2,DICE,B_Briefing,1729005387,1,0,0
z2q0bsds,93,msmc7lhq,3,DICE,C_Feed,1729005390,1,0,0
z2q0bsds,115,kd3qd3yx,0,,InitializeParticipant,1729005390,1,0,0
z2q0bsds,113,x8zl8w73,1,DICE,A_Intro,1729005394,1,0,0
z2q0bsds,97,cc0viimt,3,DICE,C_Feed,1729005394,1,0,0
z2q0bsds,113,x8zl8w73,2,DICE,B_Briefing,1729005397,1,0,0
z2q0bsds,111,t6h5fee0,2,DICE,B_Briefing,1729005400,1,0,0
z2q0bsds,115,kd3qd3yx,1,DICE,A_Intro,1729005403,1,0,0
z2q0bsds,115,kd3qd3yx,2,DICE,B_Briefing,1729005407,1,0,0
z2q0bsds,107,ri9h2v4v,3,DICE,C_Feed,1729005410,1,0,0
z2q0bsds,99,aencjtv1,3,DICE,C_Feed,1729005411,1,0,0
z2q0bsds,112,fs9axee6,2,DICE,B_Briefing,1729005411,1,0,0
z2q0bsds,100,plv2tvxu,3,DICE,C_Feed,1729005411,1,0,0
z2q0bsds,101,xlsh0i6z,3,DICE,C_Feed,1729005413,1,0,0
z2q0bsds,116,bfacmbp4,0,,InitializeParticipant,1729005416,1,0,0
z2q0bsds,117,7yev611q,0,,InitializeParticipant,1729005416,1,0,0
z2q0bsds,117,7yev611q,1,DICE,A_Intro,1729005420,1,0,0
z2q0bsds,118,461f6wtw,0,,InitializeParticipant,1729005420,1,0,0
z2q0bsds,119,xd82s5pa,0,,InitializeParticipant,1729005420,1,0,0
z2q0bsds,120,2wkiirfb,0,,InitializeParticipant,1729005421,1,0,0
z2q0bsds,117,7yev611q,2,DICE,B_Briefing,1729005422,1,0,0
z2q0bsds,121,sr1yojvm,0,,InitializeParticipant,1729005428,1,0,0
z2q0bsds,119,xd82s5pa,1,DICE,A_Intro,1729005429,1,0,0
z2q0bsds,116,bfacmbp4,1,DICE,A_Intro,1729005437,1,0,0
z2q0bsds,108,q86ouau8,3,DICE,C_Feed,1729005437,1,0,0
z2q0bsds,120,2wkiirfb,1,DICE,A_Intro,1729005438,1,0,0
z2q0bsds,119,xd82s5pa,2,DICE,B_Briefing,1729005439,1,0,0
z2q0bsds,96,wretmrkx,3,DICE,C_Feed,1729005440,1,0,0
z2q0bsds,120,2wkiirfb,2,DICE,B_Briefing,1729005442,1,0,0
z2q0bsds,60,k7wwsuta,1,DICE,A_Intro,1729005444,1,0,0
z2q0bsds,60,k7wwsuta,2,DICE,B_Briefing,1729005448,1,0,0
z2q0bsds,109,om7y72nq,3,DICE,C_Feed,1729005450,1,0,0
z2q0bsds,122,ukho1bsp,0,,InitializeParticipant,1729005456,1,0,0
z2q0bsds,122,ukho1bsp,1,DICE,A_Intro,1729005465,1,0,0
z2q0bsds,102,nq9nnmyx,3,DICE,C_Feed,1729005465,1,0,0
z2q0bsds,123,orph0631,0,,InitializeParticipant,1729005469,1,0,0
z2q0bsds,116,bfacmbp4,2,DICE,B_Briefing,1729005469,1,0,0
z2q0bsds,98,y83xguto,3,DICE,C_Feed,1729005473,1,0,0
z2q0bsds,124,42av5ckj,0,,InitializeParticipant,1729005474,1,0,0
z2q0bsds,122,ukho1bsp,2,DICE,B_Briefing,1729005476,1,0,0
z2q0bsds,91,ek03016u,3,DICE,C_Feed,1729005477,1,0,0
z2q0bsds,124,42av5ckj,1,DICE,A_Intro,1729005479,1,0,0
z2q0bsds,123,orph0631,1,DICE,A_Intro,1729005480,1,0,0
z2q0bsds,125,yzu1io01,0,,InitializeParticipant,1729005482,1,0,0
z2q0bsds,123,orph0631,2,DICE,B_Briefing,1729005482,1,0,0
z2q0bsds,124,42av5ckj,2,DICE,B_Briefing,1729005483,1,0,0
z2q0bsds,126,54lyxqk6,0,,InitializeParticipant,1729005485,1,0,0
z2q0bsds,127,4r8t3s7z,0,,InitializeParticipant,1729005485,1,0,0
z2q0bsds,125,yzu1io01,1,DICE,A_Intro,1729005488,1,0,0
z2q0bsds,125,yzu1io01,2,DICE,B_Briefing,1729005490,1,0,0
z2q0bsds,128,3hbj5lvu,0,,InitializeParticipant,1729005491,1,0,0
z2q0bsds,129,ul82pw6s,0,,InitializeParticipant,1729005493,1,0,0
z2q0bsds,128,3hbj5lvu,1,DICE,A_Intro,1729005494,1,0,0
z2q0bsds,130,fgczc2sz,0,,InitializeParticipant,1729005496,1,0,0
z2q0bsds,131,7lcu7lpk,0,,InitializeParticipant,1729005502,1,0,0
z2q0bsds,114,jlrruf18,1,DICE,A_Intro,1729005503,1,0,0
z2q0bsds,89,a4aduk4o,3,DICE,C_Feed,1729005504,1,0,0
z2q0bsds,114,jlrruf18,2,DICE,B_Briefing,1729005505,1,0,0
z2q0bsds,128,3hbj5lvu,2,DICE,B_Briefing,1729005509,1,0,0
z2q0bsds,60,k7wwsuta,3,DICE,C_Feed,1729005511,1,0,0
z2q0bsds,130,fgczc2sz,1,DICE,A_Intro,1729005526,1,0,0
z2q0bsds,131,7lcu7lpk,1,DICE,A_Intro,1729005529,1,0,0
z2q0bsds,130,fgczc2sz,2,DICE,B_Briefing,1729005531,1,0,0
z2q0bsds,82,u3t7ex16,3,DICE,C_Feed,1729005531,1,0,0
z2q0bsds,126,54lyxqk6,1,DICE,A_Intro,1729005533,1,0,0
z2q0bsds,126,54lyxqk6,2,DICE,B_Briefing,1729005538,1,0,0
z2q0bsds,115,kd3qd3yx,3,DICE,C_Feed,1729005547,1,0,0
z2q0bsds,132,qg00uini,0,,InitializeParticipant,1729005548,1,0,0
z2q0bsds,133,cdtlnoba,0,,InitializeParticipant,1729005552,1,0,0
z2q0bsds,134,zb1w4j7n,0,,InitializeParticipant,1729005553,1,0,0
z2q0bsds,112,fs9axee6,3,DICE,C_Feed,1729005554,1,0,0
z2q0bsds,133,cdtlnoba,1,DICE,A_Intro,1729005555,1,0,0
z2q0bsds,135,c3fauu5e,0,,InitializeParticipant,1729005557,1,0,0
z2q0bsds,133,cdtlnoba,2,DICE,B_Briefing,1729005557,1,0,0
z2q0bsds,117,7yev611q,3,DICE,C_Feed,1729005558,1,0,0
z2q0bsds,134,zb1w4j7n,1,DICE,A_Intro,1729005559,1,0,0
z2q0bsds,132,qg00uini,1,DICE,A_Intro,1729005561,1,0,0
z2q0bsds,135,c3fauu5e,1,DICE,A_Intro,1729005562,1,0,0
z2q0bsds,135,c3fauu5e,2,DICE,B_Briefing,1729005564,1,0,0
z2q0bsds,132,qg00uini,2,DICE,B_Briefing,1729005564,1,0,0
z2q0bsds,134,zb1w4j7n,2,DICE,B_Briefing,1729005565,1,0,0
z2q0bsds,45,pjq6icoe,3,DICE,C_Feed,1729005567,1,0,0
z2q0bsds,136,lyidwkt0,0,,InitializeParticipant,1729005578,1,0,0
z2q0bsds,125,yzu1io01,3,DICE,C_Feed,1729005579,1,0,0
z2q0bsds,136,lyidwkt0,1,DICE,A_Intro,1729005582,1,0,0
z2q0bsds,120,2wkiirfb,3,DICE,C_Feed,1729005582,1,0,0
z2q0bsds,136,lyidwkt0,2,DICE,B_Briefing,1729005583,1,0,0
z2q0bsds,137,n9nimw0p,0,,InitializeParticipant,1729005590,1,0,0
z2q0bsds,131,7lcu7lpk,2,DICE,B_Briefing,1729005591,1,0,0
z2q0bsds,138,ztbtjaq5,0,,InitializeParticipant,1729005595,1,0,0
z2q0bsds,137,n9nimw0p,1,DICE,A_Intro,1729005595,1,0,0
z2q0bsds,137,n9nimw0p,2,DICE,B_Briefing,1729005597,1,0,0
z2q0bsds,106,yurp3sz9,3,DICE,C_Feed,1729005598,1,0,0
z2q0bsds,139,2ebuj00i,0,,InitializeParticipant,1729005614,1,0,0
z2q0bsds,139,2ebuj00i,1,DICE,A_Intro,1729005618,1,0,0
z2q0bsds,121,sr1yojvm,1,DICE,A_Intro,1729005619,1,0,0
z2q0bsds,123,orph0631,3,DICE,C_Feed,1729005620,1,0,0
z2q0bsds,139,2ebuj00i,2,DICE,B_Briefing,1729005624,1,0,0
z2q0bsds,122,ukho1bsp,3,DICE,C_Feed,1729005628,1,0,0
z2q0bsds,111,t6h5fee0,3,DICE,C_Feed,1729005631,1,0,0
z2q0bsds,128,3hbj5lvu,3,DICE,C_Feed,1729005635,1,0,0
z2q0bsds,124,42av5ckj,3,DICE,C_Feed,1729005656,1,0,0
z2q0bsds,130,fgczc2sz,3,DICE,C_Feed,1729005657,1,0,0
z2q0bsds,114,jlrruf18,3,DICE,C_Feed,1729005660,1,0,0
z2q0bsds,140,plpm7uf5,0,,InitializeParticipant,1729005661,1,0,0
z2q0bsds,141,igewkq2m,0,,InitializeParticipant,1729005662,1,0,0
z2q0bsds,142,1g6ykr79,0,,InitializeParticipant,1729005663,1,0,0
z2q0bsds,143,59ybrm38,0,,InitializeParticipant,1729005664,1,0,0
z2q0bsds,143,59ybrm38,1,DICE,A_Intro,1729005668,1,0,0
z2q0bsds,142,1g6ykr79,1,DICE,A_Intro,1729005668,1,0,0
z2q0bsds,140,plpm7uf5,1,DICE,A_Intro,1729005670,1,0,0
z2q0bsds,141,igewkq2m,1,DICE,A_Intro,1729005670,1,0,0
z2q0bsds,141,igewkq2m,2,DICE,B_Briefing,1729005671,1,0,0
z2q0bsds,140,plpm7uf5,2,DICE,B_Briefing,1729005671,1,0,0
z2q0bsds,143,59ybrm38,2,DICE,B_Briefing,1729005673,1,0,0
z2q0bsds,142,1g6ykr79,2,DICE,B_Briefing,1729005675,1,0,0
z2q0bsds,144,szb5gfrp,0,,InitializeParticipant,1729005678,1,0,0
z2q0bsds,145,omhx3o8y,0,,InitializeParticipant,1729005680,1,0,0
z2q0bsds,134,zb1w4j7n,3,DICE,C_Feed,1729005682,1,0,0
z2q0bsds,146,mv82scl7,0,,InitializeParticipant,1729005684,1,0,0
z2q0bsds,77,gaztgwin,3,DICE,C_Feed,1729005684,1,0,0
z2q0bsds,144,szb5gfrp,1,DICE,A_Intro,1729005685,1,0,0
z2q0bsds,145,omhx3o8y,1,DICE,A_Intro,1729005685,1,0,0
z2q0bsds,146,mv82scl7,1,DICE,A_Intro,1729005688,1,0,0
z2q0bsds,116,bfacmbp4,3,DICE,C_Feed,1729005690,1,0,0
z2q0bsds,135,c3fauu5e,3,DICE,C_Feed,1729005692,1,0,0
z2q0bsds,144,szb5gfrp,2,DICE,B_Briefing,1729005694,1,0,0
z2q0bsds,147,brsnel9t,0,,InitializeParticipant,1729005697,1,0,0
z2q0bsds,133,cdtlnoba,3,DICE,C_Feed,1729005698,1,0,0
z2q0bsds,146,mv82scl7,2,DICE,B_Briefing,1729005701,1,0,0
z2q0bsds,148,bf61jb87,0,,InitializeParticipant,1729005706,1,0,0
z2q0bsds,149,r3ssh97t,0,,InitializeParticipant,1729005710,1,0,0
z2q0bsds,148,bf61jb87,1,DICE,A_Intro,1729005716,1,0,0
z2q0bsds,149,r3ssh97t,1,DICE,A_Intro,1729005717,1,0,0
z2q0bsds,148,bf61jb87,2,DICE,B_Briefing,1729005718,1,0,0
z2q0bsds,149,r3ssh97t,2,DICE,B_Briefing,1729005721,1,0,0
z2q0bsds,150,8lwa6ifk,0,,InitializeParticipant,1729005724,1,0,0
z2q0bsds,151,a4rk6chn,0,,InitializeParticipant,1729005730,1,0,0
z2q0bsds,150,8lwa6ifk,1,DICE,A_Intro,1729005732,1,0,0
z2q0bsds,150,8lwa6ifk,2,DICE,B_Briefing,1729005734,1,0,0
z2q0bsds,119,xd82s5pa,3,DICE,C_Feed,1729005734,1,0,0
z2q0bsds,118,461f6wtw,1,DICE,A_Intro,1729005735,1,0,0
z2q0bsds,138,ztbtjaq5,1,DICE,A_Intro,1729005736,1,0,0
z2q0bsds,138,ztbtjaq5,2,DICE,B_Briefing,1729005741,1,0,0
z2q0bsds,151,a4rk6chn,1,DICE,A_Intro,1729005741,1,0,0
z2q0bsds,118,461f6wtw,2,DICE,B_Briefing,1729005742,1,0,0
z2q0bsds,152,f4ltzafi,0,,InitializeParticipant,1729005742,1,0,0
z2q0bsds,139,2ebuj00i,3,DICE,C_Feed,1729005744,1,0,0
z2q0bsds,151,a4rk6chn,2,DICE,B_Briefing,1729005745,1,0,0
z2q0bsds,153,d2zir76a,0,,InitializeParticipant,1729005751,1,0,0
z2q0bsds,152,f4ltzafi,1,DICE,A_Intro,1729005751,1,0,0
z2q0bsds,152,f4ltzafi,2,DICE,B_Briefing,1729005754,1,0,0
z2q0bsds,153,d2zir76a,1,DICE,A_Intro,1729005755,1,0,0
z2q0bsds,154,92waqeuv,0,,InitializeParticipant,1729005755,1,0,0
z2q0bsds,126,54lyxqk6,3,DICE,C_Feed,1729005757,1,0,0
z2q0bsds,154,92waqeuv,1,DICE,A_Intro,1729005759,1,0,0
z2q0bsds,155,wildtzp3,0,,InitializeParticipant,1729005759,1,0,0
z2q0bsds,153,d2zir76a,2,DICE,B_Briefing,1729005759,1,0,0
z2q0bsds,154,92waqeuv,2,DICE,B_Briefing,1729005763,1,0,0
z2q0bsds,121,sr1yojvm,2,DICE,B_Briefing,1729005764,1,0,0
z2q0bsds,156,yjl9t81v,0,,InitializeParticipant,1729005766,1,0,0
z2q0bsds,156,yjl9t81v,1,DICE,A_Intro,1729005771,1,0,0
z2q0bsds,156,yjl9t81v,2,DICE,B_Briefing,1729005773,1,0,0
z2q0bsds,137,n9nimw0p,3,DICE,C_Feed,1729005773,1,0,0
z2q0bsds,148,bf61jb87,3,DICE,C_Feed,1729005775,1,0,0
z2q0bsds,104,95nhgm6b,3,DICE,C_Feed,1729005777,1,0,0
z2q0bsds,147,brsnel9t,1,DICE,A_Intro,1729005779,1,0,0
z2q0bsds,147,brsnel9t,2,DICE,B_Briefing,1729005780,1,0,0
z2q0bsds,129,ul82pw6s,1,DICE,A_Intro,1729005782,1,0,0
z2q0bsds,127,4r8t3s7z,1,DICE,A_Intro,1729005787,1,0,0
z2q0bsds,157,elbgc96g,0,,InitializeParticipant,1729005794,1,0,0
z2q0bsds,105,93czb44w,3,DICE,C_Feed,1729005800,1,0,0
z2q0bsds,132,qg00uini,3,DICE,C_Feed,1729005800,1,0,0
z2q0bsds,140,plpm7uf5,3,DICE,C_Feed,1729005803,1,0,0
z2q0bsds,143,59ybrm38,3,DICE,C_Feed,1729005807,1,0,0
z2q0bsds,158,x0lyhpxl,0,,InitializeParticipant,1729005808,1,0,0
z2q0bsds,136,lyidwkt0,3,DICE,C_Feed,1729005809,1,0,0
z2q0bsds,141,igewkq2m,3,DICE,C_Feed,1729005811,1,0,0
z2q0bsds,129,ul82pw6s,2,DICE,B_Briefing,1729005816,1,0,0
z2q0bsds,147,brsnel9t,3,DICE,C_Feed,1729005817,1,0,0
z2q0bsds,158,x0lyhpxl,1,DICE,A_Intro,1729005818,1,0,0
z2q0bsds,158,x0lyhpxl,2,DICE,B_Briefing,1729005820,1,0,0
z2q0bsds,152,f4ltzafi,3,DICE,C_Feed,1729005823,1,0,0
z2q0bsds,159,z8uhp7sx,0,,InitializeParticipant,1729005824,1,0,0
z2q0bsds,118,461f6wtw,3,DICE,C_Feed,1729005827,1,0,0
z2q0bsds,159,z8uhp7sx,1,DICE,A_Intro,1729005830,1,0,0
z2q0bsds,159,z8uhp7sx,2,DICE,B_Briefing,1729005839,1,0,0
z2q0bsds,138,ztbtjaq5,3,DICE,C_Feed,1729005852,1,0,0
z2q0bsds,160,mf3gbog9,0,,InitializeParticipant,1729005853,1,0,0
z2q0bsds,154,92waqeuv,3,DICE,C_Feed,1729005855,1,0,0
z2q0bsds,157,elbgc96g,1,DICE,A_Intro,1729005856,1,0,0
z2q0bsds,161,zblaep0h,0,,InitializeParticipant,1729005860,1,0,0
z2q0bsds,144,szb5gfrp,3,DICE,C_Feed,1729005861,1,0,0
z2q0bsds,162,efquy9pa,0,,InitializeParticipant,1729005862,1,0,0
z2q0bsds,160,mf3gbog9,1,DICE,A_Intro,1729005863,1,0,0
z2q0bsds,161,zblaep0h,1,DICE,A_Intro,1729005864,1,0,0
z2q0bsds,162,efquy9pa,1,DICE,A_Intro,1729005866,1,0,0
z2q0bsds,161,zblaep0h,2,DICE,B_Briefing,1729005866,1,0,0
z2q0bsds,163,eiuajay3,0,,InitializeParticipant,1729005867,1,0,0
z2q0bsds,164,k87btcka,0,,InitializeParticipant,1729005868,1,0,0
z2q0bsds,162,efquy9pa,2,DICE,B_Briefing,1729005871,1,0,0
z2q0bsds,165,aapzjjz0,0,,InitializeParticipant,1729005875,1,0,0
z2q0bsds,163,eiuajay3,1,DICE,A_Intro,1729005875,1,0,0
z2q0bsds,164,k87btcka,1,DICE,A_Intro,1729005878,1,0,0
z2q0bsds,157,elbgc96g,2,DICE,B_Briefing,1729005884,1,0,0
z2q0bsds,163,eiuajay3,2,DICE,B_Briefing,1729005885,1,0,0
z2q0bsds,166,26nju4mi,0,,InitializeParticipant,1729005891,1,0,0
z2q0bsds,164,k87btcka,2,DICE,B_Briefing,1729005892,1,0,0
z2q0bsds,165,aapzjjz0,1,DICE,A_Intro,1729005896,1,0,0
z2q0bsds,131,7lcu7lpk,3,DICE,C_Feed,1729005903,1,0,0
z2q0bsds,166,26nju4mi,1,DICE,A_Intro,1729005905,1,0,0
z2q0bsds,142,1g6ykr79,3,DICE,C_Feed,1729005905,1,0,0
z2q0bsds,167,tjksrg7p,0,,InitializeParticipant,1729005907,1,0,0
z2q0bsds,165,aapzjjz0,2,DICE,B_Briefing,1729005909,1,0,0
z2q0bsds,146,mv82scl7,3,DICE,C_Feed,1729005910,1,0,0
z2q0bsds,167,tjksrg7p,1,DICE,A_Intro,1729005911,1,0,0
z2q0bsds,167,tjksrg7p,2,DICE,B_Briefing,1729005914,1,0,0
z2q0bsds,168,218ii9vj,0,,InitializeParticipant,1729005915,1,0,0
z2q0bsds,156,yjl9t81v,3,DICE,C_Feed,1729005925,1,0,0
z2q0bsds,166,26nju4mi,2,DICE,B_Briefing,1729005925,1,0,0
z2q0bsds,168,218ii9vj,1,DICE,A_Intro,1729005928,1,0,0
z2q0bsds,158,x0lyhpxl,3,DICE,C_Feed,1729005930,1,0,0
z2q0bsds,169,igbrvhe7,0,,InitializeParticipant,1729005938,1,0,0
z2q0bsds,170,zqg8nuk8,0,,InitializeParticipant,1729005938,1,0,0
z2q0bsds,153,d2zir76a,3,DICE,C_Feed,1729005939,1,0,0
z2q0bsds,170,zqg8nuk8,1,DICE,A_Intro,1729005943,1,0,0
z2q0bsds,170,zqg8nuk8,2,DICE,B_Briefing,1729005945,1,0,0
z2q0bsds,169,igbrvhe7,1,DICE,A_Intro,1729005950,1,0,0
z2q0bsds,171,02wc7d82,0,,InitializeParticipant,1729005952,1,0,0
z2q0bsds,172,zet0f9i8,0,,InitializeParticipant,1729005958,1,0,0
z2q0bsds,168,218ii9vj,2,DICE,B_Briefing,1729005959,1,0,0
z2q0bsds,173,ffopzyk6,0,,InitializeParticipant,1729005960,1,0,0
z2q0bsds,127,4r8t3s7z,2,DICE,B_Briefing,1729005961,1,0,0
z2q0bsds,169,igbrvhe7,2,DICE,B_Briefing,1729005962,1,0,0
z2q0bsds,162,efquy9pa,3,DICE,C_Feed,1729005966,1,0,0
z2q0bsds,171,02wc7d82,1,DICE,A_Intro,1729005968,1,0,0
z2q0bsds,172,zet0f9i8,1,DICE,A_Intro,1729005969,1,0,0
z2q0bsds,155,wildtzp3,1,DICE,A_Intro,1729005971,1,0,0
z2q0bsds,161,zblaep0h,3,DICE,C_Feed,1729005972,1,0,0
z2q0bsds,172,zet0f9i8,2,DICE,B_Briefing,1729005974,1,0,0
z2q0bsds,171,02wc7d82,2,DICE,B_Briefing,1729005978,1,0,0
z2q0bsds,155,wildtzp3,2,DICE,B_Briefing,1729005984,1,0,0
z2q0bsds,150,8lwa6ifk,3,DICE,C_Feed,1729005985,1,0,0
z2q0bsds,151,a4rk6chn,3,DICE,C_Feed,1729005991,1,0,0
z2q0bsds,174,ekmlw4uo,0,,InitializeParticipant,1729005994,1,0,0
z2q0bsds,170,zqg8nuk8,3,DICE,C_Feed,1729005995,1,0,0
z2q0bsds,175,9k6z4934,0,,InitializeParticipant,1729005997,1,0,0
z2q0bsds,174,ekmlw4uo,1,DICE,A_Intro,1729006000,1,0,0
z2q0bsds,174,ekmlw4uo,2,DICE,B_Briefing,1729006004,1,0,0
z2q0bsds,175,9k6z4934,1,DICE,A_Intro,1729006005,1,0,0
z2q0bsds,121,sr1yojvm,3,DICE,C_Feed,1729006008,1,0,0
z2q0bsds,175,9k6z4934,2,DICE,B_Briefing,1729006012,1,0,0
z2q0bsds,176,gn8u7zlg,0,,InitializeParticipant,1729006014,1,0,0
z2q0bsds,127,4r8t3s7z,3,DICE,C_Feed,1729006016,1,0,0
z2q0bsds,166,26nju4mi,3,DICE,C_Feed,1729006020,1,0,0
z2q0bsds,177,aei8vojw,0,,InitializeParticipant,1729006024,1,0,0
z2q0bsds,176,gn8u7zlg,1,DICE,A_Intro,1729006025,1,0,0
z2q0bsds,176,gn8u7zlg,2,DICE,B_Briefing,1729006027,1,0,0
z2q0bsds,167,tjksrg7p,3,DICE,C_Feed,1729006031,1,0,0
z2q0bsds,177,aei8vojw,1,DICE,A_Intro,1729006031,1,0,0
z2q0bsds,159,z8uhp7sx,3,DICE,C_Feed,1729006039,1,0,0
z2q0bsds,168,218ii9vj,3,DICE,C_Feed,1729006039,1,0,0
z2q0bsds,177,aei8vojw,2,DICE,B_Briefing,1729006039,1,0,0
z2q0bsds,178,h9ql0onv,0,,InitializeParticipant,1729006044,1,0,0
z2q0bsds,179,7me4whyo,0,,InitializeParticipant,1729006048,1,0,0
z2q0bsds,180,uyb1drwy,0,,InitializeParticipant,1729006048,1,0,0
z2q0bsds,163,eiuajay3,3,DICE,C_Feed,1729006052,1,0,0
z2q0bsds,180,uyb1drwy,1,DICE,A_Intro,1729006057,1,0,0
z2q0bsds,179,7me4whyo,1,DICE,A_Intro,1729006058,1,0,0
z2q0bsds,178,h9ql0onv,1,DICE,A_Intro,1729006059,1,0,0
z2q0bsds,180,uyb1drwy,2,DICE,B_Briefing,1729006063,1,0,0
z2q0bsds,179,7me4whyo,2,DICE,B_Briefing,1729006070,1,0,0
z2q0bsds,181,vew826u1,0,,InitializeParticipant,1729006074,1,0,0
z2q0bsds,181,vew826u1,1,DICE,A_Intro,1729006080,1,0,0
z2q0bsds,181,vew826u1,2,DICE,B_Briefing,1729006083,1,0,0
z2q0bsds,182,yqktpynp,0,,InitializeParticipant,1729006083,1,0,0
z2q0bsds,178,h9ql0onv,2,DICE,B_Briefing,1729006085,1,0,0
z2q0bsds,183,egyiazq6,0,,InitializeParticipant,1729006088,1,0,0
z2q0bsds,184,q98fz3gz,0,,InitializeParticipant,1729006088,1,0,0
z2q0bsds,182,yqktpynp,1,DICE,A_Intro,1729006091,1,0,0
z2q0bsds,182,yqktpynp,2,DICE,B_Briefing,1729006094,1,0,0
z2q0bsds,184,q98fz3gz,1,DICE,A_Intro,1729006096,1,0,0
z2q0bsds,184,q98fz3gz,2,DICE,B_Briefing,1729006101,1,0,0
z2q0bsds,185,04ei9b54,0,,InitializeParticipant,1729006115,1,0,0
z2q0bsds,185,04ei9b54,1,DICE,A_Intro,1729006120,1,0,0
z2q0bsds,173,ffopzyk6,1,DICE,A_Intro,1729006120,1,0,0
z2q0bsds,175,9k6z4934,3,DICE,C_Feed,1729006121,1,0,0
z2q0bsds,185,04ei9b54,2,DICE,B_Briefing,1729006121,1,0,0
z2q0bsds,171,02wc7d82,3,DICE,C_Feed,1729006121,1,0,0
z2q0bsds,160,mf3gbog9,2,DICE,B_Briefing,1729006124,1,0,0
z2q0bsds,157,elbgc96g,3,DICE,C_Feed,1729006124,1,0,0
z2q0bsds,186,5amkjn5r,0,,InitializeParticipant,1729006125,1,0,0
z2q0bsds,173,ffopzyk6,2,DICE,B_Briefing,1729006126,1,0,0
z2q0bsds,172,zet0f9i8,3,DICE,C_Feed,1729006126,1,0,0
z2q0bsds,187,2z35qxen,0,,InitializeParticipant,1729006129,1,0,0
z2q0bsds,186,5amkjn5r,1,DICE,A_Intro,1729006130,1,0,0
z2q0bsds,183,egyiazq6,1,DICE,A_Intro,1729006130,1,0,0
z2q0bsds,186,5amkjn5r,2,DICE,B_Briefing,1729006131,1,0,0
z2q0bsds,183,egyiazq6,2,DICE,B_Briefing,1729006132,1,0,0
z2q0bsds,188,ecif676w,0,,InitializeParticipant,1729006146,1,0,0
z2q0bsds,188,ecif676w,1,DICE,A_Intro,1729006151,1,0,0
z2q0bsds,174,ekmlw4uo,3,DICE,C_Feed,1729006153,1,0,0
z2q0bsds,188,ecif676w,2,DICE,B_Briefing,1729006155,1,0,0
z2q0bsds,169,igbrvhe7,3,DICE,C_Feed,1729006158,1,0,0
z2q0bsds,177,aei8vojw,3,DICE,C_Feed,1729006172,1,0,0
z2q0bsds,189,vg28sfqt,0,,InitializeParticipant,1729006175,1,0,0
z2q0bsds,160,mf3gbog9,3,DICE,C_Feed,1729006178,1,0,0
z2q0bsds,190,tvr3lp6p,0,,InitializeParticipant,1729006180,1,0,0
z2q0bsds,185,04ei9b54,3,DICE,C_Feed,1729006181,1,0,0
z2q0bsds,189,vg28sfqt,1,DICE,A_Intro,1729006185,1,0,0
z2q0bsds,191,nkyf0frv,0,,InitializeParticipant,1729006187,1,0,0
z2q0bsds,180,uyb1drwy,3,DICE,C_Feed,1729006194,1,0,0
z2q0bsds,189,vg28sfqt,2,DICE,B_Briefing,1729006202,1,0,0
z2q0bsds,192,wibfw7ul,0,,InitializeParticipant,1729006202,1,0,0
z2q0bsds,129,ul82pw6s,3,DICE,C_Feed,1729006203,1,0,0
z2q0bsds,149,r3ssh97t,3,DICE,C_Feed,1729006206,1,0,0
z2q0bsds,192,wibfw7ul,1,DICE,A_Intro,1729006206,1,0,0
z2q0bsds,164,k87btcka,3,DICE,C_Feed,1729006207,1,0,0
z2q0bsds,192,wibfw7ul,2,DICE,B_Briefing,1729006212,1,0,0
z2q0bsds,191,nkyf0frv,1,DICE,A_Intro,1729006213,1,0,0
z2q0bsds,191,nkyf0frv,2,DICE,B_Briefing,1729006218,1,0,0
z2q0bsds,179,7me4whyo,3,DICE,C_Feed,1729006222,1,0,0
z2q0bsds,188,ecif676w,3,DICE,C_Feed,1729006223,1,0,0
z2q0bsds,155,wildtzp3,3,DICE,C_Feed,1729006229,1,0,0
z2q0bsds,165,aapzjjz0,3,DICE,C_Feed,1729006233,1,0,0
z2q0bsds,193,p00zkv6b,0,,InitializeParticipant,1729006233,1,0,0
z2q0bsds,182,yqktpynp,3,DICE,C_Feed,1729006235,1,0,0
z2q0bsds,194,qirw88dv,0,,InitializeParticipant,1729006236,1,0,0
z2q0bsds,193,p00zkv6b,1,DICE,A_Intro,1729006239,1,0,0
z2q0bsds,194,qirw88dv,1,DICE,A_Intro,1729006240,1,0,0
z2q0bsds,194,qirw88dv,2,DICE,B_Briefing,1729006242,1,0,0
z2q0bsds,193,p00zkv6b,2,DICE,B_Briefing,1729006243,1,0,0
z2q0bsds,195,s2pwfg8f,0,,InitializeParticipant,1729006245,1,0,0
z2q0bsds,181,vew826u1,3,DICE,C_Feed,1729006247,1,0,0
z2q0bsds,196,d4w9jhue,0,,InitializeParticipant,1729006252,1,0,0
z2q0bsds,195,s2pwfg8f,1,DICE,A_Intro,1729006254,1,0,0
z2q0bsds,197,i0dj9nel,0,,InitializeParticipant,1729006257,1,0,0
z2q0bsds,195,s2pwfg8f,2,DICE,B_Briefing,1729006262,1,0,0
z2q0bsds,192,wibfw7ul,3,DICE,C_Feed,1729006263,1,0,0
z2q0bsds,197,i0dj9nel,1,DICE,A_Intro,1729006265,1,0,0
z2q0bsds,196,d4w9jhue,1,DICE,A_Intro,1729006265,1,0,0
z2q0bsds,198,ekje77lk,0,,InitializeParticipant,1729006269,1,0,0
z2q0bsds,196,d4w9jhue,2,DICE,B_Briefing,1729006273,1,0,0
z2q0bsds,197,i0dj9nel,2,DICE,B_Briefing,1729006273,1,0,0
z2q0bsds,199,flmu3iyi,0,,InitializeParticipant,1729006276,1,0,0
z2q0bsds,190,tvr3lp6p,1,DICE,A_Intro,1729006278,1,0,0
z2q0bsds,198,ekje77lk,1,DICE,A_Intro,1729006280,1,0,0
z2q0bsds,200,mpsrdvo8,0,,InitializeParticipant,1729006281,1,0,0
z2q0bsds,199,flmu3iyi,1,DICE,A_Intro,1729006284,1,0,0
z2q0bsds,184,q98fz3gz,3,DICE,C_Feed,1729006290,1,0,0
z2q0bsds,190,tvr3lp6p,2,DICE,B_Briefing,1729006291,1,0,0
z2q0bsds,199,flmu3iyi,2,DICE,B_Briefing,1729006292,1,0,0
z2q0bsds,201,m8hzxtsq,0,,InitializeParticipant,1729006293,1,0,0
z2q0bsds,202,qt5tstva,0,,InitializeParticipant,1729006294,1,0,0
z2q0bsds,203,eaap7vx7,0,,InitializeParticipant,1729006297,1,0,0
z2q0bsds,200,mpsrdvo8,1,DICE,A_Intro,1729006297,1,0,0
z2q0bsds,202,qt5tstva,1,DICE,A_Intro,1729006298,1,0,0
z2q0bsds,200,mpsrdvo8,2,DICE,B_Briefing,1729006298,1,0,0
z2q0bsds,201,m8hzxtsq,1,DICE,A_Intro,1729006300,1,0,0
z2q0bsds,202,qt5tstva,2,DICE,B_Briefing,1729006301,1,0,0
z2q0bsds,203,eaap7vx7,1,DICE,A_Intro,1729006303,1,0,0
z2q0bsds,187,2z35qxen,1,DICE,A_Intro,1729006303,1,0,0
z2q0bsds,187,2z35qxen,2,DICE,B_Briefing,1729006309,1,0,0
z2q0bsds,204,75t1ep5e,0,,InitializeParticipant,1729006311,1,0,0
z2q0bsds,201,m8hzxtsq,2,DICE,B_Briefing,1729006316,1,0,0
z2q0bsds,204,75t1ep5e,1,DICE,A_Intro,1729006319,1,0,0
z2q0bsds,173,ffopzyk6,3,DICE,C_Feed,1729006323,1,0,0
z2q0bsds,145,omhx3o8y,2,DICE,B_Briefing,1729006325,1,0,0
z2q0bsds,205,i8bevt9l,0,,InitializeParticipant,1729006329,1,0,0
z2q0bsds,206,ronltibx,0,,InitializeParticipant,1729006331,1,0,0
z2q0bsds,186,5amkjn5r,3,DICE,C_Feed,1729006332,1,0,0
z2q0bsds,204,75t1ep5e,2,DICE,B_Briefing,1729006333,1,0,0
z2q0bsds,205,i8bevt9l,1,DICE,A_Intro,1729006333,1,0,0
z2q0bsds,203,eaap7vx7,2,DICE,B_Briefing,1729006334,1,0,0
z2q0bsds,205,i8bevt9l,2,DICE,B_Briefing,1729006334,1,0,0
z2q0bsds,206,ronltibx,1,DICE,A_Intro,1729006336,1,0,0
z2q0bsds,191,nkyf0frv,3,DICE,C_Feed,1729006336,1,0,0
z2q0bsds,206,ronltibx,2,DICE,B_Briefing,1729006339,1,0,0
z2q0bsds,207,0ck3nhpp,0,,InitializeParticipant,1729006343,1,0,0
z2q0bsds,208,3pxqjuwz,0,,InitializeParticipant,1729006349,1,0,0
z2q0bsds,190,tvr3lp6p,3,DICE,C_Feed,1729006351,1,0,0
z2q0bsds,207,0ck3nhpp,1,DICE,A_Intro,1729006351,1,0,0
z2q0bsds,208,3pxqjuwz,1,DICE,A_Intro,1729006355,1,0,0
z2q0bsds,209,bkbo2o4b,0,,InitializeParticipant,1729006358,1,0,0
z2q0bsds,198,ekje77lk,2,DICE,B_Briefing,1729006359,1,0,0
z2q0bsds,208,3pxqjuwz,2,DICE,B_Briefing,1729006363,1,0,0
z2q0bsds,207,0ck3nhpp,2,DICE,B_Briefing,1729006363,1,0,0
z2q0bsds,209,bkbo2o4b,1,DICE,A_Intro,1729006368,1,0,0
z2q0bsds,209,bkbo2o4b,2,DICE,B_Briefing,1729006370,1,0,0
z2q0bsds,199,flmu3iyi,3,DICE,C_Feed,1729006371,1,0,0
z2q0bsds,210,yvizsr0n,0,,InitializeParticipant,1729006375,1,0,0
z2q0bsds,200,mpsrdvo8,3,DICE,C_Feed,1729006377,1,0,0
z2q0bsds,211,jnzuhgns,0,,InitializeParticipant,1729006381,1,0,0
z2q0bsds,210,yvizsr0n,1,DICE,A_Intro,1729006383,1,0,0
z2q0bsds,210,yvizsr0n,2,DICE,B_Briefing,1729006394,1,0,0
z2q0bsds,202,qt5tstva,3,DICE,C_Feed,1729006403,1,0,0
z2q0bsds,197,i0dj9nel,3,DICE,C_Feed,1729006403,1,0,0
z2q0bsds,212,pp5j5vsz,0,,InitializeParticipant,1729006410,1,0,0
z2q0bsds,212,pp5j5vsz,1,DICE,A_Intro,1729006415,1,0,0
z2q0bsds,205,i8bevt9l,3,DICE,C_Feed,1729006418,1,0,0
z2q0bsds,213,17p1572j,0,,InitializeParticipant,1729006419,1,0,0
z2q0bsds,211,jnzuhgns,1,DICE,A_Intro,1729006419,1,0,0
z2q0bsds,212,pp5j5vsz,2,DICE,B_Briefing,1729006423,1,0,0
z2q0bsds,178,h9ql0onv,3,DICE,C_Feed,1729006427,1,0,0
z2q0bsds,145,omhx3o8y,3,DICE,C_Feed,1729006428,1,0,0
z2q0bsds,187,2z35qxen,3,DICE,C_Feed,1729006433,1,0,0
z2q0bsds,189,vg28sfqt,3,DICE,C_Feed,1729006441,1,0,0
z2q0bsds,193,p00zkv6b,3,DICE,C_Feed,1729006443,1,0,0
z2q0bsds,211,jnzuhgns,2,DICE,B_Briefing,1729006446,1,0,0
z2q0bsds,213,17p1572j,1,DICE,A_Intro,1729006447,1,0,0
z2q0bsds,214,tce7vy4h,0,,InitializeParticipant,1729006448,1,0,0
z2q0bsds,215,4lrfyjq4,0,,InitializeParticipant,1729006449,1,0,0
z2q0bsds,194,qirw88dv,3,DICE,C_Feed,1729006453,1,0,0
z2q0bsds,215,4lrfyjq4,1,DICE,A_Intro,1729006455,1,0,0
z2q0bsds,216,4jj61drb,0,,InitializeParticipant,1729006457,1,0,0
z2q0bsds,215,4lrfyjq4,2,DICE,B_Briefing,1729006457,1,0,0
z2q0bsds,217,o2klvbhl,0,,InitializeParticipant,1729006459,1,0,0
z2q0bsds,214,tce7vy4h,1,DICE,A_Intro,1729006460,1,0,0
z2q0bsds,213,17p1572j,2,DICE,B_Briefing,1729006463,1,0,0
z2q0bsds,216,4jj61drb,1,DICE,A_Intro,1729006466,1,0,0
z2q0bsds,218,vzfz9f66,0,,InitializeParticipant,1729006466,1,0,0
z2q0bsds,217,o2klvbhl,1,DICE,A_Intro,1729006467,1,0,0
z2q0bsds,216,4jj61drb,2,DICE,B_Briefing,1729006468,1,0,0
z2q0bsds,214,tce7vy4h,2,DICE,B_Briefing,1729006470,1,0,0
z2q0bsds,196,d4w9jhue,3,DICE,C_Feed,1729006471,1,0,0
z2q0bsds,218,vzfz9f66,1,DICE,A_Intro,1729006472,1,0,0
z2q0bsds,219,m1ldfce5,0,,InitializeParticipant,1729006474,1,0,0
z2q0bsds,210,yvizsr0n,3,DICE,C_Feed,1729006475,1,0,0
z2q0bsds,217,o2klvbhl,2,DICE,B_Briefing,1729006477,1,0,0
z2q0bsds,220,mqpi08p5,0,,InitializeParticipant,1729006477,1,0,0
z2q0bsds,198,ekje77lk,3,DICE,C_Feed,1729006478,1,0,0
z2q0bsds,221,0yjbmvp5,0,,InitializeParticipant,1729006479,1,0,0
z2q0bsds,220,mqpi08p5,1,DICE,A_Intro,1729006485,1,0,0
z2q0bsds,219,m1ldfce5,1,DICE,A_Intro,1729006487,1,0,0
z2q0bsds,220,mqpi08p5,2,DICE,B_Briefing,1729006489,1,0,0
z2q0bsds,221,0yjbmvp5,1,DICE,A_Intro,1729006490,1,0,0
z2q0bsds,195,s2pwfg8f,3,DICE,C_Feed,1729006493,1,0,0
z2q0bsds,218,vzfz9f66,2,DICE,B_Briefing,1729006496,1,0,0
z2q0bsds,222,9ms4q6au,0,,InitializeParticipant,1729006496,1,0,0
z2q0bsds,204,75t1ep5e,3,DICE,C_Feed,1729006501,1,0,0
z2q0bsds,223,l7gl7pyw,0,,InitializeParticipant,1729006504,1,0,0
z2q0bsds,219,m1ldfce5,2,DICE,B_Briefing,1729006504,1,0,0
z2q0bsds,221,0yjbmvp5,2,DICE,B_Briefing,1729006505,1,0,0
z2q0bsds,222,9ms4q6au,1,DICE,A_Intro,1729006509,1,0,0
z2q0bsds,215,4lrfyjq4,3,DICE,C_Feed,1729006510,1,0,0
z2q0bsds,223,l7gl7pyw,1,DICE,A_Intro,1729006511,1,0,0
z2q0bsds,212,pp5j5vsz,3,DICE,C_Feed,1729006511,1,0,0
z2q0bsds,223,l7gl7pyw,2,DICE,B_Briefing,1729006514,1,0,0
z2q0bsds,224,bfha4zg8,0,,InitializeParticipant,1729006515,1,0,0
z2q0bsds,225,65vm3t1g,0,,InitializeParticipant,1729006523,1,0,0
z2q0bsds,225,65vm3t1g,1,DICE,A_Intro,1729006527,1,0,0
z2q0bsds,225,65vm3t1g,2,DICE,B_Briefing,1729006528,1,0,0
z2q0bsds,224,bfha4zg8,1,DICE,A_Intro,1729006528,1,0,0
z2q0bsds,226,1zewljhx,0,,InitializeParticipant,1729006532,1,0,0
z2q0bsds,222,9ms4q6au,2,DICE,B_Briefing,1729006533,1,0,0
z2q0bsds,208,3pxqjuwz,3,DICE,C_Feed,1729006535,1,0,0
z2q0bsds,216,4jj61drb,3,DICE,C_Feed,1729006540,1,0,0
z2q0bsds,226,1zewljhx,1,DICE,A_Intro,1729006541,1,0,0
z2q0bsds,227,gahn4bxh,0,,InitializeParticipant,1729006544,1,0,0
z2q0bsds,226,1zewljhx,2,DICE,B_Briefing,1729006547,1,0,0
z2q0bsds,227,gahn4bxh,1,DICE,A_Intro,1729006552,1,0,0
z2q0bsds,220,mqpi08p5,3,DICE,C_Feed,1729006552,1,0,0
z2q0bsds,225,65vm3t1g,3,DICE,C_Feed,1729006556,1,0,0
z2q0bsds,227,gahn4bxh,2,DICE,B_Briefing,1729006558,1,0,0
z2q0bsds,228,tan6r50k,0,,InitializeParticipant,1729006559,1,0,0
z2q0bsds,229,p64zh0gu,0,,InitializeParticipant,1729006579,1,0,0
z2q0bsds,230,5qg20hqv,0,,InitializeParticipant,1729006580,1,0,0
z2q0bsds,221,0yjbmvp5,3,DICE,C_Feed,1729006582,1,0,0
z2q0bsds,201,m8hzxtsq,3,DICE,C_Feed,1729006583,1,0,0
z2q0bsds,229,p64zh0gu,1,DICE,A_Intro,1729006585,1,0,0
z2q0bsds,231,wnechw6r,0,,InitializeParticipant,1729006588,1,0,0
z2q0bsds,230,5qg20hqv,1,DICE,A_Intro,1729006588,1,0,0
z2q0bsds,232,7og8b54y,0,,InitializeParticipant,1729006597,1,0,0
z2q0bsds,229,p64zh0gu,2,DICE,B_Briefing,1729006599,1,0,0
z2q0bsds,228,tan6r50k,1,DICE,A_Intro,1729006599,1,0,0
z2q0bsds,232,7og8b54y,1,DICE,A_Intro,1729006604,1,0,0
z2q0bsds,231,wnechw6r,1,DICE,A_Intro,1729006609,1,0,0
z2q0bsds,228,tan6r50k,2,DICE,B_Briefing,1729006613,1,0,0
z2q0bsds,231,wnechw6r,2,DICE,B_Briefing,1729006614,1,0,0
z2q0bsds,227,gahn4bxh,3,DICE,C_Feed,1729006614,1,0,0
z2q0bsds,230,5qg20hqv,2,DICE,B_Briefing,1729006615,1,0,0
z2q0bsds,218,vzfz9f66,3,DICE,C_Feed,1729006616,1,0,0
z2q0bsds,233,qkuwqto8,0,,InitializeParticipant,1729006618,1,0,0
z2q0bsds,224,bfha4zg8,2,DICE,B_Briefing,1729006620,1,0,0
z2q0bsds,234,jazycgb1,0,,InitializeParticipant,1729006623,1,0,0
z2q0bsds,233,qkuwqto8,1,DICE,A_Intro,1729006624,1,0,0
z2q0bsds,234,jazycgb1,1,DICE,A_Intro,1729006627,1,0,0
z2q0bsds,235,ni602fyz,0,,InitializeParticipant,1729006628,1,0,0
z2q0bsds,234,jazycgb1,2,DICE,B_Briefing,1729006628,1,0,0
z2q0bsds,235,ni602fyz,1,DICE,A_Intro,1729006632,1,0,0
z2q0bsds,236,wgfh7xac,0,,InitializeParticipant,1729006637,1,0,0
z2q0bsds,235,ni602fyz,2,DICE,B_Briefing,1729006638,1,0,0
z2q0bsds,237,ftlhq570,0,,InitializeParticipant,1729006640,1,0,0
z2q0bsds,238,79aayeoy,0,,InitializeParticipant,1729006641,1,0,0
z2q0bsds,238,79aayeoy,1,DICE,A_Intro,1729006646,1,0,0
z2q0bsds,239,75ws4h0n,0,,InitializeParticipant,1729006646,1,0,0
z2q0bsds,237,ftlhq570,1,DICE,A_Intro,1729006649,1,0,0
z2q0bsds,237,ftlhq570,2,DICE,B_Briefing,1729006653,1,0,0
z2q0bsds,217,o2klvbhl,3,DICE,C_Feed,1729006654,1,0,0
z2q0bsds,238,79aayeoy,2,DICE,B_Briefing,1729006655,1,0,0
z2q0bsds,233,qkuwqto8,2,DICE,B_Briefing,1729006661,1,0,0
z2q0bsds,207,0ck3nhpp,3,DICE,C_Feed,1729006661,1,0,0
z2q0bsds,209,bkbo2o4b,3,DICE,C_Feed,1729006665,1,0,0
z2q0bsds,240,2nx5zqit,0,,InitializeParticipant,1729006667,1,0,0
z2q0bsds,241,dagi9ugf,0,,InitializeParticipant,1729006669,1,0,0
z2q0bsds,242,ede52z5w,0,,InitializeParticipant,1729006671,1,0,0
z2q0bsds,240,2nx5zqit,1,DICE,A_Intro,1729006671,1,0,0
z2q0bsds,240,2nx5zqit,2,DICE,B_Briefing,1729006673,1,0,0
z2q0bsds,242,ede52z5w,1,DICE,A_Intro,1729006677,1,0,0
z2q0bsds,241,dagi9ugf,1,DICE,A_Intro,1729006681,1,0,0
z2q0bsds,239,75ws4h0n,1,DICE,A_Intro,1729006684,1,0,0
z2q0bsds,243,qwt87726,0,,InitializeParticipant,1729006684,1,0,0
z2q0bsds,203,eaap7vx7,3,DICE,C_Feed,1729006690,1,0,0
z2q0bsds,242,ede52z5w,2,DICE,B_Briefing,1729006690,1,0,0
z2q0bsds,214,tce7vy4h,3,DICE,C_Feed,1729006690,1,0,0
z2q0bsds,244,hlhnc7sf,0,,InitializeParticipant,1729006692,1,0,0
z2q0bsds,243,qwt87726,1,DICE,A_Intro,1729006693,1,0,0
z2q0bsds,243,qwt87726,2,DICE,B_Briefing,1729006697,1,0,0
z2q0bsds,222,9ms4q6au,3,DICE,C_Feed,1729006700,1,0,0
z2q0bsds,241,dagi9ugf,2,DICE,B_Briefing,1729006706,1,0,0
z2q0bsds,245,68wceur7,0,,InitializeParticipant,1729006707,1,0,0
z2q0bsds,239,75ws4h0n,2,DICE,B_Briefing,1729006711,1,0,0
z2q0bsds,245,68wceur7,1,DICE,A_Intro,1729006715,1,0,0
z2q0bsds,234,jazycgb1,3,DICE,C_Feed,1729006718,1,0,0
z2q0bsds,246,q2yc8wam,0,,InitializeParticipant,1729006723,1,0,0
z2q0bsds,246,q2yc8wam,1,DICE,A_Intro,1729006728,1,0,0
z2q0bsds,247,fcs6ykne,0,,InitializeParticipant,1729006733,1,0,0
z2q0bsds,248,9ubk40d5,0,,InitializeParticipant,1729006737,1,0,0
z2q0bsds,246,q2yc8wam,2,DICE,B_Briefing,1729006738,1,0,0
z2q0bsds,247,fcs6ykne,1,DICE,A_Intro,1729006738,1,0,0
z2q0bsds,226,1zewljhx,3,DICE,C_Feed,1729006745,1,0,0
z2q0bsds,247,fcs6ykne,2,DICE,B_Briefing,1729006748,1,0,0
z2q0bsds,249,0vm4tz34,0,,InitializeParticipant,1729006749,1,0,0
z2q0bsds,248,9ubk40d5,1,DICE,A_Intro,1729006750,1,0,0
z2q0bsds,244,hlhnc7sf,1,DICE,A_Intro,1729006751,1,0,0
z2q0bsds,223,l7gl7pyw,3,DICE,C_Feed,1729006755,1,0,0
z2q0bsds,249,0vm4tz34,1,DICE,A_Intro,1729006756,1,0,0
z2q0bsds,244,hlhnc7sf,2,DICE,B_Briefing,1729006757,1,0,0
z2q0bsds,249,0vm4tz34,2,DICE,B_Briefing,1729006757,1,0,0
z2q0bsds,245,68wceur7,2,DICE,B_Briefing,1729006757,1,0,0
z2q0bsds,250,papn2aqw,0,,InitializeParticipant,1729006759,1,0,0
z2q0bsds,248,9ubk40d5,2,DICE,B_Briefing,1729006760,1,0,0
z2q0bsds,250,papn2aqw,1,DICE,A_Intro,1729006765,1,0,0
z2q0bsds,251,bv5wetks,0,,InitializeParticipant,1729006772,1,0,0
z2q0bsds,250,papn2aqw,2,DICE,B_Briefing,1729006774,1,0,0
z2q0bsds,251,bv5wetks,1,DICE,A_Intro,1729006778,1,0,0
z2q0bsds,251,bv5wetks,2,DICE,B_Briefing,1729006786,1,0,0
z2q0bsds,252,3vytn0da,0,,InitializeParticipant,1729006786,1,0,0
z2q0bsds,253,jyc5uvr7,0,,InitializeParticipant,1729006791,1,0,0
z2q0bsds,254,23dj2w4r,0,,InitializeParticipant,1729006796,1,0,0
z2q0bsds,246,q2yc8wam,3,DICE,C_Feed,1729006797,1,0,0
z2q0bsds,253,jyc5uvr7,1,DICE,A_Intro,1729006797,1,0,0
z2q0bsds,255,5xmy3iqa,0,,InitializeParticipant,1729006798,1,0,0
z2q0bsds,253,jyc5uvr7,2,DICE,B_Briefing,1729006799,1,0,0
z2q0bsds,252,3vytn0da,1,DICE,A_Intro,1729006800,1,0,0
z2q0bsds,256,brw4j8ep,0,,InitializeParticipant,1729006803,1,0,0
z2q0bsds,254,23dj2w4r,1,DICE,A_Intro,1729006804,1,0,0
z2q0bsds,252,3vytn0da,2,DICE,B_Briefing,1729006804,1,0,0
z2q0bsds,257,a4mtyjzl,0,,InitializeParticipant,1729006809,1,0,0
z2q0bsds,257,a4mtyjzl,1,DICE,A_Intro,1729006814,1,0,0
z2q0bsds,254,23dj2w4r,2,DICE,B_Briefing,1729006814,1,0,0
z2q0bsds,243,qwt87726,3,DICE,C_Feed,1729006816,1,0,0
z2q0bsds,239,75ws4h0n,3,DICE,C_Feed,1729006821,1,0,0
z2q0bsds,255,5xmy3iqa,1,DICE,A_Intro,1729006822,1,0,0
z2q0bsds,235,ni602fyz,3,DICE,C_Feed,1729006824,1,0,0
z2q0bsds,253,jyc5uvr7,3,DICE,C_Feed,1729006829,1,0,0
z2q0bsds,257,a4mtyjzl,2,DICE,B_Briefing,1729006829,1,0,0
z2q0bsds,256,brw4j8ep,1,DICE,A_Intro,1729006829,1,0,0
z2q0bsds,258,b9haif1n,0,,InitializeParticipant,1729006830,1,0,0
z2q0bsds,256,brw4j8ep,2,DICE,B_Briefing,1729006831,1,0,0
z2q0bsds,259,qrdl1h6o,0,,InitializeParticipant,1729006836,1,0,0
z2q0bsds,238,79aayeoy,3,DICE,C_Feed,1729006839,1,0,0
z2q0bsds,259,qrdl1h6o,1,DICE,A_Intro,1729006847,1,0,0
z2q0bsds,244,hlhnc7sf,3,DICE,C_Feed,1729006851,1,0,0
z2q0bsds,259,qrdl1h6o,2,DICE,B_Briefing,1729006857,1,0,0
z2q0bsds,258,b9haif1n,1,DICE,A_Intro,1729006861,1,0,0
z2q0bsds,260,g7siksf4,0,,InitializeParticipant,1729006870,1,0,0
z2q0bsds,233,qkuwqto8,3,DICE,C_Feed,1729006873,1,0,0
z2q0bsds,260,g7siksf4,1,DICE,A_Intro,1729006876,1,0,0
z2q0bsds,249,0vm4tz34,3,DICE,C_Feed,1729006876,1,0,0
z2q0bsds,230,5qg20hqv,3,DICE,C_Feed,1729006885,1,0,0
z2q0bsds,261,bouo10l7,0,,InitializeParticipant,1729006888,1,0,0
z2q0bsds,240,2nx5zqit,3,DICE,C_Feed,1729006889,1,0,0
z2q0bsds,258,b9haif1n,2,DICE,B_Briefing,1729006893,1,0,0
z2q0bsds,247,fcs6ykne,3,DICE,C_Feed,1729006894,1,0,0
z2q0bsds,261,bouo10l7,1,DICE,A_Intro,1729006895,1,0,0
z2q0bsds,250,papn2aqw,3,DICE,C_Feed,1729006896,1,0,0
z2q0bsds,262,49n6g3qv,0,,InitializeParticipant,1729006897,1,0,0
z2q0bsds,261,bouo10l7,2,DICE,B_Briefing,1729006899,1,0,0
z2q0bsds,236,wgfh7xac,1,DICE,A_Intro,1729006902,1,0,0
z2q0bsds,262,49n6g3qv,1,DICE,A_Intro,1729006905,1,0,0
z2q0bsds,236,wgfh7xac,2,DICE,B_Briefing,1729006905,1,0,0
z2q0bsds,255,5xmy3iqa,2,DICE,B_Briefing,1729006908,1,0,0
z2q0bsds,262,49n6g3qv,2,DICE,B_Briefing,1729006917,1,0,0
z2q0bsds,263,b2y7hotc,0,,InitializeParticipant,1729006923,1,0,0
z2q0bsds,263,b2y7hotc,1,DICE,A_Intro,1729006927,1,0,0
z2q0bsds,263,b2y7hotc,2,DICE,B_Briefing,1729006928,1,0,0
z2q0bsds,264,1u3cic13,0,,InitializeParticipant,1729006929,1,0,0
z2q0bsds,264,1u3cic13,1,DICE,A_Intro,1729006939,1,0,0
z2q0bsds,264,1u3cic13,2,DICE,B_Briefing,1729006941,1,0,0
z2q0bsds,259,qrdl1h6o,3,DICE,C_Feed,1729006946,1,0,0
z2q0bsds,211,jnzuhgns,3,DICE,C_Feed,1729006947,1,0,0
z2q0bsds,248,9ubk40d5,3,DICE,C_Feed,1729006956,1,0,0
z2q0bsds,252,3vytn0da,3,DICE,C_Feed,1729006968,1,0,0
z2q0bsds,263,b2y7hotc,3,DICE,C_Feed,1729006972,1,0,0
z2q0bsds,242,ede52z5w,3,DICE,C_Feed,1729006973,1,0,0
z2q0bsds,265,r09s0b96,0,,InitializeParticipant,1729006974,1,0,0
z2q0bsds,260,g7siksf4,2,DICE,B_Briefing,1729006976,1,0,0
z2q0bsds,266,x0cezbn5,0,,InitializeParticipant,1729006984,1,0,0
z2q0bsds,266,x0cezbn5,1,DICE,A_Intro,1729006989,1,0,0
z2q0bsds,267,ww7jybb6,0,,InitializeParticipant,1729006991,1,0,0
z2q0bsds,266,x0cezbn5,2,DICE,B_Briefing,1729006991,1,0,0
z2q0bsds,251,bv5wetks,3,DICE,C_Feed,1729006992,1,0,0
z2q0bsds,265,r09s0b96,1,DICE,A_Intro,1729006993,1,0,0
z2q0bsds,261,bouo10l7,3,DICE,C_Feed,1729006995,1,0,0
z2q0bsds,268,7qgzhkxk,0,,InitializeParticipant,1729006996,1,0,0
z2q0bsds,255,5xmy3iqa,3,DICE,C_Feed,1729006996,1,0,0
z2q0bsds,267,ww7jybb6,1,DICE,A_Intro,1729006997,1,0,0
z2q0bsds,267,ww7jybb6,2,DICE,B_Briefing,1729007000,1,0,0
z2q0bsds,268,7qgzhkxk,1,DICE,A_Intro,1729007001,1,0,0
z2q0bsds,268,7qgzhkxk,2,DICE,B_Briefing,1729007003,1,0,0
z2q0bsds,269,g6da6fmj,0,,InitializeParticipant,1729007004,1,0,0
z2q0bsds,231,wnechw6r,3,DICE,C_Feed,1729007008,1,0,0
z2q0bsds,270,5wwdj6id,0,,InitializeParticipant,1729007008,1,0,0
z2q0bsds,265,r09s0b96,2,DICE,B_Briefing,1729007009,1,0,0
z2q0bsds,269,g6da6fmj,1,DICE,A_Intro,1729007013,1,0,0
z2q0bsds,270,5wwdj6id,1,DICE,A_Intro,1729007013,1,0,0
z2q0bsds,270,5wwdj6id,2,DICE,B_Briefing,1729007016,1,0,0
z2q0bsds,232,7og8b54y,2,DICE,B_Briefing,1729007024,1,0,0
z2q0bsds,269,g6da6fmj,2,DICE,B_Briefing,1729007025,1,0,0
z2q0bsds,271,9z94g3ll,0,,InitializeParticipant,1729007025,1,0,0
z2q0bsds,272,j35l4khc,0,,InitializeParticipant,1729007029,1,0,0
z2q0bsds,271,9z94g3ll,1,DICE,A_Intro,1729007032,1,0,0
z2q0bsds,272,j35l4khc,1,DICE,A_Intro,1729007033,1,0,0
z2q0bsds,271,9z94g3ll,2,DICE,B_Briefing,1729007034,1,0,0
z2q0bsds,272,j35l4khc,2,DICE,B_Briefing,1729007034,1,0,0
z2q0bsds,224,bfha4zg8,3,DICE,C_Feed,1729007036,1,0,0
z2q0bsds,258,b9haif1n,3,DICE,C_Feed,1729007036,1,0,0
z2q0bsds,236,wgfh7xac,3,DICE,C_Feed,1729007040,1,0,0
z2q0bsds,256,brw4j8ep,3,DICE,C_Feed,1729007040,1,0,0
z2q0bsds,228,tan6r50k,3,DICE,C_Feed,1729007040,1,0,0
z2q0bsds,268,7qgzhkxk,3,DICE,C_Feed,1729007044,1,0,0
z2q0bsds,273,u7wcqriv,0,,InitializeParticipant,1729007047,1,0,0
z2q0bsds,274,5q3axdjf,0,,InitializeParticipant,1729007057,1,0,0
z2q0bsds,273,u7wcqriv,1,DICE,A_Intro,1729007060,1,0,0
z2q0bsds,275,65oee40c,0,,InitializeParticipant,1729007060,1,0,0
z2q0bsds,276,6ok2iz95,0,,InitializeParticipant,1729007064,1,0,0
z2q0bsds,277,3j2rv7vn,0,,InitializeParticipant,1729007066,1,0,0
z2q0bsds,266,x0cezbn5,3,DICE,C_Feed,1729007066,1,0,0
z2q0bsds,275,65oee40c,1,DICE,A_Intro,1729007067,1,0,0
z2q0bsds,275,65oee40c,2,DICE,B_Briefing,1729007068,1,0,0
z2q0bsds,274,5q3axdjf,1,DICE,A_Intro,1729007068,1,0,0
z2q0bsds,276,6ok2iz95,1,DICE,A_Intro,1729007069,1,0,0
z2q0bsds,274,5q3axdjf,2,DICE,B_Briefing,1729007072,1,0,0
z2q0bsds,277,3j2rv7vn,1,DICE,A_Intro,1729007073,1,0,0
z2q0bsds,278,8iljoafl,0,,InitializeParticipant,1729007074,1,0,0
z2q0bsds,276,6ok2iz95,2,DICE,B_Briefing,1729007076,1,0,0
z2q0bsds,278,8iljoafl,1,DICE,A_Intro,1729007077,1,0,0
z2q0bsds,278,8iljoafl,2,DICE,B_Briefing,1729007082,1,0,0
z2q0bsds,279,c45drj6q,0,,InitializeParticipant,1729007085,1,0,0
z2q0bsds,264,1u3cic13,3,DICE,C_Feed,1729007086,1,0,0
z2q0bsds,277,3j2rv7vn,2,DICE,B_Briefing,1729007090,1,0,0
z2q0bsds,279,c45drj6q,1,DICE,A_Intro,1729007090,1,0,0
z2q0bsds,279,c45drj6q,2,DICE,B_Briefing,1729007092,1,0,0
z2q0bsds,278,8iljoafl,3,DICE,C_Feed,1729007099,1,0,0
z2q0bsds,280,gkwzlj08,0,,InitializeParticipant,1729007104,1,0,0
z2q0bsds,273,u7wcqriv,2,DICE,B_Briefing,1729007104,1,0,0
z2q0bsds,257,a4mtyjzl,3,DICE,C_Feed,1729007110,1,0,0
z2q0bsds,280,gkwzlj08,1,DICE,A_Intro,1729007117,1,0,0
z2q0bsds,229,p64zh0gu,3,DICE,C_Feed,1729007118,1,0,0
z2q0bsds,280,gkwzlj08,2,DICE,B_Briefing,1729007127,1,0,0
z2q0bsds,281,wd00dxn0,0,,InitializeParticipant,1729007145,1,0,0
z2q0bsds,275,65oee40c,3,DICE,C_Feed,1729007154,1,0,0
z2q0bsds,267,ww7jybb6,3,DICE,C_Feed,1729007155,1,0,0
z2q0bsds,241,dagi9ugf,3,DICE,C_Feed,1729007158,1,0,0
z2q0bsds,281,wd00dxn0,1,DICE,A_Intro,1729007159,1,0,0
z2q0bsds,282,yi00d9j0,0,,InitializeParticipant,1729007160,1,0,0
z2q0bsds,280,gkwzlj08,3,DICE,C_Feed,1729007166,1,0,0
z2q0bsds,282,yi00d9j0,1,DICE,A_Intro,1729007172,1,0,0
z2q0bsds,272,j35l4khc,3,DICE,C_Feed,1729007172,1,0,0
z2q0bsds,283,mum6sl5q,0,,InitializeParticipant,1729007173,1,0,0
z2q0bsds,284,p01erkcd,0,,InitializeParticipant,1729007175,1,0,0
z2q0bsds,282,yi00d9j0,2,DICE,B_Briefing,1729007179,1,0,0
z2q0bsds,213,17p1572j,3,DICE,C_Feed,1729007179,1,0,0
z2q0bsds,281,wd00dxn0,2,DICE,B_Briefing,1729007180,1,0,0
z2q0bsds,284,p01erkcd,1,DICE,A_Intro,1729007181,1,0,0
z2q0bsds,271,9z94g3ll,3,DICE,C_Feed,1729007181,1,0,0
z2q0bsds,285,gvf1zvvp,0,,InitializeParticipant,1729007185,1,0,0
z2q0bsds,245,68wceur7,3,DICE,C_Feed,1729007185,1,0,0
z2q0bsds,285,gvf1zvvp,1,DICE,A_Intro,1729007196,1,0,0
z2q0bsds,286,5dzzvcaz,0,,InitializeParticipant,1729007198,1,0,0
z2q0bsds,287,zs5sh21b,0,,InitializeParticipant,1729007198,1,0,0
z2q0bsds,285,gvf1zvvp,2,DICE,B_Briefing,1729007202,1,0,0
z2q0bsds,274,5q3axdjf,3,DICE,C_Feed,1729007204,1,0,0
z2q0bsds,286,5dzzvcaz,1,DICE,A_Intro,1729007205,1,0,0
z2q0bsds,284,p01erkcd,2,DICE,B_Briefing,1729007206,1,0,0
z2q0bsds,287,zs5sh21b,1,DICE,A_Intro,1729007206,1,0,0
z2q0bsds,286,5dzzvcaz,2,DICE,B_Briefing,1729007213,1,0,0
z2q0bsds,279,c45drj6q,3,DICE,C_Feed,1729007215,1,0,0
z2q0bsds,276,6ok2iz95,3,DICE,C_Feed,1729007217,1,0,0
z2q0bsds,287,zs5sh21b,2,DICE,B_Briefing,1729007218,1,0,0
z2q0bsds,288,n57k699i,0,,InitializeParticipant,1729007219,1,0,0
z2q0bsds,289,6an4zsh6,0,,InitializeParticipant,1729007221,1,0,0
z2q0bsds,283,mum6sl5q,1,DICE,A_Intro,1729007226,1,0,0
z2q0bsds,289,6an4zsh6,1,DICE,A_Intro,1729007228,1,0,0
z2q0bsds,290,gseaq3vg,0,,InitializeParticipant,1729007228,1,0,0
z2q0bsds,291,llypw26m,0,,InitializeParticipant,1729007232,1,0,0
z2q0bsds,288,n57k699i,1,DICE,A_Intro,1729007233,1,0,0
z2q0bsds,289,6an4zsh6,2,DICE,B_Briefing,1729007235,1,0,0
z2q0bsds,290,gseaq3vg,1,DICE,A_Intro,1729007237,1,0,0
z2q0bsds,291,llypw26m,1,DICE,A_Intro,1729007239,1,0,0
z2q0bsds,291,llypw26m,2,DICE,B_Briefing,1729007242,1,0,0
z2q0bsds,292,d1m7cdk2,0,,InitializeParticipant,1729007243,1,0,0
z2q0bsds,290,gseaq3vg,2,DICE,B_Briefing,1729007243,1,0,0
z2q0bsds,293,99ntuiqx,0,,InitializeParticipant,1729007245,1,0,0
z2q0bsds,294,77dj6j51,0,,InitializeParticipant,1729007250,1,0,0
z2q0bsds,262,49n6g3qv,3,DICE,C_Feed,1729007254,1,0,0
z2q0bsds,295,gkcp9b5i,0,,InitializeParticipant,1729007255,1,0,0
z2q0bsds,295,gkcp9b5i,1,DICE,A_Intro,1729007261,1,0,0
z2q0bsds,294,77dj6j51,1,DICE,A_Intro,1729007265,1,0,0
z2q0bsds,296,148br74x,0,,InitializeParticipant,1729007268,1,0,0
z2q0bsds,283,mum6sl5q,2,DICE,B_Briefing,1729007268,1,0,0
z2q0bsds,295,gkcp9b5i,2,DICE,B_Briefing,1729007273,1,0,0
z2q0bsds,288,n57k699i,2,DICE,B_Briefing,1729007273,1,0,0
z2q0bsds,294,77dj6j51,2,DICE,B_Briefing,1729007273,1,0,0
z2q0bsds,297,yrda0xdy,0,,InitializeParticipant,1729007277,1,0,0
z2q0bsds,297,yrda0xdy,1,DICE,A_Intro,1729007282,1,0,0
z2q0bsds,298,0z9get58,0,,InitializeParticipant,1729007282,1,0,0
z2q0bsds,299,lqs3k6kb,0,,InitializeParticipant,1729007282,1,0,0
z2q0bsds,290,gseaq3vg,3,DICE,C_Feed,1729007284,1,0,0
z2q0bsds,292,d1m7cdk2,1,DICE,A_Intro,1729007288,1,0,0
z2q0bsds,298,0z9get58,1,DICE,A_Intro,1729007288,1,0,0
z2q0bsds,300,h8pw07ph,0,,InitializeParticipant,1729007289,1,0,0
z2q0bsds,254,23dj2w4r,3,DICE,C_Feed,1729007289,1,0,0
z2q0bsds,297,yrda0xdy,2,DICE,B_Briefing,1729007294,1,0,0
z2q0bsds,298,0z9get58,2,DICE,B_Briefing,1729007294,1,0,0
z2q0bsds,300,h8pw07ph,1,DICE,A_Intro,1729007296,1,0,0
z2q0bsds,301,0bmwg613,0,,InitializeParticipant,1729007296,1,0,0
z2q0bsds,300,h8pw07ph,2,DICE,B_Briefing,1729007300,1,0,0
z2q0bsds,302,kxvl3kt7,0,,InitializeParticipant,1729007304,1,0,0
z2q0bsds,292,d1m7cdk2,2,DICE,B_Briefing,1729007307,1,0,0
z2q0bsds,302,kxvl3kt7,1,DICE,A_Intro,1729007309,1,0,0
z2q0bsds,293,99ntuiqx,1,DICE,A_Intro,1729007310,1,0,0
z2q0bsds,302,kxvl3kt7,2,DICE,B_Briefing,1729007314,1,0,0
z2q0bsds,296,148br74x,1,DICE,A_Intro,1729007318,1,0,0
z2q0bsds,303,u3ke9yfe,0,,InitializeParticipant,1729007319,1,0,0
z2q0bsds,301,0bmwg613,1,DICE,A_Intro,1729007321,1,0,0
z2q0bsds,304,jom0u5ub,0,,InitializeParticipant,1729007325,1,0,0
z2q0bsds,305,ssho9qis,0,,InitializeParticipant,1729007325,1,0,0
z2q0bsds,303,u3ke9yfe,1,DICE,A_Intro,1729007326,1,0,0
z2q0bsds,301,0bmwg613,2,DICE,B_Briefing,1729007326,1,0,0
z2q0bsds,296,148br74x,2,DICE,B_Briefing,1729007328,1,0,0
z2q0bsds,282,yi00d9j0,3,DICE,C_Feed,1729007330,1,0,0
z2q0bsds,306,xf71gpvc,0,,InitializeParticipant,1729007330,1,0,0
z2q0bsds,303,u3ke9yfe,2,DICE,B_Briefing,1729007333,1,0,0
z2q0bsds,293,99ntuiqx,2,DICE,B_Briefing,1729007335,1,0,0
z2q0bsds,306,xf71gpvc,1,DICE,A_Intro,1729007338,1,0,0
z2q0bsds,307,k3w9mojs,0,,InitializeParticipant,1729007338,1,0,0
z2q0bsds,304,jom0u5ub,1,DICE,A_Intro,1729007339,1,0,0
z2q0bsds,260,g7siksf4,3,DICE,C_Feed,1729007342,1,0,0
z2q0bsds,304,jom0u5ub,2,DICE,B_Briefing,1729007343,1,0,0
z2q0bsds,307,k3w9mojs,1,DICE,A_Intro,1729007344,1,0,0
z2q0bsds,269,g6da6fmj,3,DICE,C_Feed,1729007344,1,0,0
z2q0bsds,265,r09s0b96,3,DICE,C_Feed,1729007347,1,0,0
z2q0bsds,307,k3w9mojs,2,DICE,B_Briefing,1729007360,1,0,0
z2q0bsds,306,xf71gpvc,2,DICE,B_Briefing,1729007365,1,0,0
z2q0bsds,286,5dzzvcaz,3,DICE,C_Feed,1729007368,1,0,0
z2q0bsds,284,p01erkcd,3,DICE,C_Feed,1729007373,1,0,0
z2q0bsds,300,h8pw07ph,3,DICE,C_Feed,1729007374,1,0,0
z2q0bsds,291,llypw26m,3,DICE,C_Feed,1729007378,1,0,0
z2q0bsds,307,k3w9mojs,3,DICE,C_Feed,1729007390,1,0,0
z2q0bsds,304,jom0u5ub,3,DICE,C_Feed,1729007390,1,0,0
z2q0bsds,308,r22lrbzy,0,,InitializeParticipant,1729007391,1,0,0
z2q0bsds,289,6an4zsh6,3,DICE,C_Feed,1729007394,1,0,0
z2q0bsds,299,lqs3k6kb,1,DICE,A_Intro,1729007395,1,0,0
z2q0bsds,309,hffu309i,0,,InitializeParticipant,1729007397,1,0,0
z2q0bsds,308,r22lrbzy,1,DICE,A_Intro,1729007399,1,0,0
z2q0bsds,310,ij1vuyes,0,,InitializeParticipant,1729007400,1,0,0
z2q0bsds,308,r22lrbzy,2,DICE,B_Briefing,1729007400,1,0,0
z2q0bsds,305,ssho9qis,1,DICE,A_Intro,1729007404,1,0,0
z2q0bsds,310,ij1vuyes,1,DICE,A_Intro,1729007407,1,0,0
z2q0bsds,309,hffu309i,1,DICE,A_Intro,1729007408,1,0,0
z2q0bsds,299,lqs3k6kb,2,DICE,B_Briefing,1729007409,1,0,0
z2q0bsds,309,hffu309i,2,DICE,B_Briefing,1729007417,1,0,0
z2q0bsds,310,ij1vuyes,2,DICE,B_Briefing,1729007417,1,0,0
z2q0bsds,303,u3ke9yfe,3,DICE,C_Feed,1729007422,1,0,0
z2q0bsds,287,zs5sh21b,3,DICE,C_Feed,1729007428,1,0,0
z2q0bsds,311,tl4wvoyu,0,,InitializeParticipant,1729007435,1,0,0
z2q0bsds,312,9tnd44t6,0,,InitializeParticipant,1729007438,1,0,0
z2q0bsds,283,mum6sl5q,3,DICE,C_Feed,1729007443,1,0,0
z2q0bsds,312,9tnd44t6,1,DICE,A_Intro,1729007449,1,0,0
z2q0bsds,313,hd8cmysh,0,,InitializeParticipant,1729007451,1,0,0
z2q0bsds,314,8nzc9lk6,0,,InitializeParticipant,1729007454,1,0,0
z2q0bsds,313,hd8cmysh,1,DICE,A_Intro,1729007457,1,0,0
z2q0bsds,313,hd8cmysh,2,DICE,B_Briefing,1729007459,1,0,0
z2q0bsds,315,49k7rwyd,0,,InitializeParticipant,1729007463,1,0,0
z2q0bsds,312,9tnd44t6,2,DICE,B_Briefing,1729007469,1,0,0
z2q0bsds,315,49k7rwyd,1,DICE,A_Intro,1729007470,1,0,0
z2q0bsds,315,49k7rwyd,2,DICE,B_Briefing,1729007477,1,0,0
z2q0bsds,314,8nzc9lk6,1,DICE,A_Intro,1729007481,1,0,0
z2q0bsds,308,r22lrbzy,3,DICE,C_Feed,1729007483,1,0,0
z2q0bsds,316,hbaktyb1,0,,InitializeParticipant,1729007487,1,0,0
z2q0bsds,297,yrda0xdy,3,DICE,C_Feed,1729007492,1,0,0
z2q0bsds,314,8nzc9lk6,2,DICE,B_Briefing,1729007493,1,0,0
z2q0bsds,232,7og8b54y,3,DICE,C_Feed,1729007507,1,0,0
z2q0bsds,288,n57k699i,3,DICE,C_Feed,1729007516,1,0,0
z2q0bsds,299,lqs3k6kb,3,DICE,C_Feed,1729007524,1,0,0
z2q0bsds,273,u7wcqriv,3,DICE,C_Feed,1729007525,1,0,0
z2q0bsds,296,148br74x,3,DICE,C_Feed,1729007531,1,0,0
z2q0bsds,316,hbaktyb1,1,DICE,A_Intro,1729007535,1,0,0
z2q0bsds,314,8nzc9lk6,3,DICE,C_Feed,1729007545,1,0,0
z2q0bsds,313,hd8cmysh,3,DICE,C_Feed,1729007548,1,0,0
z2q0bsds,277,3j2rv7vn,3,DICE,C_Feed,1729007556,1,0,0
z2q0bsds,302,kxvl3kt7,3,DICE,C_Feed,1729007564,1,0,0
z2q0bsds,306,xf71gpvc,3,DICE,C_Feed,1729007577,1,0,0
z2q0bsds,301,0bmwg613,3,DICE,C_Feed,1729007585,1,0,0
z2q0bsds,285,gvf1zvvp,3,DICE,C_Feed,1729007606,1,0,0
z2q0bsds,312,9tnd44t6,3,DICE,C_Feed,1729007606,1,0,0
z2q0bsds,310,ij1vuyes,3,DICE,C_Feed,1729007611,1,0,0
z2q0bsds,316,hbaktyb1,2,DICE,B_Briefing,1729007624,1,0,0
z2q0bsds,294,77dj6j51,3,DICE,C_Feed,1729007630,1,0,0
z2q0bsds,298,0z9get58,3,DICE,C_Feed,1729007633,1,0,0
z2q0bsds,315,49k7rwyd,3,DICE,C_Feed,1729007661,1,0,0
z2q0bsds,293,99ntuiqx,3,DICE,C_Feed,1729007666,1,0,0
z2q0bsds,292,d1m7cdk2,3,DICE,C_Feed,1729007669,1,0,0
z2q0bsds,305,ssho9qis,2,DICE,B_Briefing,1729007684,1,0,0
z2q0bsds,309,hffu309i,3,DICE,C_Feed,1729007794,1,0,0
z2q0bsds,305,ssho9qis,3,DICE,C_Feed,1729007802,1,0,0
z2q0bsds,316,hbaktyb1,3,DICE,C_Feed,1729008129,1,0,0
z2q0bsds,281,wd00dxn0,3,DICE,C_Feed,1729008680,1,0,0
z2q0bsds,317,a0fhg74h,0,,InitializeParticipant,1729009110,1,0,0
z2q0bsds,317,a0fhg74h,1,DICE,A_Intro,1729009117,1,0,0
z2q0bsds,317,a0fhg74h,2,DICE,B_Briefing,1729009119,1,0,0
z2q0bsds,318,0ibce5zl,0,,InitializeParticipant,1729009120,1,0,0
z2q0bsds,318,0ibce5zl,1,DICE,A_Intro,1729009132,1,0,0
z2q0bsds,319,h2t0eva7,0,,InitializeParticipant,1729009133,1,0,0
z2q0bsds,319,h2t0eva7,1,DICE,A_Intro,1729009136,1,0,0
z2q0bsds,319,h2t0eva7,2,DICE,B_Briefing,1729009138,1,0,0
z2q0bsds,318,0ibce5zl,2,DICE,B_Briefing,1729009161,1,0,0
z2q0bsds,319,h2t0eva7,3,DICE,C_Feed,1729009224,1,0,0
z2q0bsds,317,a0fhg74h,3,DICE,C_Feed,1729009306,1,0,0
z2q0bsds,318,0ibce5zl,3,DICE,C_Feed,1729009329,1,0,0
