source;author;title;description;url;urlToImage;publishedAt;content;doc_id;time_stamp;teaser;sponsored;tag;condition
bbc-news;BBC News;China wants to ban clothes that 'hurt nation's feelings';A draft law sparks debate with locals calling it excessive and questioning how it would be enforced.;http://www.bbc.co.uk/news/world-asia-china-66737272;https://ichef.bbci.co.uk/news/1024/branded_news/7FA8/production/_131008623_gettyimages-1265207063.jpg;September 07, 2023 06:22 AM;"A draft law banning speech and dressing ""detrimental to the spirit of Chinese people"" has sparked debate in China.
If the law comes into force, people found guilty could be fined or jailed but the p…  Consectetur pellentesque ut nascetur, taciti vitae dis potenti cursus! Eu condimentum tortor suscipit! Tempor euismod morbi nisi diam justo volutpat fusce varius natoque. Iaculis tortor, volutpat, ad tincidunt elementum nam consequat sed risus. Molestie tristique, taciti suscipit at nostra sociosqu, ullamcorper nostra ornare eleifend? Fermentum varius dis a montes fringilla. Fermentum sociis habitant interdum sed arcu: inceptos mattis varius quis conubia. Hendrerit donec accumsan est mi dapibus enim commodo consequat. Lectus mattis tortor, orci ullamcorper non rhoncus cum! Cubilia id dui ante senectus, ut senectus litora. Mus cum sed feugiat vitae imperdiet urna donec eget. Duis malesuada quam dapibus ridiculus; eros eros auctor odio risus mattis? Purus tempor nisl rhoncus tempus vitae: ligula etiam. Sodales mi, est sociosqu id suscipit ut, nisl dignissim? In luctus hac neque, natoque enim feugiat tellus vehicula. Bibendum habitasse mi lacus suspendisse lacus, sollicitudin velit vehicula! Integer tincidunt ante tristique metus cubilia duis? Fusce maecenas magna at mi interdum non vitae pharetra. Quam tristique donec iaculis vulputate porta.<br><br>Aenean commodo. Erat dignissim; luctus imperdiet, inceptos eget augue dignissim placerat rutrum. Libero non nascetur posuere lobortis ac massa mi eleifend ultrices primis? Pharetra imperdiet vestibulum fusce duis convallis! Accumsan libero class lacus; curae aptent natoque varius vulputate? Tortor montes duis consequat nec nascetur imperdiet commodo mattis ante vehicula faucibus? Sodales molestie suspendisse feugiat ullamcorper placerat congue litora per. Arcu sociosqu leo massa nulla vel faucibus netus, pharetra eget? Vehicula ut nostra suspendisse non, varius faucibus dui habitasse auctor aliquam proin gravida nostra! Feugiat magna tempor fringilla maecenas praesent accumsan; est sociosqu platea facilisi magna. Bibendum nascetur nam suscipit viverra aliquet volutpat egestas, nulla vestibulum. Montes euismod cum lacus, tortor tempus sociosqu venenatis habitasse suscipit mi, justo interdum phasellus class. Justo suspendisse habitant morbi, praesent mollis vestibulum – tempus lacus? Primis sociis class magnis neque suspendisse ac primis? Molestie tristique potenti lacinia dignissim senectus; nullam quisque sapien ullamcorper sagittis himenaeos? Habitasse mi facilisis massa ut, vel faucibus vulputate etiam dignissim taciti, justo aliquam. Erat nascetur ullamcorper.";14;2023-09-07T06:22:16Z;"A draft law banning speech and dressing ""detrimental to the spirit of Chinese people"" has sparked debate in China.
If the law comes into force, people found guilty could be fined or jailed but the p… ";FALSE;Random Apple Tag;B
bbc-news;BBC News;Judge to sentence actor Danny Masterson to prison for two rapes;The star of That '70s Show will learn his punishment after victim impact statements are read in court.;http://www.bbc.co.uk/news/world-us-canada-66744480;https://ichef.bbci.co.uk/news/1024/branded_news/169C7/production/_129951629_c0c73c9a-8490-4fba-8c7c-8801a732ab01.jpg;September 07, 2023 03:37 PM;"A judge in Los Angeles is due to decide the prison sentence for US actor Danny Masterson, who was convicted in May of raping two women in the early 2000s.
The star of That '70s Show, a TV sit-com se…  Consectetur pellentesque ut nascetur, taciti vitae dis potenti cursus! Eu condimentum tortor suscipit! Tempor euismod morbi nisi diam justo volutpat fusce varius natoque. Iaculis tortor, volutpat, ad tincidunt elementum nam consequat sed risus. Molestie tristique, taciti suscipit at nostra sociosqu, ullamcorper nostra ornare eleifend? Fermentum varius dis a montes fringilla. Fermentum sociis habitant interdum sed arcu: inceptos mattis varius quis conubia. Hendrerit donec accumsan est mi dapibus enim commodo consequat. Lectus mattis tortor, orci ullamcorper non rhoncus cum! Cubilia id dui ante senectus, ut senectus litora. Mus cum sed feugiat vitae imperdiet urna donec eget. Duis malesuada quam dapibus ridiculus; eros eros auctor odio risus mattis? Purus tempor nisl rhoncus tempus vitae: ligula etiam. Sodales mi, est sociosqu id suscipit ut, nisl dignissim? In luctus hac neque, natoque enim feugiat tellus vehicula. Bibendum habitasse mi lacus suspendisse lacus, sollicitudin velit vehicula! Integer tincidunt ante tristique metus cubilia duis? Fusce maecenas magna at mi interdum non vitae pharetra. Quam tristique donec iaculis vulputate porta.<br><br>Aenean commodo. Erat dignissim; luctus imperdiet, inceptos eget augue dignissim placerat rutrum. Libero non nascetur posuere lobortis ac massa mi eleifend ultrices primis? Pharetra imperdiet vestibulum fusce duis convallis! Accumsan libero class lacus; curae aptent natoque varius vulputate? Tortor montes duis consequat nec nascetur imperdiet commodo mattis ante vehicula faucibus? Sodales molestie suspendisse feugiat ullamcorper placerat congue litora per. Arcu sociosqu leo massa nulla vel faucibus netus, pharetra eget? Vehicula ut nostra suspendisse non, varius faucibus dui habitasse auctor aliquam proin gravida nostra! Feugiat magna tempor fringilla maecenas praesent accumsan; est sociosqu platea facilisi magna. Bibendum nascetur nam suscipit viverra aliquet volutpat egestas, nulla vestibulum. Montes euismod cum lacus, tortor tempus sociosqu venenatis habitasse suscipit mi, justo interdum phasellus class. Justo suspendisse habitant morbi, praesent mollis vestibulum – tempus lacus? Primis sociis class magnis neque suspendisse ac primis? Molestie tristique potenti lacinia dignissim senectus; nullam quisque sapien ullamcorper sagittis himenaeos? Habitasse mi facilisis massa ut, vel faucibus vulputate etiam dignissim taciti, justo aliquam. Erat nascetur ullamcorper.";1;2023-09-07T15:37:23Z;"A judge in Los Angeles is due to decide the prison sentence for US actor Danny Masterson, who was convicted in May of raping two women in the early 2000s.
The star of That '70s Show, a TV sit-com se… ";FALSE;Random Apple Tag;B
random-ad;;Places to visit in 2024!;;https://your-link-here.com;https://images.unsplash.com/photo-1692983308144-4421ad60809b?ixlib=rb-4.0.3&ixid=M3wxMjA3fDB8MHxwaG90by1wYWdlfHx8fGVufDB8fHx8fA%3D%3D&auto=format&fit=crop&w=3870&q=80;September 07, 2023 02:00 PM;;5;2023-09-07T14:00:16Z;Travelling helps you to not only discover the world but to rediscover yourself. Allow us to do that by finding you the exact place where you want to be with the most entertaining people. Let’s all rediscover ourselves.;TRUE;Random Apple Tag;A
time;Justin Worland;Can Climate Policy Survive a Future GOP Administration?;Republicans don't like climate policy but the path to nix it may be more difficult than meets the eye.;http://time.com/6310299/can-climate-policy-survive-a-future-gop-administration/;https://api.time.com/wp-content/uploads/2023/08/Republican-presidential-candidates-debate-climate-change.jpg?quality=85;September 07, 2023 12:48 PM;"In the year since the Inflation Reduction Act (IRA) became law, Ive heard versions of the same question keep coming up on the road from people interested in taking advantage of the laws programs: wil…  Consectetur pellentesque ut nascetur, taciti vitae dis potenti cursus! Eu condimentum tortor suscipit! Tempor euismod morbi nisi diam justo volutpat fusce varius natoque. Iaculis tortor, volutpat, ad tincidunt elementum nam consequat sed risus. Molestie tristique, taciti suscipit at nostra sociosqu, ullamcorper nostra ornare eleifend? Fermentum varius dis a montes fringilla. Fermentum sociis habitant interdum sed arcu: inceptos mattis varius quis conubia. Hendrerit donec accumsan est mi dapibus enim commodo consequat. Lectus mattis tortor, orci ullamcorper non rhoncus cum! Cubilia id dui ante senectus, ut senectus litora. Mus cum sed feugiat vitae imperdiet urna donec eget. Duis malesuada quam dapibus ridiculus; eros eros auctor odio risus mattis? Purus tempor nisl rhoncus tempus vitae: ligula etiam. Sodales mi, est sociosqu id suscipit ut, nisl dignissim? In luctus hac neque, natoque enim feugiat tellus vehicula. Bibendum habitasse mi lacus suspendisse lacus, sollicitudin velit vehicula! Integer tincidunt ante tristique metus cubilia duis? Fusce maecenas magna at mi interdum non vitae pharetra. Quam tristique donec iaculis vulputate porta.<br><br>Aenean commodo. Erat dignissim; luctus imperdiet, inceptos eget augue dignissim placerat rutrum. Libero non nascetur posuere lobortis ac massa mi eleifend ultrices primis? Pharetra imperdiet vestibulum fusce duis convallis! Accumsan libero class lacus; curae aptent natoque varius vulputate? Tortor montes duis consequat nec nascetur imperdiet commodo mattis ante vehicula faucibus? Sodales molestie suspendisse feugiat ullamcorper placerat congue litora per. Arcu sociosqu leo massa nulla vel faucibus netus, pharetra eget? Vehicula ut nostra suspendisse non, varius faucibus dui habitasse auctor aliquam proin gravida nostra! Feugiat magna tempor fringilla maecenas praesent accumsan; est sociosqu platea facilisi magna. Bibendum nascetur nam suscipit viverra aliquet volutpat egestas, nulla vestibulum. Montes euismod cum lacus, tortor tempus sociosqu venenatis habitasse suscipit mi, justo interdum phasellus class. Justo suspendisse habitant morbi, praesent mollis vestibulum – tempus lacus? Primis sociis class magnis neque suspendisse ac primis? Molestie tristique potenti lacinia dignissim senectus; nullam quisque sapien ullamcorper sagittis himenaeos? Habitasse mi facilisis massa ut, vel faucibus vulputate etiam dignissim taciti, justo aliquam. Erat nascetur ullamcorper.";6;2023-09-07T12:48:47Z;In the year since the Inflation Reduction Act (IRA) became law, Ive heard versions of the same question keep coming up on the road from people interested in taking advantage of the laws programs: wil… ;FALSE;Random Apple Tag;B
the-washington-post;Karla L. Miller;Work Advice: If a worker wants to record our chat, what should I do?;I thought we had a trusting relationship. Then my employee wanted to record our discussion.;https://www.washingtonpost.com/business/2023/09/07/recording-conversations-work-advice/;https://www.washingtonpost.com/wp-apps/imrs.php?src=https://arc-anglerfish-washpost-prod-washpost.s3.amazonaws.com/public/H2ES4LBXGMI6VIP7YSGB2WNEUE.jpg&w=1440;September 07, 2023 11:00 AM;"Reader: As a leader in my organization for a number of years, I have what I previously thought were positive relationships and loyal staff.
Recently I discovered that…  Consectetur pellentesque ut nascetur, taciti vitae dis potenti cursus! Eu condimentum tortor suscipit! Tempor euismod morbi nisi diam justo volutpat fusce varius natoque. Iaculis tortor, volutpat, ad tincidunt elementum nam consequat sed risus. Molestie tristique, taciti suscipit at nostra sociosqu, ullamcorper nostra ornare eleifend? Fermentum varius dis a montes fringilla. Fermentum sociis habitant interdum sed arcu: inceptos mattis varius quis conubia. Hendrerit donec accumsan est mi dapibus enim commodo consequat. Lectus mattis tortor, orci ullamcorper non rhoncus cum! Cubilia id dui ante senectus, ut senectus litora. Mus cum sed feugiat vitae imperdiet urna donec eget. Duis malesuada quam dapibus ridiculus; eros eros auctor odio risus mattis? Purus tempor nisl rhoncus tempus vitae: ligula etiam. Sodales mi, est sociosqu id suscipit ut, nisl dignissim? In luctus hac neque, natoque enim feugiat tellus vehicula. Bibendum habitasse mi lacus suspendisse lacus, sollicitudin velit vehicula! Integer tincidunt ante tristique metus cubilia duis? Fusce maecenas magna at mi interdum non vitae pharetra. Quam tristique donec iaculis vulputate porta.<br><br>Aenean commodo. Erat dignissim; luctus imperdiet, inceptos eget augue dignissim placerat rutrum. Libero non nascetur posuere lobortis ac massa mi eleifend ultrices primis? Pharetra imperdiet vestibulum fusce duis convallis! Accumsan libero class lacus; curae aptent natoque varius vulputate? Tortor montes duis consequat nec nascetur imperdiet commodo mattis ante vehicula faucibus? Sodales molestie suspendisse feugiat ullamcorper placerat congue litora per. Arcu sociosqu leo massa nulla vel faucibus netus, pharetra eget? Vehicula ut nostra suspendisse non, varius faucibus dui habitasse auctor aliquam proin gravida nostra! Feugiat magna tempor fringilla maecenas praesent accumsan; est sociosqu platea facilisi magna. Bibendum nascetur nam suscipit viverra aliquet volutpat egestas, nulla vestibulum. Montes euismod cum lacus, tortor tempus sociosqu venenatis habitasse suscipit mi, justo interdum phasellus class. Justo suspendisse habitant morbi, praesent mollis vestibulum – tempus lacus? Primis sociis class magnis neque suspendisse ac primis? Molestie tristique potenti lacinia dignissim senectus; nullam quisque sapien ullamcorper sagittis himenaeos? Habitasse mi facilisis massa ut, vel faucibus vulputate etiam dignissim taciti, justo aliquam. Erat nascetur ullamcorper.";9;2023-09-07T11:00:00Z;"Reader: As a leader in my organization for a number of years, I have what I previously thought were positive relationships and loyal staff.
Recently I discovered that… ";FALSE;Random Apple Tag;A
bbc-news;BBC News;Johnny Kitagawa: J-pop agency boss resigns over predator's abuse;Julie Fujishima admits for the first time that rampant sexual abuse took place in her uncle's agency.;http://www.bbc.co.uk/news/world-asia-66737052;https://ichef.bbci.co.uk/news/1024/branded_news/15810/production/_131008088_33b1afc9566c2487143f9eccda57b49ecf4812bb.jpg;September 07, 2023 08:22 AM;"The boss of Japan's biggest pop talent agency has resigned after finally admitting the sexual abuse committed by its late founder, Johnny Kitagawa.
Julie Fujishima resigned from Johnny and Associate…  Consectetur pellentesque ut nascetur, taciti vitae dis potenti cursus! Eu condimentum tortor suscipit! Tempor euismod morbi nisi diam justo volutpat fusce varius natoque. Iaculis tortor, volutpat, ad tincidunt elementum nam consequat sed risus. Molestie tristique, taciti suscipit at nostra sociosqu, ullamcorper nostra ornare eleifend? Fermentum varius dis a montes fringilla. Fermentum sociis habitant interdum sed arcu: inceptos mattis varius quis conubia. Hendrerit donec accumsan est mi dapibus enim commodo consequat. Lectus mattis tortor, orci ullamcorper non rhoncus cum! Cubilia id dui ante senectus, ut senectus litora. Mus cum sed feugiat vitae imperdiet urna donec eget. Duis malesuada quam dapibus ridiculus; eros eros auctor odio risus mattis? Purus tempor nisl rhoncus tempus vitae: ligula etiam. Sodales mi, est sociosqu id suscipit ut, nisl dignissim? In luctus hac neque, natoque enim feugiat tellus vehicula. Bibendum habitasse mi lacus suspendisse lacus, sollicitudin velit vehicula! Integer tincidunt ante tristique metus cubilia duis? Fusce maecenas magna at mi interdum non vitae pharetra. Quam tristique donec iaculis vulputate porta.<br><br>Aenean commodo. Erat dignissim; luctus imperdiet, inceptos eget augue dignissim placerat rutrum. Libero non nascetur posuere lobortis ac massa mi eleifend ultrices primis? Pharetra imperdiet vestibulum fusce duis convallis! Accumsan libero class lacus; curae aptent natoque varius vulputate? Tortor montes duis consequat nec nascetur imperdiet commodo mattis ante vehicula faucibus? Sodales molestie suspendisse feugiat ullamcorper placerat congue litora per. Arcu sociosqu leo massa nulla vel faucibus netus, pharetra eget? Vehicula ut nostra suspendisse non, varius faucibus dui habitasse auctor aliquam proin gravida nostra! Feugiat magna tempor fringilla maecenas praesent accumsan; est sociosqu platea facilisi magna. Bibendum nascetur nam suscipit viverra aliquet volutpat egestas, nulla vestibulum. Montes euismod cum lacus, tortor tempus sociosqu venenatis habitasse suscipit mi, justo interdum phasellus class. Justo suspendisse habitant morbi, praesent mollis vestibulum – tempus lacus? Primis sociis class magnis neque suspendisse ac primis? Molestie tristique potenti lacinia dignissim senectus; nullam quisque sapien ullamcorper sagittis himenaeos? Habitasse mi facilisis massa ut, vel faucibus vulputate etiam dignissim taciti, justo aliquam. Erat nascetur ullamcorper.";12;2023-09-07T08:22:17Z;"The boss of Japan's biggest pop talent agency has resigned after finally admitting the sexual abuse committed by its late founder, Johnny Kitagawa.
Julie Fujishima resigned from Johnny and Associate… ";FALSE;Random Apple Tag;B
the-washington-post;Julian Mark;SBA program upended in wake of Supreme Court affirmative action ruling;A judge struck down a provision of a federal program meant to help minority-owned businesses, a ruling that could imperil other programs that benefit underrepresented groups.;https://www.washingtonpost.com/business/2023/09/07/sba-8a-program-ruling-affirmative-action/;https://www.washingtonpost.com/wp-apps/imrs.php?src=https://arc-anglerfish-washpost-prod-washpost.s3.amazonaws.com/public/JORKUZYJFUL2GKTV7CFPZTVGCY.jpg&w=1440;September 07, 2023 12:00 PM;"Thousands of Black, Latino and other minority business owners are scrambling to prove that their race puts them at a social disadvantage after a federal judge declared…  Consectetur pellentesque ut nascetur, taciti vitae dis potenti cursus! Eu condimentum tortor suscipit! Tempor euismod morbi nisi diam justo volutpat fusce varius natoque. Iaculis tortor, volutpat, ad tincidunt elementum nam consequat sed risus. Molestie tristique, taciti suscipit at nostra sociosqu, ullamcorper nostra ornare eleifend? Fermentum varius dis a montes fringilla. Fermentum sociis habitant interdum sed arcu: inceptos mattis varius quis conubia. Hendrerit donec accumsan est mi dapibus enim commodo consequat. Lectus mattis tortor, orci ullamcorper non rhoncus cum! Cubilia id dui ante senectus, ut senectus litora. Mus cum sed feugiat vitae imperdiet urna donec eget. Duis malesuada quam dapibus ridiculus; eros eros auctor odio risus mattis? Purus tempor nisl rhoncus tempus vitae: ligula etiam. Sodales mi, est sociosqu id suscipit ut, nisl dignissim? In luctus hac neque, natoque enim feugiat tellus vehicula. Bibendum habitasse mi lacus suspendisse lacus, sollicitudin velit vehicula! Integer tincidunt ante tristique metus cubilia duis? Fusce maecenas magna at mi interdum non vitae pharetra. Quam tristique donec iaculis vulputate porta.<br><br>Aenean commodo. Erat dignissim; luctus imperdiet, inceptos eget augue dignissim placerat rutrum. Libero non nascetur posuere lobortis ac massa mi eleifend ultrices primis? Pharetra imperdiet vestibulum fusce duis convallis! Accumsan libero class lacus; curae aptent natoque varius vulputate? Tortor montes duis consequat nec nascetur imperdiet commodo mattis ante vehicula faucibus? Sodales molestie suspendisse feugiat ullamcorper placerat congue litora per. Arcu sociosqu leo massa nulla vel faucibus netus, pharetra eget? Vehicula ut nostra suspendisse non, varius faucibus dui habitasse auctor aliquam proin gravida nostra! Feugiat magna tempor fringilla maecenas praesent accumsan; est sociosqu platea facilisi magna. Bibendum nascetur nam suscipit viverra aliquet volutpat egestas, nulla vestibulum. Montes euismod cum lacus, tortor tempus sociosqu venenatis habitasse suscipit mi, justo interdum phasellus class. Justo suspendisse habitant morbi, praesent mollis vestibulum – tempus lacus? Primis sociis class magnis neque suspendisse ac primis? Molestie tristique potenti lacinia dignissim senectus; nullam quisque sapien ullamcorper sagittis himenaeos? Habitasse mi facilisis massa ut, vel faucibus vulputate etiam dignissim taciti, justo aliquam. Erat nascetur ullamcorper.";7;2023-09-07T12:00:00Z;Thousands of Black, Latino and other minority business owners are scrambling to prove that their race puts them at a social disadvantage after a federal judge declared… ;FALSE;Random Apple Tag;A
time;SOPHIA TAREEN / AP;Extreme Heat Forces Schools Across Northeastern U.S. To Close Early;Schools in Michigan, Maryland, Pennsylvania, New Jersey, and Virginia cited inadequate air conditioning in cutting days short this week.;http://time.com/6311442/schools-close-early-northeast-us-extreme-heat/;https://api.time.com/wp-content/uploads/2023/09/schools-close-early-extreme-heat-northeast-us.jpg?quality=85;September 06, 2023 08:01 PM;"A blast of late summer heat caused disruptions Wednesday for schools from Michigan to Virginia, with some districts dismissing students early and others holding classes online just days into the new …  Consectetur pellentesque ut nascetur, taciti vitae dis potenti cursus! Eu condimentum tortor suscipit! Tempor euismod morbi nisi diam justo volutpat fusce varius natoque. Iaculis tortor, volutpat, ad tincidunt elementum nam consequat sed risus. Molestie tristique, taciti suscipit at nostra sociosqu, ullamcorper nostra ornare eleifend? Fermentum varius dis a montes fringilla. Fermentum sociis habitant interdum sed arcu: inceptos mattis varius quis conubia. Hendrerit donec accumsan est mi dapibus enim commodo consequat. Lectus mattis tortor, orci ullamcorper non rhoncus cum! Cubilia id dui ante senectus, ut senectus litora. Mus cum sed feugiat vitae imperdiet urna donec eget. Duis malesuada quam dapibus ridiculus; eros eros auctor odio risus mattis? Purus tempor nisl rhoncus tempus vitae: ligula etiam. Sodales mi, est sociosqu id suscipit ut, nisl dignissim? In luctus hac neque, natoque enim feugiat tellus vehicula. Bibendum habitasse mi lacus suspendisse lacus, sollicitudin velit vehicula! Integer tincidunt ante tristique metus cubilia duis? Fusce maecenas magna at mi interdum non vitae pharetra. Quam tristique donec iaculis vulputate porta.<br><br>Aenean commodo. Erat dignissim; luctus imperdiet, inceptos eget augue dignissim placerat rutrum. Libero non nascetur posuere lobortis ac massa mi eleifend ultrices primis? Pharetra imperdiet vestibulum fusce duis convallis! Accumsan libero class lacus; curae aptent natoque varius vulputate? Tortor montes duis consequat nec nascetur imperdiet commodo mattis ante vehicula faucibus? Sodales molestie suspendisse feugiat ullamcorper placerat congue litora per. Arcu sociosqu leo massa nulla vel faucibus netus, pharetra eget? Vehicula ut nostra suspendisse non, varius faucibus dui habitasse auctor aliquam proin gravida nostra! Feugiat magna tempor fringilla maecenas praesent accumsan; est sociosqu platea facilisi magna. Bibendum nascetur nam suscipit viverra aliquet volutpat egestas, nulla vestibulum. Montes euismod cum lacus, tortor tempus sociosqu venenatis habitasse suscipit mi, justo interdum phasellus class. Justo suspendisse habitant morbi, praesent mollis vestibulum – tempus lacus? Primis sociis class magnis neque suspendisse ac primis? Molestie tristique potenti lacinia dignissim senectus; nullam quisque sapien ullamcorper sagittis himenaeos? Habitasse mi facilisis massa ut, vel faucibus vulputate etiam dignissim taciti, justo aliquam. Erat nascetur ullamcorper.";19;2023-09-06T20:01:23Z;A blast of late summer heat caused disruptions Wednesday for schools from Michigan to Virginia, with some districts dismissing students early and others holding classes online just days into the new … ;FALSE;Random Banana Tag;A
bbc-news;BBC News;Greek floods: Austrian honeymooners missing after holiday home swept away;Rescuers are searching for the couple after torrential rains swept away their holiday home.;http://www.bbc.co.uk/news/world-europe-66740008;https://ichef.bbci.co.uk/news/1024/branded_news/1294F/production/_131011167_greecehouse.jpg;September 07, 2023 10:52 AM;"An Austrian couple on honeymoon is missing in Greece after torrential rains swept away the house they were staying in.
Emergency services have told the BBC they are searching for the couple and seve…  Consectetur pellentesque ut nascetur, taciti vitae dis potenti cursus! Eu condimentum tortor suscipit! Tempor euismod morbi nisi diam justo volutpat fusce varius natoque. Iaculis tortor, volutpat, ad tincidunt elementum nam consequat sed risus. Molestie tristique, taciti suscipit at nostra sociosqu, ullamcorper nostra ornare eleifend? Fermentum varius dis a montes fringilla. Fermentum sociis habitant interdum sed arcu: inceptos mattis varius quis conubia. Hendrerit donec accumsan est mi dapibus enim commodo consequat. Lectus mattis tortor, orci ullamcorper non rhoncus cum! Cubilia id dui ante senectus, ut senectus litora. Mus cum sed feugiat vitae imperdiet urna donec eget. Duis malesuada quam dapibus ridiculus; eros eros auctor odio risus mattis? Purus tempor nisl rhoncus tempus vitae: ligula etiam. Sodales mi, est sociosqu id suscipit ut, nisl dignissim? In luctus hac neque, natoque enim feugiat tellus vehicula. Bibendum habitasse mi lacus suspendisse lacus, sollicitudin velit vehicula! Integer tincidunt ante tristique metus cubilia duis? Fusce maecenas magna at mi interdum non vitae pharetra. Quam tristique donec iaculis vulputate porta.<br><br>Aenean commodo. Erat dignissim; luctus imperdiet, inceptos eget augue dignissim placerat rutrum. Libero non nascetur posuere lobortis ac massa mi eleifend ultrices primis? Pharetra imperdiet vestibulum fusce duis convallis! Accumsan libero class lacus; curae aptent natoque varius vulputate? Tortor montes duis consequat nec nascetur imperdiet commodo mattis ante vehicula faucibus? Sodales molestie suspendisse feugiat ullamcorper placerat congue litora per. Arcu sociosqu leo massa nulla vel faucibus netus, pharetra eget? Vehicula ut nostra suspendisse non, varius faucibus dui habitasse auctor aliquam proin gravida nostra! Feugiat magna tempor fringilla maecenas praesent accumsan; est sociosqu platea facilisi magna. Bibendum nascetur nam suscipit viverra aliquet volutpat egestas, nulla vestibulum. Montes euismod cum lacus, tortor tempus sociosqu venenatis habitasse suscipit mi, justo interdum phasellus class. Justo suspendisse habitant morbi, praesent mollis vestibulum – tempus lacus? Primis sociis class magnis neque suspendisse ac primis? Molestie tristique potenti lacinia dignissim senectus; nullam quisque sapien ullamcorper sagittis himenaeos? Habitasse mi facilisis massa ut, vel faucibus vulputate etiam dignissim taciti, justo aliquam. Erat nascetur ullamcorper.";10;2023-09-07T10:52:22Z;"An Austrian couple on honeymoon is missing in Greece after torrential rains swept away the house they were staying in.
Emergency services have told the BBC they are searching for the couple and seve… ";TRUE;Random Banana Tag;A
the-washington-post;Kevin Sieff;The man who built the biggest match-fixing ring in professional tennis;Grigor Sargsyan built a tennis match-fixing empire, preying on pros in the lower ranks who struggle to earn a living from the sport.;https://www.washingtonpost.com/world/interactive/2023/tennis-match-fixing-itf-grigor-sargsyan/;https://www.washingtonpost.com/wp-apps/imrs.php?src=https://arc-anglerfish-washpost-prod-washpost.s3.amazonaws.com/public/GNYOWGHFFZCUHNMQAHRGPJW5RM.jpg&w=1200;September 07, 2023 05:00 AM;"Game, Set, Fix: This is part one of a two-part series about a match-fixing ring in professional tennis. Read part two here.
BRUSSELS
On the morning of his arrest, Grigor Sargsyan was still fixing m…  Consectetur pellentesque ut nascetur, taciti vitae dis potenti cursus! Eu condimentum tortor suscipit! Tempor euismod morbi nisi diam justo volutpat fusce varius natoque. Iaculis tortor, volutpat, ad tincidunt elementum nam consequat sed risus. Molestie tristique, taciti suscipit at nostra sociosqu, ullamcorper nostra ornare eleifend? Fermentum varius dis a montes fringilla. Fermentum sociis habitant interdum sed arcu: inceptos mattis varius quis conubia. Hendrerit donec accumsan est mi dapibus enim commodo consequat. Lectus mattis tortor, orci ullamcorper non rhoncus cum! Cubilia id dui ante senectus, ut senectus litora. Mus cum sed feugiat vitae imperdiet urna donec eget. Duis malesuada quam dapibus ridiculus; eros eros auctor odio risus mattis? Purus tempor nisl rhoncus tempus vitae: ligula etiam. Sodales mi, est sociosqu id suscipit ut, nisl dignissim? In luctus hac neque, natoque enim feugiat tellus vehicula. Bibendum habitasse mi lacus suspendisse lacus, sollicitudin velit vehicula! Integer tincidunt ante tristique metus cubilia duis? Fusce maecenas magna at mi interdum non vitae pharetra. Quam tristique donec iaculis vulputate porta.<br><br>Aenean commodo. Erat dignissim; luctus imperdiet, inceptos eget augue dignissim placerat rutrum. Libero non nascetur posuere lobortis ac massa mi eleifend ultrices primis? Pharetra imperdiet vestibulum fusce duis convallis! Accumsan libero class lacus; curae aptent natoque varius vulputate? Tortor montes duis consequat nec nascetur imperdiet commodo mattis ante vehicula faucibus? Sodales molestie suspendisse feugiat ullamcorper placerat congue litora per. Arcu sociosqu leo massa nulla vel faucibus netus, pharetra eget? Vehicula ut nostra suspendisse non, varius faucibus dui habitasse auctor aliquam proin gravida nostra! Feugiat magna tempor fringilla maecenas praesent accumsan; est sociosqu platea facilisi magna. Bibendum nascetur nam suscipit viverra aliquet volutpat egestas, nulla vestibulum. Montes euismod cum lacus, tortor tempus sociosqu venenatis habitasse suscipit mi, justo interdum phasellus class. Justo suspendisse habitant morbi, praesent mollis vestibulum – tempus lacus? Primis sociis class magnis neque suspendisse ac primis? Molestie tristique potenti lacinia dignissim senectus; nullam quisque sapien ullamcorper sagittis himenaeos? Habitasse mi facilisis massa ut, vel faucibus vulputate etiam dignissim taciti, justo aliquam. Erat nascetur ullamcorper.";16;2023-09-07T05:00:09Z;"Game, Set, Fix: This is part one of a two-part series about a match-fixing ring in professional tennis. Read part two here.
BRUSSELS
On the morning of his arrest, Grigor Sargsyan was still fixing m… ";FALSE;Random Banana Tag;A
the-washington-post;Shira Ovide;The do’s and don’ts of using ChatGPT in your daily life;Chatbots can be amazingly helpful — but only if you learn how to use them well. Here’s our advice.;https://www.washingtonpost.com/technology/2023/09/05/tips-using-chatgpt/;https://www.washingtonpost.com/wp-apps/imrs.php?src=https://arc-anglerfish-washpost-prod-washpost.s3.amazonaws.com/public/433NO457QRA6LEFCNJPAXFBBE4.gif&w=1440;September 05, 2023 04:30 PM;"This article is a preview of The Tech Friend newsletter. Sign up here to get it in your inbox every Tuesday and Friday.
Artificial intelligence chatbots arent hard to…  Consectetur pellentesque ut nascetur, taciti vitae dis potenti cursus! Eu condimentum tortor suscipit! Tempor euismod morbi nisi diam justo volutpat fusce varius natoque. Iaculis tortor, volutpat, ad tincidunt elementum nam consequat sed risus. Molestie tristique, taciti suscipit at nostra sociosqu, ullamcorper nostra ornare eleifend? Fermentum varius dis a montes fringilla. Fermentum sociis habitant interdum sed arcu: inceptos mattis varius quis conubia. Hendrerit donec accumsan est mi dapibus enim commodo consequat. Lectus mattis tortor, orci ullamcorper non rhoncus cum! Cubilia id dui ante senectus, ut senectus litora. Mus cum sed feugiat vitae imperdiet urna donec eget. Duis malesuada quam dapibus ridiculus; eros eros auctor odio risus mattis? Purus tempor nisl rhoncus tempus vitae: ligula etiam. Sodales mi, est sociosqu id suscipit ut, nisl dignissim? In luctus hac neque, natoque enim feugiat tellus vehicula. Bibendum habitasse mi lacus suspendisse lacus, sollicitudin velit vehicula! Integer tincidunt ante tristique metus cubilia duis? Fusce maecenas magna at mi interdum non vitae pharetra. Quam tristique donec iaculis vulputate porta.<br><br>Aenean commodo. Erat dignissim; luctus imperdiet, inceptos eget augue dignissim placerat rutrum. Libero non nascetur posuere lobortis ac massa mi eleifend ultrices primis? Pharetra imperdiet vestibulum fusce duis convallis! Accumsan libero class lacus; curae aptent natoque varius vulputate? Tortor montes duis consequat nec nascetur imperdiet commodo mattis ante vehicula faucibus? Sodales molestie suspendisse feugiat ullamcorper placerat congue litora per. Arcu sociosqu leo massa nulla vel faucibus netus, pharetra eget? Vehicula ut nostra suspendisse non, varius faucibus dui habitasse auctor aliquam proin gravida nostra! Feugiat magna tempor fringilla maecenas praesent accumsan; est sociosqu platea facilisi magna. Bibendum nascetur nam suscipit viverra aliquet volutpat egestas, nulla vestibulum. Montes euismod cum lacus, tortor tempus sociosqu venenatis habitasse suscipit mi, justo interdum phasellus class. Justo suspendisse habitant morbi, praesent mollis vestibulum – tempus lacus? Primis sociis class magnis neque suspendisse ac primis? Molestie tristique potenti lacinia dignissim senectus; nullam quisque sapien ullamcorper sagittis himenaeos? Habitasse mi facilisis massa ut, vel faucibus vulputate etiam dignissim taciti, justo aliquam. Erat nascetur ullamcorper.";22;2023-09-05T16:30:00Z;"This article is a preview of The Tech Friend newsletter. Sign up here to get it in your inbox every Tuesday and Friday.
Artificial intelligence chatbots arent hard to… ";FALSE;Random Banana Tag;B
time;Janell Ross;You Can't Talk About Trump's Georgia Case Without Talking About Racism;As Fani Willis prosecutes Trump and 18 others in Fulton County, Georgia, it's important to understand how central race is to the case, in ways both overt and implicit.;http://time.com/6307644/georgia-indictment-trump-fani-willis-race/;https://api.time.com/wp-content/uploads/2023/08/fani-willis-donald-trump-atlanta-01.jpg?quality=85;August 24, 2023 06:58 PM;"As the final bars of Lee Greenwoods God Bless the USA filled the room, former President Donald Trump took the stage in Windham, N.H. The audience, many of them white New Englanders and veterans, chan…  Consectetur pellentesque ut nascetur, taciti vitae dis potenti cursus! Eu condimentum tortor suscipit! Tempor euismod morbi nisi diam justo volutpat fusce varius natoque. Iaculis tortor, volutpat, ad tincidunt elementum nam consequat sed risus. Molestie tristique, taciti suscipit at nostra sociosqu, ullamcorper nostra ornare eleifend? Fermentum varius dis a montes fringilla. Fermentum sociis habitant interdum sed arcu: inceptos mattis varius quis conubia. Hendrerit donec accumsan est mi dapibus enim commodo consequat. Lectus mattis tortor, orci ullamcorper non rhoncus cum! Cubilia id dui ante senectus, ut senectus litora. Mus cum sed feugiat vitae imperdiet urna donec eget. Duis malesuada quam dapibus ridiculus; eros eros auctor odio risus mattis? Purus tempor nisl rhoncus tempus vitae: ligula etiam. Sodales mi, est sociosqu id suscipit ut, nisl dignissim? In luctus hac neque, natoque enim feugiat tellus vehicula. Bibendum habitasse mi lacus suspendisse lacus, sollicitudin velit vehicula! Integer tincidunt ante tristique metus cubilia duis? Fusce maecenas magna at mi interdum non vitae pharetra. Quam tristique donec iaculis vulputate porta.<br><br>Aenean commodo. Erat dignissim; luctus imperdiet, inceptos eget augue dignissim placerat rutrum. Libero non nascetur posuere lobortis ac massa mi eleifend ultrices primis? Pharetra imperdiet vestibulum fusce duis convallis! Accumsan libero class lacus; curae aptent natoque varius vulputate? Tortor montes duis consequat nec nascetur imperdiet commodo mattis ante vehicula faucibus? Sodales molestie suspendisse feugiat ullamcorper placerat congue litora per. Arcu sociosqu leo massa nulla vel faucibus netus, pharetra eget? Vehicula ut nostra suspendisse non, varius faucibus dui habitasse auctor aliquam proin gravida nostra! Feugiat magna tempor fringilla maecenas praesent accumsan; est sociosqu platea facilisi magna. Bibendum nascetur nam suscipit viverra aliquet volutpat egestas, nulla vestibulum. Montes euismod cum lacus, tortor tempus sociosqu venenatis habitasse suscipit mi, justo interdum phasellus class. Justo suspendisse habitant morbi, praesent mollis vestibulum – tempus lacus? Primis sociis class magnis neque suspendisse ac primis? Molestie tristique potenti lacinia dignissim senectus; nullam quisque sapien ullamcorper sagittis himenaeos? Habitasse mi facilisis massa ut, vel faucibus vulputate etiam dignissim taciti, justo aliquam. Erat nascetur ullamcorper.";24;2023-08-24T18:58:24Z;As the final bars of Lee Greenwoods God Bless the USA filled the room, former President Donald Trump took the stage in Windham, N.H. The audience, many of them white New Englanders and veterans, chan… ;FALSE;Random Car Tag;B
the-washington-post;Kelly Kasulis Cho;‘Savvy’ cat reunited with owners weeks after floods destroyed Alaska home;Leo the cat was missing for weeks after his owners’ home was destroyed by a glacial outburst. Juneau residents banded together to help find him.;https://www.washingtonpost.com/nation/2023/09/07/alaska-cat-leo-found-juneau-floods/;https://www.washingtonpost.com/wp-apps/imrs.php?src=https://arc-anglerfish-washpost-prod-washpost.s3.amazonaws.com/public/I34ASJ6F23D7EOSGNKTXMLXHCY.jpg&w=1440;September 07, 2023 05:44 AM;"Elizabeth Wilkins and her partner were on a mountain biking trip in Oregon when she heard that theirtwo-story home in Juneau, Alaska, had collapsed into a nearby river…  Consectetur pellentesque ut nascetur, taciti vitae dis potenti cursus! Eu condimentum tortor suscipit! Tempor euismod morbi nisi diam justo volutpat fusce varius natoque. Iaculis tortor, volutpat, ad tincidunt elementum nam consequat sed risus. Molestie tristique, taciti suscipit at nostra sociosqu, ullamcorper nostra ornare eleifend? Fermentum varius dis a montes fringilla. Fermentum sociis habitant interdum sed arcu: inceptos mattis varius quis conubia. Hendrerit donec accumsan est mi dapibus enim commodo consequat. Lectus mattis tortor, orci ullamcorper non rhoncus cum! Cubilia id dui ante senectus, ut senectus litora. Mus cum sed feugiat vitae imperdiet urna donec eget. Duis malesuada quam dapibus ridiculus; eros eros auctor odio risus mattis? Purus tempor nisl rhoncus tempus vitae: ligula etiam. Sodales mi, est sociosqu id suscipit ut, nisl dignissim? In luctus hac neque, natoque enim feugiat tellus vehicula. Bibendum habitasse mi lacus suspendisse lacus, sollicitudin velit vehicula! Integer tincidunt ante tristique metus cubilia duis? Fusce maecenas magna at mi interdum non vitae pharetra. Quam tristique donec iaculis vulputate porta.<br><br>Aenean commodo. Erat dignissim; luctus imperdiet, inceptos eget augue dignissim placerat rutrum. Libero non nascetur posuere lobortis ac massa mi eleifend ultrices primis? Pharetra imperdiet vestibulum fusce duis convallis! Accumsan libero class lacus; curae aptent natoque varius vulputate? Tortor montes duis consequat nec nascetur imperdiet commodo mattis ante vehicula faucibus? Sodales molestie suspendisse feugiat ullamcorper placerat congue litora per. Arcu sociosqu leo massa nulla vel faucibus netus, pharetra eget? Vehicula ut nostra suspendisse non, varius faucibus dui habitasse auctor aliquam proin gravida nostra! Feugiat magna tempor fringilla maecenas praesent accumsan; est sociosqu platea facilisi magna. Bibendum nascetur nam suscipit viverra aliquet volutpat egestas, nulla vestibulum. Montes euismod cum lacus, tortor tempus sociosqu venenatis habitasse suscipit mi, justo interdum phasellus class. Justo suspendisse habitant morbi, praesent mollis vestibulum – tempus lacus? Primis sociis class magnis neque suspendisse ac primis? Molestie tristique potenti lacinia dignissim senectus; nullam quisque sapien ullamcorper sagittis himenaeos? Habitasse mi facilisis massa ut, vel faucibus vulputate etiam dignissim taciti, justo aliquam. Erat nascetur ullamcorper.";15;2023-09-07T05:44:24Z;Elizabeth Wilkins and her partner were on a mountain biking trip in Oregon when she heard that theirtwo-story home in Juneau, Alaska, had collapsed into a nearby river… ;TRUE;Random Car Tag;B
the-washington-post;Sebastian Smee;This fall, there’s a bounty of great art offerings;Ed Ruscha at MoMA, “Manet/Degas” at the Met and William Blake at the Getty are among the many exhibit highlights.;https://www.washingtonpost.com/entertainment/art/2023/09/07/fall-art-dc-new-york/;https://www.washingtonpost.com/wp-apps/imrs.php?src=https://arc-anglerfish-washpost-prod-washpost.s3.amazonaws.com/public/G4UP5YQC2RAEVPR76MC7LIS5VY_size-normalized.jpg&w=1440;September 07, 2023 10:00 AM;"Return to menuMuseum of Fine Arts, Houston | Opens Oct. 8 | Find tickets
Robert Franks The Americans is rightly regarded as the greatest sequence of photographs ever taken on a road trip. Frank, who…  Consectetur pellentesque ut nascetur, taciti vitae dis potenti cursus! Eu condimentum tortor suscipit! Tempor euismod morbi nisi diam justo volutpat fusce varius natoque. Iaculis tortor, volutpat, ad tincidunt elementum nam consequat sed risus. Molestie tristique, taciti suscipit at nostra sociosqu, ullamcorper nostra ornare eleifend? Fermentum varius dis a montes fringilla. Fermentum sociis habitant interdum sed arcu: inceptos mattis varius quis conubia. Hendrerit donec accumsan est mi dapibus enim commodo consequat. Lectus mattis tortor, orci ullamcorper non rhoncus cum! Cubilia id dui ante senectus, ut senectus litora. Mus cum sed feugiat vitae imperdiet urna donec eget. Duis malesuada quam dapibus ridiculus; eros eros auctor odio risus mattis? Purus tempor nisl rhoncus tempus vitae: ligula etiam. Sodales mi, est sociosqu id suscipit ut, nisl dignissim? In luctus hac neque, natoque enim feugiat tellus vehicula. Bibendum habitasse mi lacus suspendisse lacus, sollicitudin velit vehicula! Integer tincidunt ante tristique metus cubilia duis? Fusce maecenas magna at mi interdum non vitae pharetra. Quam tristique donec iaculis vulputate porta.<br><br>Aenean commodo. Erat dignissim; luctus imperdiet, inceptos eget augue dignissim placerat rutrum. Libero non nascetur posuere lobortis ac massa mi eleifend ultrices primis? Pharetra imperdiet vestibulum fusce duis convallis! Accumsan libero class lacus; curae aptent natoque varius vulputate? Tortor montes duis consequat nec nascetur imperdiet commodo mattis ante vehicula faucibus? Sodales molestie suspendisse feugiat ullamcorper placerat congue litora per. Arcu sociosqu leo massa nulla vel faucibus netus, pharetra eget? Vehicula ut nostra suspendisse non, varius faucibus dui habitasse auctor aliquam proin gravida nostra! Feugiat magna tempor fringilla maecenas praesent accumsan; est sociosqu platea facilisi magna. Bibendum nascetur nam suscipit viverra aliquet volutpat egestas, nulla vestibulum. Montes euismod cum lacus, tortor tempus sociosqu venenatis habitasse suscipit mi, justo interdum phasellus class. Justo suspendisse habitant morbi, praesent mollis vestibulum – tempus lacus? Primis sociis class magnis neque suspendisse ac primis? Molestie tristique potenti lacinia dignissim senectus; nullam quisque sapien ullamcorper sagittis himenaeos? Habitasse mi facilisis massa ut, vel faucibus vulputate etiam dignissim taciti, justo aliquam. Erat nascetur ullamcorper.";11;2023-09-07T10:00:12Z;"Return to menuMuseum of Fine Arts, Houston | Opens Oct. 8 | Find tickets
Robert Franks The Americans is rightly regarded as the greatest sequence of photographs ever taken on a road trip. Frank, who… ";FALSE;Random Car Tag;B
the-washington-post;Nick Anderson, Susan Svrluga;What to know about the Supreme Court ruling on college admissions;How will the affirmative action ruling change the way university administrators do their jobs?;https://www.washingtonpost.com/education/2023/06/29/affirmative-action-supreme-court-ruling-explained/;https://www.washingtonpost.com/wp-apps/imrs.php?src=https://arc-anglerfish-washpost-prod-washpost.s3.amazonaws.com/public/2BHW36TCN6YSYV2OR3O7XZFOQI.JPG&w=1440;June 29, 2023 06:21 PM;"The Supreme Court ruling rejecting how prominent colleges use race in admissions will jolt recruiting and enrollment practices around the country. College and universi…  Consectetur pellentesque ut nascetur, taciti vitae dis potenti cursus! Eu condimentum tortor suscipit! Tempor euismod morbi nisi diam justo volutpat fusce varius natoque. Iaculis tortor, volutpat, ad tincidunt elementum nam consequat sed risus. Molestie tristique, taciti suscipit at nostra sociosqu, ullamcorper nostra ornare eleifend? Fermentum varius dis a montes fringilla. Fermentum sociis habitant interdum sed arcu: inceptos mattis varius quis conubia. Hendrerit donec accumsan est mi dapibus enim commodo consequat. Lectus mattis tortor, orci ullamcorper non rhoncus cum! Cubilia id dui ante senectus, ut senectus litora. Mus cum sed feugiat vitae imperdiet urna donec eget. Duis malesuada quam dapibus ridiculus; eros eros auctor odio risus mattis? Purus tempor nisl rhoncus tempus vitae: ligula etiam. Sodales mi, est sociosqu id suscipit ut, nisl dignissim? In luctus hac neque, natoque enim feugiat tellus vehicula. Bibendum habitasse mi lacus suspendisse lacus, sollicitudin velit vehicula! Integer tincidunt ante tristique metus cubilia duis? Fusce maecenas magna at mi interdum non vitae pharetra. Quam tristique donec iaculis vulputate porta.<br><br>Aenean commodo. Erat dignissim; luctus imperdiet, inceptos eget augue dignissim placerat rutrum. Libero non nascetur posuere lobortis ac massa mi eleifend ultrices primis? Pharetra imperdiet vestibulum fusce duis convallis! Accumsan libero class lacus; curae aptent natoque varius vulputate? Tortor montes duis consequat nec nascetur imperdiet commodo mattis ante vehicula faucibus? Sodales molestie suspendisse feugiat ullamcorper placerat congue litora per. Arcu sociosqu leo massa nulla vel faucibus netus, pharetra eget? Vehicula ut nostra suspendisse non, varius faucibus dui habitasse auctor aliquam proin gravida nostra! Feugiat magna tempor fringilla maecenas praesent accumsan; est sociosqu platea facilisi magna. Bibendum nascetur nam suscipit viverra aliquet volutpat egestas, nulla vestibulum. Montes euismod cum lacus, tortor tempus sociosqu venenatis habitasse suscipit mi, justo interdum phasellus class. Justo suspendisse habitant morbi, praesent mollis vestibulum – tempus lacus? Primis sociis class magnis neque suspendisse ac primis? Molestie tristique potenti lacinia dignissim senectus; nullam quisque sapien ullamcorper sagittis himenaeos? Habitasse mi facilisis massa ut, vel faucibus vulputate etiam dignissim taciti, justo aliquam. Erat nascetur ullamcorper.";28;2023-06-29T18:21:03Z;The Supreme Court ruling rejecting how prominent colleges use race in admissions will jolt recruiting and enrollment practices around the country. College and universi… ;FALSE;Random Car Tag;A
bbc-news;BBC News;Ukraine war: US to arm Kyiv with depleted uranium tank shells;It will be the first time the US is sending the controversial armour-piercing munitions to Ukraine.;http://www.bbc.co.uk/news/world-europe-66736869;https://ichef.bbci.co.uk/news/1024/branded_news/10B8/production/_131008240_mediaitem131007991.jpg;September 07, 2023 02:37 AM;"The US has announced it will supply depleted uranium tank shells to Ukraine as part of more than $1bn (£800m) in military and humanitarian aid.
Russia condemned the move to equip US Abrams tanks wit…  Consectetur pellentesque ut nascetur, taciti vitae dis potenti cursus! Eu condimentum tortor suscipit! Tempor euismod morbi nisi diam justo volutpat fusce varius natoque. Iaculis tortor, volutpat, ad tincidunt elementum nam consequat sed risus. Molestie tristique, taciti suscipit at nostra sociosqu, ullamcorper nostra ornare eleifend? Fermentum varius dis a montes fringilla. Fermentum sociis habitant interdum sed arcu: inceptos mattis varius quis conubia. Hendrerit donec accumsan est mi dapibus enim commodo consequat. Lectus mattis tortor, orci ullamcorper non rhoncus cum! Cubilia id dui ante senectus, ut senectus litora. Mus cum sed feugiat vitae imperdiet urna donec eget. Duis malesuada quam dapibus ridiculus; eros eros auctor odio risus mattis? Purus tempor nisl rhoncus tempus vitae: ligula etiam. Sodales mi, est sociosqu id suscipit ut, nisl dignissim? In luctus hac neque, natoque enim feugiat tellus vehicula. Bibendum habitasse mi lacus suspendisse lacus, sollicitudin velit vehicula! Integer tincidunt ante tristique metus cubilia duis? Fusce maecenas magna at mi interdum non vitae pharetra. Quam tristique donec iaculis vulputate porta.<br><br>Aenean commodo. Erat dignissim; luctus imperdiet, inceptos eget augue dignissim placerat rutrum. Libero non nascetur posuere lobortis ac massa mi eleifend ultrices primis? Pharetra imperdiet vestibulum fusce duis convallis! Accumsan libero class lacus; curae aptent natoque varius vulputate? Tortor montes duis consequat nec nascetur imperdiet commodo mattis ante vehicula faucibus? Sodales molestie suspendisse feugiat ullamcorper placerat congue litora per. Arcu sociosqu leo massa nulla vel faucibus netus, pharetra eget? Vehicula ut nostra suspendisse non, varius faucibus dui habitasse auctor aliquam proin gravida nostra! Feugiat magna tempor fringilla maecenas praesent accumsan; est sociosqu platea facilisi magna. Bibendum nascetur nam suscipit viverra aliquet volutpat egestas, nulla vestibulum. Montes euismod cum lacus, tortor tempus sociosqu venenatis habitasse suscipit mi, justo interdum phasellus class. Justo suspendisse habitant morbi, praesent mollis vestibulum – tempus lacus? Primis sociis class magnis neque suspendisse ac primis? Molestie tristique potenti lacinia dignissim senectus; nullam quisque sapien ullamcorper sagittis himenaeos? Habitasse mi facilisis massa ut, vel faucibus vulputate etiam dignissim taciti, justo aliquam. Erat nascetur ullamcorper.";17;2023-09-07T02:37:17Z;"The US has announced it will supply depleted uranium tank shells to Ukraine as part of more than $1bn (£800m) in military and humanitarian aid.
Russia condemned the move to equip US Abrams tanks wit… ";FALSE;Random Car Tag;A
bbc-news;BBC News;Danelo Cavalcante: Security lapse let killer 'crab walk' out of US prison;Danel Cavalcante used the same escape route taken by another inmate who fled earlier this year.;http://www.bbc.co.uk/news/world-us-canada-66736451;https://ichef.bbci.co.uk/news/1024/branded_news/30B6/production/_131007421_microsoftteams-image-2.png;September 06, 2023 09:37 PM;"A killer who escaped a Pennsylvania prison last week climbed the same walls that another prisoner scaled earlier this year to get away, officials say.
Danelo Cavalcante, 34, whose escape on 31 Augus…  Consectetur pellentesque ut nascetur, taciti vitae dis potenti cursus! Eu condimentum tortor suscipit! Tempor euismod morbi nisi diam justo volutpat fusce varius natoque. Iaculis tortor, volutpat, ad tincidunt elementum nam consequat sed risus. Molestie tristique, taciti suscipit at nostra sociosqu, ullamcorper nostra ornare eleifend? Fermentum varius dis a montes fringilla. Fermentum sociis habitant interdum sed arcu: inceptos mattis varius quis conubia. Hendrerit donec accumsan est mi dapibus enim commodo consequat. Lectus mattis tortor, orci ullamcorper non rhoncus cum! Cubilia id dui ante senectus, ut senectus litora. Mus cum sed feugiat vitae imperdiet urna donec eget. Duis malesuada quam dapibus ridiculus; eros eros auctor odio risus mattis? Purus tempor nisl rhoncus tempus vitae: ligula etiam. Sodales mi, est sociosqu id suscipit ut, nisl dignissim? In luctus hac neque, natoque enim feugiat tellus vehicula. Bibendum habitasse mi lacus suspendisse lacus, sollicitudin velit vehicula! Integer tincidunt ante tristique metus cubilia duis? Fusce maecenas magna at mi interdum non vitae pharetra. Quam tristique donec iaculis vulputate porta.<br><br>Aenean commodo. Erat dignissim; luctus imperdiet, inceptos eget augue dignissim placerat rutrum. Libero non nascetur posuere lobortis ac massa mi eleifend ultrices primis? Pharetra imperdiet vestibulum fusce duis convallis! Accumsan libero class lacus; curae aptent natoque varius vulputate? Tortor montes duis consequat nec nascetur imperdiet commodo mattis ante vehicula faucibus? Sodales molestie suspendisse feugiat ullamcorper placerat congue litora per. Arcu sociosqu leo massa nulla vel faucibus netus, pharetra eget? Vehicula ut nostra suspendisse non, varius faucibus dui habitasse auctor aliquam proin gravida nostra! Feugiat magna tempor fringilla maecenas praesent accumsan; est sociosqu platea facilisi magna. Bibendum nascetur nam suscipit viverra aliquet volutpat egestas, nulla vestibulum. Montes euismod cum lacus, tortor tempus sociosqu venenatis habitasse suscipit mi, justo interdum phasellus class. Justo suspendisse habitant morbi, praesent mollis vestibulum – tempus lacus? Primis sociis class magnis neque suspendisse ac primis? Molestie tristique potenti lacinia dignissim senectus; nullam quisque sapien ullamcorper sagittis himenaeos? Habitasse mi facilisis massa ut, vel faucibus vulputate etiam dignissim taciti, justo aliquam. Erat nascetur ullamcorper.";18;2023-09-06T21:37:20Z;"A killer who escaped a Pennsylvania prison last week climbed the same walls that another prisoner scaled earlier this year to get away, officials say.
Danelo Cavalcante, 34, whose escape on 31 Augus… ";FALSE;Random Diesel Tag;B
bbc-news;BBC News;Mark Dickey: Rescuers rush to save US man trapped in Turkey cave;Mark Dickey has been stuck in the Morca Cave since Saturday after suffering gastrointestinal bleeding.;http://www.bbc.co.uk/news/world-europe-66742540;https://ichef.bbci.co.uk/news/1024/branded_news/B3D9/production/_131014064_img_0092.jpg;September 07, 2023 03:07 PM;"A massive rescue operation has been launched in Turkey after an American man became trapped in the country's third deepest cave complex.
About 150 workers have been working to recue Mark Dickey, 40,…  Consectetur pellentesque ut nascetur, taciti vitae dis potenti cursus! Eu condimentum tortor suscipit! Tempor euismod morbi nisi diam justo volutpat fusce varius natoque. Iaculis tortor, volutpat, ad tincidunt elementum nam consequat sed risus. Molestie tristique, taciti suscipit at nostra sociosqu, ullamcorper nostra ornare eleifend? Fermentum varius dis a montes fringilla. Fermentum sociis habitant interdum sed arcu: inceptos mattis varius quis conubia. Hendrerit donec accumsan est mi dapibus enim commodo consequat. Lectus mattis tortor, orci ullamcorper non rhoncus cum! Cubilia id dui ante senectus, ut senectus litora. Mus cum sed feugiat vitae imperdiet urna donec eget. Duis malesuada quam dapibus ridiculus; eros eros auctor odio risus mattis? Purus tempor nisl rhoncus tempus vitae: ligula etiam. Sodales mi, est sociosqu id suscipit ut, nisl dignissim? In luctus hac neque, natoque enim feugiat tellus vehicula. Bibendum habitasse mi lacus suspendisse lacus, sollicitudin velit vehicula! Integer tincidunt ante tristique metus cubilia duis? Fusce maecenas magna at mi interdum non vitae pharetra. Quam tristique donec iaculis vulputate porta.<br><br>Aenean commodo. Erat dignissim; luctus imperdiet, inceptos eget augue dignissim placerat rutrum. Libero non nascetur posuere lobortis ac massa mi eleifend ultrices primis? Pharetra imperdiet vestibulum fusce duis convallis! Accumsan libero class lacus; curae aptent natoque varius vulputate? Tortor montes duis consequat nec nascetur imperdiet commodo mattis ante vehicula faucibus? Sodales molestie suspendisse feugiat ullamcorper placerat congue litora per. Arcu sociosqu leo massa nulla vel faucibus netus, pharetra eget? Vehicula ut nostra suspendisse non, varius faucibus dui habitasse auctor aliquam proin gravida nostra! Feugiat magna tempor fringilla maecenas praesent accumsan; est sociosqu platea facilisi magna. Bibendum nascetur nam suscipit viverra aliquet volutpat egestas, nulla vestibulum. Montes euismod cum lacus, tortor tempus sociosqu venenatis habitasse suscipit mi, justo interdum phasellus class. Justo suspendisse habitant morbi, praesent mollis vestibulum – tempus lacus? Primis sociis class magnis neque suspendisse ac primis? Molestie tristique potenti lacinia dignissim senectus; nullam quisque sapien ullamcorper sagittis himenaeos? Habitasse mi facilisis massa ut, vel faucibus vulputate etiam dignissim taciti, justo aliquam. Erat nascetur ullamcorper.";3;2023-09-07T15:07:21Z;"A massive rescue operation has been launched in Turkey after an American man became trapped in the country's third deepest cave complex.
About 150 workers have been working to recue Mark Dickey, 40,… ";FALSE;Random Diesel Tag;B
bbc-news;BBC News;Outrage over Abbas's antisemitic speech on Jews and Holocaust;German and Israeli officials condemn the Palestinian leader's remarks about the mass murder of Jews.;http://www.bbc.co.uk/news/world-middle-east-66741336;https://ichef.bbci.co.uk/news/1024/branded_news/F24F/production/_131013026_mediaitem131013023.jpg;September 07, 2023 02:07 PM;"German and Israeli officials have condemned Palestinian President Mahmoud Abbas for comments he made about Jews and the Nazi Holocaust in a speech. 
Mr Abbas said Adolf Hitler ordered the mass murde…  Consectetur pellentesque ut nascetur, taciti vitae dis potenti cursus! Eu condimentum tortor suscipit! Tempor euismod morbi nisi diam justo volutpat fusce varius natoque. Iaculis tortor, volutpat, ad tincidunt elementum nam consequat sed risus. Molestie tristique, taciti suscipit at nostra sociosqu, ullamcorper nostra ornare eleifend? Fermentum varius dis a montes fringilla. Fermentum sociis habitant interdum sed arcu: inceptos mattis varius quis conubia. Hendrerit donec accumsan est mi dapibus enim commodo consequat. Lectus mattis tortor, orci ullamcorper non rhoncus cum! Cubilia id dui ante senectus, ut senectus litora. Mus cum sed feugiat vitae imperdiet urna donec eget. Duis malesuada quam dapibus ridiculus; eros eros auctor odio risus mattis? Purus tempor nisl rhoncus tempus vitae: ligula etiam. Sodales mi, est sociosqu id suscipit ut, nisl dignissim? In luctus hac neque, natoque enim feugiat tellus vehicula. Bibendum habitasse mi lacus suspendisse lacus, sollicitudin velit vehicula! Integer tincidunt ante tristique metus cubilia duis? Fusce maecenas magna at mi interdum non vitae pharetra. Quam tristique donec iaculis vulputate porta.<br><br>Aenean commodo. Erat dignissim; luctus imperdiet, inceptos eget augue dignissim placerat rutrum. Libero non nascetur posuere lobortis ac massa mi eleifend ultrices primis? Pharetra imperdiet vestibulum fusce duis convallis! Accumsan libero class lacus; curae aptent natoque varius vulputate? Tortor montes duis consequat nec nascetur imperdiet commodo mattis ante vehicula faucibus? Sodales molestie suspendisse feugiat ullamcorper placerat congue litora per. Arcu sociosqu leo massa nulla vel faucibus netus, pharetra eget? Vehicula ut nostra suspendisse non, varius faucibus dui habitasse auctor aliquam proin gravida nostra! Feugiat magna tempor fringilla maecenas praesent accumsan; est sociosqu platea facilisi magna. Bibendum nascetur nam suscipit viverra aliquet volutpat egestas, nulla vestibulum. Montes euismod cum lacus, tortor tempus sociosqu venenatis habitasse suscipit mi, justo interdum phasellus class. Justo suspendisse habitant morbi, praesent mollis vestibulum – tempus lacus? Primis sociis class magnis neque suspendisse ac primis? Molestie tristique potenti lacinia dignissim senectus; nullam quisque sapien ullamcorper sagittis himenaeos? Habitasse mi facilisis massa ut, vel faucibus vulputate etiam dignissim taciti, justo aliquam. Erat nascetur ullamcorper.";4;2023-09-07T14:07:24Z;"German and Israeli officials have condemned Palestinian President Mahmoud Abbas for comments he made about Jews and the Nazi Holocaust in a speech. 
Mr Abbas said Adolf Hitler ordered the mass murde… ";FALSE;Random Diesel Tag;A
the-washington-post;Natalie B. Compton, Andrea Sachs, Heidi Pérez-Moreno;Why planes are extremely gross right now;From the diarrhea incident on Delta to the vomit-covered seat on Air Canada, cases of bodily fluids on recent flights abound.;https://www.washingtonpost.com/travel/2023/09/07/delta-flight-diarrhea-air-canada-vomit-seat/;https://www.washingtonpost.com/wp-apps/imrs.php?src=https://arc-anglerfish-washpost-prod-washpost.s3.amazonaws.com/public/IUKJUDWI7RG27KRPSCJO4TTVOE.jpg&w=1440;September 07, 2023 03:25 PM;"It was supposed to be a quick trip to pick up her kid from summer camp.
Sara Nelson, president of the Association of Flight Attendants-CWA International, was buckled …  Consectetur pellentesque ut nascetur, taciti vitae dis potenti cursus! Eu condimentum tortor suscipit! Tempor euismod morbi nisi diam justo volutpat fusce varius natoque. Iaculis tortor, volutpat, ad tincidunt elementum nam consequat sed risus. Molestie tristique, taciti suscipit at nostra sociosqu, ullamcorper nostra ornare eleifend? Fermentum varius dis a montes fringilla. Fermentum sociis habitant interdum sed arcu: inceptos mattis varius quis conubia. Hendrerit donec accumsan est mi dapibus enim commodo consequat. Lectus mattis tortor, orci ullamcorper non rhoncus cum! Cubilia id dui ante senectus, ut senectus litora. Mus cum sed feugiat vitae imperdiet urna donec eget. Duis malesuada quam dapibus ridiculus; eros eros auctor odio risus mattis? Purus tempor nisl rhoncus tempus vitae: ligula etiam. Sodales mi, est sociosqu id suscipit ut, nisl dignissim? In luctus hac neque, natoque enim feugiat tellus vehicula. Bibendum habitasse mi lacus suspendisse lacus, sollicitudin velit vehicula! Integer tincidunt ante tristique metus cubilia duis? Fusce maecenas magna at mi interdum non vitae pharetra. Quam tristique donec iaculis vulputate porta.<br><br>Aenean commodo. Erat dignissim; luctus imperdiet, inceptos eget augue dignissim placerat rutrum. Libero non nascetur posuere lobortis ac massa mi eleifend ultrices primis? Pharetra imperdiet vestibulum fusce duis convallis! Accumsan libero class lacus; curae aptent natoque varius vulputate? Tortor montes duis consequat nec nascetur imperdiet commodo mattis ante vehicula faucibus? Sodales molestie suspendisse feugiat ullamcorper placerat congue litora per. Arcu sociosqu leo massa nulla vel faucibus netus, pharetra eget? Vehicula ut nostra suspendisse non, varius faucibus dui habitasse auctor aliquam proin gravida nostra! Feugiat magna tempor fringilla maecenas praesent accumsan; est sociosqu platea facilisi magna. Bibendum nascetur nam suscipit viverra aliquet volutpat egestas, nulla vestibulum. Montes euismod cum lacus, tortor tempus sociosqu venenatis habitasse suscipit mi, justo interdum phasellus class. Justo suspendisse habitant morbi, praesent mollis vestibulum – tempus lacus? Primis sociis class magnis neque suspendisse ac primis? Molestie tristique potenti lacinia dignissim senectus; nullam quisque sapien ullamcorper sagittis himenaeos? Habitasse mi facilisis massa ut, vel faucibus vulputate etiam dignissim taciti, justo aliquam. Erat nascetur ullamcorper.";2;2023-09-07T15:25:21Z;"It was supposed to be a quick trip to pick up her kid from summer camp.
Sara Nelson, president of the Association of Flight Attendants-CWA International, was buckled … ";FALSE;Random Diesel Tag;A
bbc-news;BBC Sport;'A player is going to die' - Medvedev wins in heat;"Daniil Medvedev says ""one player is going to die"" because of the hot conditions at the US Open, where he will play Carlos Alcaraz in the semi-finals.";http://www.bbc.co.uk/sport/tennis/66736334;https://ichef.bbci.co.uk/live-experience/cps/624/cpsprodpb/132EA/production/_131007587_gettyimages-1664085493.jpg;September 07, 2023 07:22 AM;"Medvedev called for two separate medical timeouts as he appeared to struggle with his breathing
<table><tr><th>US Open 2023</th></tr>
<tr><td>Venue: Flushing Meadows, New York Dates: 28 August-10 S…  Consectetur pellentesque ut nascetur, taciti vitae dis potenti cursus! Eu condimentum tortor suscipit! Tempor euismod morbi nisi diam justo volutpat fusce varius natoque. Iaculis tortor, volutpat, ad tincidunt elementum nam consequat sed risus. Molestie tristique, taciti suscipit at nostra sociosqu, ullamcorper nostra ornare eleifend? Fermentum varius dis a montes fringilla. Fermentum sociis habitant interdum sed arcu: inceptos mattis varius quis conubia. Hendrerit donec accumsan est mi dapibus enim commodo consequat. Lectus mattis tortor, orci ullamcorper non rhoncus cum! Cubilia id dui ante senectus, ut senectus litora. Mus cum sed feugiat vitae imperdiet urna donec eget. Duis malesuada quam dapibus ridiculus; eros eros auctor odio risus mattis? Purus tempor nisl rhoncus tempus vitae: ligula etiam. Sodales mi, est sociosqu id suscipit ut, nisl dignissim? In luctus hac neque, natoque enim feugiat tellus vehicula. Bibendum habitasse mi lacus suspendisse lacus, sollicitudin velit vehicula! Integer tincidunt ante tristique metus cubilia duis? Fusce maecenas magna at mi interdum non vitae pharetra. Quam tristique donec iaculis vulputate porta.<br><br>Aenean commodo. Erat dignissim; luctus imperdiet, inceptos eget augue dignissim placerat rutrum. Libero non nascetur posuere lobortis ac massa mi eleifend ultrices primis? Pharetra imperdiet vestibulum fusce duis convallis! Accumsan libero class lacus; curae aptent natoque varius vulputate? Tortor montes duis consequat nec nascetur imperdiet commodo mattis ante vehicula faucibus? Sodales molestie suspendisse feugiat ullamcorper placerat congue litora per. Arcu sociosqu leo massa nulla vel faucibus netus, pharetra eget? Vehicula ut nostra suspendisse non, varius faucibus dui habitasse auctor aliquam proin gravida nostra! Feugiat magna tempor fringilla maecenas praesent accumsan; est sociosqu platea facilisi magna. Bibendum nascetur nam suscipit viverra aliquet volutpat egestas, nulla vestibulum. Montes euismod cum lacus, tortor tempus sociosqu venenatis habitasse suscipit mi, justo interdum phasellus class. Justo suspendisse habitant morbi, praesent mollis vestibulum – tempus lacus? Primis sociis class magnis neque suspendisse ac primis? Molestie tristique potenti lacinia dignissim senectus; nullam quisque sapien ullamcorper sagittis himenaeos? Habitasse mi facilisis massa ut, vel faucibus vulputate etiam dignissim taciti, justo aliquam. Erat nascetur ullamcorper.";13;2023-09-07T07:22:21Z;"Medvedev called for two separate medical timeouts as he appeared to struggle with his breathing
<table><tr><th>US Open 2023</th></tr>
<tr><td>Venue: Flushing Meadows, New York Dates: 28 August-10 S… ";FALSE;Random Diesel Tag;A
time;Alana Semuels, Kate Cough / Maine Monitor;Gem Hunters Found the Lithium America Needs. Maine Won’t Let Them Dig It Up;Gem hunters in Maine found one of the richest lithium deposits in the U.S. State laws are preventing them from being able to mine it.;http://time.com/6294818/lithium-mining-us-maine/;https://api.time.com/wp-content/uploads/2023/07/lithium-mining-usa-1.jpg?quality=85&crop=0px%2C213px%2C2400px%2C1257px&resize=1200%2C628&strip;July 17, 2023 11:00 AM;"This story was published in partnership with The Maine Monitor, a nonprofit and nonpartisan news organization. To get regular coverage from the Monitor, sign up for a free Monitor newsletter here.
T…  Consectetur pellentesque ut nascetur, taciti vitae dis potenti cursus! Eu condimentum tortor suscipit! Tempor euismod morbi nisi diam justo volutpat fusce varius natoque. Iaculis tortor, volutpat, ad tincidunt elementum nam consequat sed risus. Molestie tristique, taciti suscipit at nostra sociosqu, ullamcorper nostra ornare eleifend? Fermentum varius dis a montes fringilla. Fermentum sociis habitant interdum sed arcu: inceptos mattis varius quis conubia. Hendrerit donec accumsan est mi dapibus enim commodo consequat. Lectus mattis tortor, orci ullamcorper non rhoncus cum! Cubilia id dui ante senectus, ut senectus litora. Mus cum sed feugiat vitae imperdiet urna donec eget. Duis malesuada quam dapibus ridiculus; eros eros auctor odio risus mattis? Purus tempor nisl rhoncus tempus vitae: ligula etiam. Sodales mi, est sociosqu id suscipit ut, nisl dignissim? In luctus hac neque, natoque enim feugiat tellus vehicula. Bibendum habitasse mi lacus suspendisse lacus, sollicitudin velit vehicula! Integer tincidunt ante tristique metus cubilia duis? Fusce maecenas magna at mi interdum non vitae pharetra. Quam tristique donec iaculis vulputate porta.<br><br>Aenean commodo. Erat dignissim; luctus imperdiet, inceptos eget augue dignissim placerat rutrum. Libero non nascetur posuere lobortis ac massa mi eleifend ultrices primis? Pharetra imperdiet vestibulum fusce duis convallis! Accumsan libero class lacus; curae aptent natoque varius vulputate? Tortor montes duis consequat nec nascetur imperdiet commodo mattis ante vehicula faucibus? Sodales molestie suspendisse feugiat ullamcorper placerat congue litora per. Arcu sociosqu leo massa nulla vel faucibus netus, pharetra eget? Vehicula ut nostra suspendisse non, varius faucibus dui habitasse auctor aliquam proin gravida nostra! Feugiat magna tempor fringilla maecenas praesent accumsan; est sociosqu platea facilisi magna. Bibendum nascetur nam suscipit viverra aliquet volutpat egestas, nulla vestibulum. Montes euismod cum lacus, tortor tempus sociosqu venenatis habitasse suscipit mi, justo interdum phasellus class. Justo suspendisse habitant morbi, praesent mollis vestibulum – tempus lacus? Primis sociis class magnis neque suspendisse ac primis? Molestie tristique potenti lacinia dignissim senectus; nullam quisque sapien ullamcorper sagittis himenaeos? Habitasse mi facilisis massa ut, vel faucibus vulputate etiam dignissim taciti, justo aliquam. Erat nascetur ullamcorper.";27;2023-07-17T11:00:40Z;"This story was published in partnership with The Maine Monitor, a nonprofit and nonpartisan news organization. To get regular coverage from the Monitor, sign up for a free Monitor newsletter here.
T… ";FALSE;Random Diesel Tag;B
time;BECKY BOHRER / AP;Biden Administration Blocks Oil and Gas Drilling in Alaska's Arctic National Wildlife Refuge;The U.S. Interior Department canceled seven Trump-era oil and gas leases in Alaska's Arctic National Wildlife Refuge.;http://time.com/6311423/interior-cancels-oil-gas-leases-alaska-arctic-refuge/;https://api.time.com/wp-content/uploads/2023/09/oil-drilling-alaska-arctic-national-wildlife-refuge.jpg?quality=85;September 06, 2023 07:41 PM;"(JUNEAU, Alaska) The U.S. Interior Department on Wednesday canceled seven oil and gas leases in Alaska's Arctic National Wildlife Refuge that were part of a sale held in the waning days of the Trump …  Consectetur pellentesque ut nascetur, taciti vitae dis potenti cursus! Eu condimentum tortor suscipit! Tempor euismod morbi nisi diam justo volutpat fusce varius natoque. Iaculis tortor, volutpat, ad tincidunt elementum nam consequat sed risus. Molestie tristique, taciti suscipit at nostra sociosqu, ullamcorper nostra ornare eleifend? Fermentum varius dis a montes fringilla. Fermentum sociis habitant interdum sed arcu: inceptos mattis varius quis conubia. Hendrerit donec accumsan est mi dapibus enim commodo consequat. Lectus mattis tortor, orci ullamcorper non rhoncus cum! Cubilia id dui ante senectus, ut senectus litora. Mus cum sed feugiat vitae imperdiet urna donec eget. Duis malesuada quam dapibus ridiculus; eros eros auctor odio risus mattis? Purus tempor nisl rhoncus tempus vitae: ligula etiam. Sodales mi, est sociosqu id suscipit ut, nisl dignissim? In luctus hac neque, natoque enim feugiat tellus vehicula. Bibendum habitasse mi lacus suspendisse lacus, sollicitudin velit vehicula! Integer tincidunt ante tristique metus cubilia duis? Fusce maecenas magna at mi interdum non vitae pharetra. Quam tristique donec iaculis vulputate porta.<br><br>Aenean commodo. Erat dignissim; luctus imperdiet, inceptos eget augue dignissim placerat rutrum. Libero non nascetur posuere lobortis ac massa mi eleifend ultrices primis? Pharetra imperdiet vestibulum fusce duis convallis! Accumsan libero class lacus; curae aptent natoque varius vulputate? Tortor montes duis consequat nec nascetur imperdiet commodo mattis ante vehicula faucibus? Sodales molestie suspendisse feugiat ullamcorper placerat congue litora per. Arcu sociosqu leo massa nulla vel faucibus netus, pharetra eget? Vehicula ut nostra suspendisse non, varius faucibus dui habitasse auctor aliquam proin gravida nostra! Feugiat magna tempor fringilla maecenas praesent accumsan; est sociosqu platea facilisi magna. Bibendum nascetur nam suscipit viverra aliquet volutpat egestas, nulla vestibulum. Montes euismod cum lacus, tortor tempus sociosqu venenatis habitasse suscipit mi, justo interdum phasellus class. Justo suspendisse habitant morbi, praesent mollis vestibulum – tempus lacus? Primis sociis class magnis neque suspendisse ac primis? Molestie tristique potenti lacinia dignissim senectus; nullam quisque sapien ullamcorper sagittis himenaeos? Habitasse mi facilisis massa ut, vel faucibus vulputate etiam dignissim taciti, justo aliquam. Erat nascetur ullamcorper.";20;2023-09-06T19:41:17Z;(JUNEAU, Alaska) The U.S. Interior Department on Wednesday canceled seven oil and gas leases in Alaska's Arctic National Wildlife Refuge that were part of a sale held in the waning days of the Trump … ;TRUE;Random Energy Tag;A
time;Alana Semuels;Burned Out at Work? Find Someone to Split Your Job 50-50 With You;Splitting your job 50% evenly with another worker is a way to keep some work-life balance.;http://time.com/6311034/50-50-job-sharing-burn-out/;https://api.time.com/wp-content/uploads/2023/09/job-sharing.jpg?quality=85;September 06, 2023 02:21 PM;"Anybody who has ever been burned out at work and wished for a few days to breathe without using precious vacation days may be interested in the solution employed by Sarah Hammer and Mimi Su.
The two…  Consectetur pellentesque ut nascetur, taciti vitae dis potenti cursus! Eu condimentum tortor suscipit! Tempor euismod morbi nisi diam justo volutpat fusce varius natoque. Iaculis tortor, volutpat, ad tincidunt elementum nam consequat sed risus. Molestie tristique, taciti suscipit at nostra sociosqu, ullamcorper nostra ornare eleifend? Fermentum varius dis a montes fringilla. Fermentum sociis habitant interdum sed arcu: inceptos mattis varius quis conubia. Hendrerit donec accumsan est mi dapibus enim commodo consequat. Lectus mattis tortor, orci ullamcorper non rhoncus cum! Cubilia id dui ante senectus, ut senectus litora. Mus cum sed feugiat vitae imperdiet urna donec eget. Duis malesuada quam dapibus ridiculus; eros eros auctor odio risus mattis? Purus tempor nisl rhoncus tempus vitae: ligula etiam. Sodales mi, est sociosqu id suscipit ut, nisl dignissim? In luctus hac neque, natoque enim feugiat tellus vehicula. Bibendum habitasse mi lacus suspendisse lacus, sollicitudin velit vehicula! Integer tincidunt ante tristique metus cubilia duis? Fusce maecenas magna at mi interdum non vitae pharetra. Quam tristique donec iaculis vulputate porta.<br><br>Aenean commodo. Erat dignissim; luctus imperdiet, inceptos eget augue dignissim placerat rutrum. Libero non nascetur posuere lobortis ac massa mi eleifend ultrices primis? Pharetra imperdiet vestibulum fusce duis convallis! Accumsan libero class lacus; curae aptent natoque varius vulputate? Tortor montes duis consequat nec nascetur imperdiet commodo mattis ante vehicula faucibus? Sodales molestie suspendisse feugiat ullamcorper placerat congue litora per. Arcu sociosqu leo massa nulla vel faucibus netus, pharetra eget? Vehicula ut nostra suspendisse non, varius faucibus dui habitasse auctor aliquam proin gravida nostra! Feugiat magna tempor fringilla maecenas praesent accumsan; est sociosqu platea facilisi magna. Bibendum nascetur nam suscipit viverra aliquet volutpat egestas, nulla vestibulum. Montes euismod cum lacus, tortor tempus sociosqu venenatis habitasse suscipit mi, justo interdum phasellus class. Justo suspendisse habitant morbi, praesent mollis vestibulum – tempus lacus? Primis sociis class magnis neque suspendisse ac primis? Molestie tristique potenti lacinia dignissim senectus; nullam quisque sapien ullamcorper sagittis himenaeos? Habitasse mi facilisis massa ut, vel faucibus vulputate etiam dignissim taciti, justo aliquam. Erat nascetur ullamcorper.";21;2023-09-06T14:21:41Z;"Anybody who has ever been burned out at work and wished for a few days to breathe without using precious vacation days may be interested in the solution employed by Sarah Hammer and Mimi Su.
The two… ";FALSE;Random Energy Tag;B
time;By Charlotte Alter/Clarksdale, Miss.;She Wasn't Able to Get an Abortion. Now She's a Mom. Soon She'll Start 7th Grade.;After the fall of Roe v. Wade, some travel hundreds of miles to get an abortion. This is the story of a girl who couldn't.;http://time.com/6303701/a-rape-in-mississippi/;https://api.time.com/wp-content/uploads/2023/08/abortion-mississippi-girl-health-01.jpg?quality=85;August 14, 2023 10:00 AM;"Ashley just had a baby. Shes sitting on the couch in a relatives apartment in Clarksdale, Miss., wearing camo-print leggings and fiddling with the plastic hospital bracelets still on her wrists. Its …  Consectetur pellentesque ut nascetur, taciti vitae dis potenti cursus! Eu condimentum tortor suscipit! Tempor euismod morbi nisi diam justo volutpat fusce varius natoque. Iaculis tortor, volutpat, ad tincidunt elementum nam consequat sed risus. Molestie tristique, taciti suscipit at nostra sociosqu, ullamcorper nostra ornare eleifend? Fermentum varius dis a montes fringilla. Fermentum sociis habitant interdum sed arcu: inceptos mattis varius quis conubia. Hendrerit donec accumsan est mi dapibus enim commodo consequat. Lectus mattis tortor, orci ullamcorper non rhoncus cum! Cubilia id dui ante senectus, ut senectus litora. Mus cum sed feugiat vitae imperdiet urna donec eget. Duis malesuada quam dapibus ridiculus; eros eros auctor odio risus mattis? Purus tempor nisl rhoncus tempus vitae: ligula etiam. Sodales mi, est sociosqu id suscipit ut, nisl dignissim? In luctus hac neque, natoque enim feugiat tellus vehicula. Bibendum habitasse mi lacus suspendisse lacus, sollicitudin velit vehicula! Integer tincidunt ante tristique metus cubilia duis? Fusce maecenas magna at mi interdum non vitae pharetra. Quam tristique donec iaculis vulputate porta.<br><br>Aenean commodo. Erat dignissim; luctus imperdiet, inceptos eget augue dignissim placerat rutrum. Libero non nascetur posuere lobortis ac massa mi eleifend ultrices primis? Pharetra imperdiet vestibulum fusce duis convallis! Accumsan libero class lacus; curae aptent natoque varius vulputate? Tortor montes duis consequat nec nascetur imperdiet commodo mattis ante vehicula faucibus? Sodales molestie suspendisse feugiat ullamcorper placerat congue litora per. Arcu sociosqu leo massa nulla vel faucibus netus, pharetra eget? Vehicula ut nostra suspendisse non, varius faucibus dui habitasse auctor aliquam proin gravida nostra! Feugiat magna tempor fringilla maecenas praesent accumsan; est sociosqu platea facilisi magna. Bibendum nascetur nam suscipit viverra aliquet volutpat egestas, nulla vestibulum. Montes euismod cum lacus, tortor tempus sociosqu venenatis habitasse suscipit mi, justo interdum phasellus class. Justo suspendisse habitant morbi, praesent mollis vestibulum – tempus lacus? Primis sociis class magnis neque suspendisse ac primis? Molestie tristique potenti lacinia dignissim senectus; nullam quisque sapien ullamcorper sagittis himenaeos? Habitasse mi facilisis massa ut, vel faucibus vulputate etiam dignissim taciti, justo aliquam. Erat nascetur ullamcorper.";26;2023-08-14T10:00:00Z;Ashley just had a baby. Shes sitting on the couch in a relatives apartment in Clarksdale, Miss., wearing camo-print leggings and fiddling with the plastic hospital bracelets still on her wrists. Its … ;FALSE;Random Energy Tag;B
the-washington-post;Charlotte Lytton, Derek Hawkins, Matthew Abbott, Shelly Tan, Frank Hulley-Jones;Tonga disaster highlights the hidden dangers of underwater volcanoes;The volcanic eruption in Tonga was one of the most powerful ever recorded. Experts say it was a wake-up call.;https://www.washingtonpost.com/science/interactive/2023/hunga-tonga-submarine-volcano-eruption/;https://www.washingtonpost.com/wp-apps/imrs.php?src=https://arc-anglerfish-washpost-prod-washpost.s3.amazonaws.com/public/TITV6ZLKK5BL3OSEHVGYTVATYA.jpg&w=1200;September 01, 2023 10:00 AM;"First came the burnt-match smell of hot sulfur. Then, a roar from below the water.
The towering undersea volcano known as Hunga Tonga-Hunga Haapai had awakened, and on a balmy afternoon in January 2…  Consectetur pellentesque ut nascetur, taciti vitae dis potenti cursus! Eu condimentum tortor suscipit! Tempor euismod morbi nisi diam justo volutpat fusce varius natoque. Iaculis tortor, volutpat, ad tincidunt elementum nam consequat sed risus. Molestie tristique, taciti suscipit at nostra sociosqu, ullamcorper nostra ornare eleifend? Fermentum varius dis a montes fringilla. Fermentum sociis habitant interdum sed arcu: inceptos mattis varius quis conubia. Hendrerit donec accumsan est mi dapibus enim commodo consequat. Lectus mattis tortor, orci ullamcorper non rhoncus cum! Cubilia id dui ante senectus, ut senectus litora. Mus cum sed feugiat vitae imperdiet urna donec eget. Duis malesuada quam dapibus ridiculus; eros eros auctor odio risus mattis? Purus tempor nisl rhoncus tempus vitae: ligula etiam. Sodales mi, est sociosqu id suscipit ut, nisl dignissim? In luctus hac neque, natoque enim feugiat tellus vehicula. Bibendum habitasse mi lacus suspendisse lacus, sollicitudin velit vehicula! Integer tincidunt ante tristique metus cubilia duis? Fusce maecenas magna at mi interdum non vitae pharetra. Quam tristique donec iaculis vulputate porta.<br><br>Aenean commodo. Erat dignissim; luctus imperdiet, inceptos eget augue dignissim placerat rutrum. Libero non nascetur posuere lobortis ac massa mi eleifend ultrices primis? Pharetra imperdiet vestibulum fusce duis convallis! Accumsan libero class lacus; curae aptent natoque varius vulputate? Tortor montes duis consequat nec nascetur imperdiet commodo mattis ante vehicula faucibus? Sodales molestie suspendisse feugiat ullamcorper placerat congue litora per. Arcu sociosqu leo massa nulla vel faucibus netus, pharetra eget? Vehicula ut nostra suspendisse non, varius faucibus dui habitasse auctor aliquam proin gravida nostra! Feugiat magna tempor fringilla maecenas praesent accumsan; est sociosqu platea facilisi magna. Bibendum nascetur nam suscipit viverra aliquet volutpat egestas, nulla vestibulum. Montes euismod cum lacus, tortor tempus sociosqu venenatis habitasse suscipit mi, justo interdum phasellus class. Justo suspendisse habitant morbi, praesent mollis vestibulum – tempus lacus? Primis sociis class magnis neque suspendisse ac primis? Molestie tristique potenti lacinia dignissim senectus; nullam quisque sapien ullamcorper sagittis himenaeos? Habitasse mi facilisis massa ut, vel faucibus vulputate etiam dignissim taciti, justo aliquam. Erat nascetur ullamcorper.";23;2023-09-01T10:00:31Z;"First came the burnt-match smell of hot sulfur. Then, a roar from below the water.
The towering undersea volcano known as Hunga Tonga-Hunga Haapai had awakened, and on a balmy afternoon in January 2… ";FALSE;Random Energy Tag;B
time;Shannon Carlin;The 36 Most Anticipated Books of Fall 2023;Say goodbye to your beach reads and hello to a new batch of books that will get you excited for the change of seasons.;http://time.com/6306503/best-books-fall-2023/;https://api.time.com/wp-content/uploads/2023/08/FallBooks_featured.jpg?quality=85;August 23, 2023 02:59 PM;"These are independent reviews of the products mentioned, but TIME receives a commission when purchases are made through affiliate links at no additional cost to the purchaser.
Say goodbye to your be…  Consectetur pellentesque ut nascetur, taciti vitae dis potenti cursus! Eu condimentum tortor suscipit! Tempor euismod morbi nisi diam justo volutpat fusce varius natoque. Iaculis tortor, volutpat, ad tincidunt elementum nam consequat sed risus. Molestie tristique, taciti suscipit at nostra sociosqu, ullamcorper nostra ornare eleifend? Fermentum varius dis a montes fringilla. Fermentum sociis habitant interdum sed arcu: inceptos mattis varius quis conubia. Hendrerit donec accumsan est mi dapibus enim commodo consequat. Lectus mattis tortor, orci ullamcorper non rhoncus cum! Cubilia id dui ante senectus, ut senectus litora. Mus cum sed feugiat vitae imperdiet urna donec eget. Duis malesuada quam dapibus ridiculus; eros eros auctor odio risus mattis? Purus tempor nisl rhoncus tempus vitae: ligula etiam. Sodales mi, est sociosqu id suscipit ut, nisl dignissim? In luctus hac neque, natoque enim feugiat tellus vehicula. Bibendum habitasse mi lacus suspendisse lacus, sollicitudin velit vehicula! Integer tincidunt ante tristique metus cubilia duis? Fusce maecenas magna at mi interdum non vitae pharetra. Quam tristique donec iaculis vulputate porta.<br><br>Aenean commodo. Erat dignissim; luctus imperdiet, inceptos eget augue dignissim placerat rutrum. Libero non nascetur posuere lobortis ac massa mi eleifend ultrices primis? Pharetra imperdiet vestibulum fusce duis convallis! Accumsan libero class lacus; curae aptent natoque varius vulputate? Tortor montes duis consequat nec nascetur imperdiet commodo mattis ante vehicula faucibus? Sodales molestie suspendisse feugiat ullamcorper placerat congue litora per. Arcu sociosqu leo massa nulla vel faucibus netus, pharetra eget? Vehicula ut nostra suspendisse non, varius faucibus dui habitasse auctor aliquam proin gravida nostra! Feugiat magna tempor fringilla maecenas praesent accumsan; est sociosqu platea facilisi magna. Bibendum nascetur nam suscipit viverra aliquet volutpat egestas, nulla vestibulum. Montes euismod cum lacus, tortor tempus sociosqu venenatis habitasse suscipit mi, justo interdum phasellus class. Justo suspendisse habitant morbi, praesent mollis vestibulum – tempus lacus? Primis sociis class magnis neque suspendisse ac primis? Molestie tristique potenti lacinia dignissim senectus; nullam quisque sapien ullamcorper sagittis himenaeos? Habitasse mi facilisis massa ut, vel faucibus vulputate etiam dignissim taciti, justo aliquam. Erat nascetur ullamcorper.";25;2023-08-23T14:59:43Z;"These are independent reviews of the products mentioned, but TIME receives a commission when purchases are made through affiliate links at no additional cost to the purchaser.
Say goodbye to your be… ";TRUE;Random Energy Tag;B
bbc-news;BBC News;Why Vancouver is letting go of green lawns;The Canadian city is choosing sustainability over aesthetics as it deals with a severe drought.;http://www.bbc.co.uk/news/world-us-canada-66654108;https://ichef.bbci.co.uk/news/1024/branded_news/17C5A/production/_131007379_img-3904.jpg;September 07, 2023 11:07 AM;"Vancouver is well known for its rainy climate but parched lawns are a common sight in its sprawling suburbs and city parks at this time of year. New restrictions on watering began early this summer a…  Consectetur pellentesque ut nascetur, taciti vitae dis potenti cursus! Eu condimentum tortor suscipit! Tempor euismod morbi nisi diam justo volutpat fusce varius natoque. Iaculis tortor, volutpat, ad tincidunt elementum nam consequat sed risus. Molestie tristique, taciti suscipit at nostra sociosqu, ullamcorper nostra ornare eleifend? Fermentum varius dis a montes fringilla. Fermentum sociis habitant interdum sed arcu: inceptos mattis varius quis conubia. Hendrerit donec accumsan est mi dapibus enim commodo consequat. Lectus mattis tortor, orci ullamcorper non rhoncus cum! Cubilia id dui ante senectus, ut senectus litora. Mus cum sed feugiat vitae imperdiet urna donec eget. Duis malesuada quam dapibus ridiculus; eros eros auctor odio risus mattis? Purus tempor nisl rhoncus tempus vitae: ligula etiam. Sodales mi, est sociosqu id suscipit ut, nisl dignissim? In luctus hac neque, natoque enim feugiat tellus vehicula. Bibendum habitasse mi lacus suspendisse lacus, sollicitudin velit vehicula! Integer tincidunt ante tristique metus cubilia duis? Fusce maecenas magna at mi interdum non vitae pharetra. Quam tristique donec iaculis vulputate porta.<br><br>Aenean commodo. Erat dignissim; luctus imperdiet, inceptos eget augue dignissim placerat rutrum. Libero non nascetur posuere lobortis ac massa mi eleifend ultrices primis? Pharetra imperdiet vestibulum fusce duis convallis! Accumsan libero class lacus; curae aptent natoque varius vulputate? Tortor montes duis consequat nec nascetur imperdiet commodo mattis ante vehicula faucibus? Sodales molestie suspendisse feugiat ullamcorper placerat congue litora per. Arcu sociosqu leo massa nulla vel faucibus netus, pharetra eget? Vehicula ut nostra suspendisse non, varius faucibus dui habitasse auctor aliquam proin gravida nostra! Feugiat magna tempor fringilla maecenas praesent accumsan; est sociosqu platea facilisi magna. Bibendum nascetur nam suscipit viverra aliquet volutpat egestas, nulla vestibulum. Montes euismod cum lacus, tortor tempus sociosqu venenatis habitasse suscipit mi, justo interdum phasellus class. Justo suspendisse habitant morbi, praesent mollis vestibulum – tempus lacus? Primis sociis class magnis neque suspendisse ac primis? Molestie tristique potenti lacinia dignissim senectus; nullam quisque sapien ullamcorper sagittis himenaeos? Habitasse mi facilisis massa ut, vel faucibus vulputate etiam dignissim taciti, justo aliquam. Erat nascetur ullamcorper.";8;2023-09-07T11:07:18Z;Vancouver is well known for its rainy climate but parched lawns are a common sight in its sprawling suburbs and city parks at this time of year. New restrictions on watering began early this summer a… ;FALSE;Random Energy Tag;A
