doc_id,datetime,text,media,alt_text,likes,reposts,replies,username,handle,user_description,user_image,user_followers,commented_post,sponsored,target,condition,sequence
1,08.05.24 09:30,Download the Nike App and get access to the exclusive collection of the National Team starting on 06/21/2024!,https://raw.githubusercontent.com/Howquez/oFeeds/main/studies/frequency_capping/stimuli/images/creative_generic_nike.png,Promotional graphic for a Brazil 1998 reedition soccer jersey by Nike. The image displays two photos of a model wearing the yellow team jersey with 'Ronaldo' and the number '9' on the back. Text encourages downloading the Nike App to access this exclusive collection starting June 21st.,294,49,13,Nike,Nike,Spotlighting athlete* and üëü stories,"https://img.etimg.com/thumb/msid-59738997,width-640,resizemode-4,imgsize-21421/nike.jpg",10149872,0,1,https://apps.apple.com/app/id6447586622,A_2,
2,08.05.24 09:30,"Bring the whole family along and experience the comfort of business class on your next trip. Book now and save!* <br><br>*Offer valid through August 15, 2024. Available on selected flights when booked through jetblue.com. Limited seats available. Travel period from September 01, 2024, to January 31, 2025.",https://raw.githubusercontent.com/Howquez/oFeeds/main/studies/frequency_capping/stimuli/images/creative_generic_jetblue.png,"Advertising image for JetBlue featuring a beach scene with a clear blue sky and ocean. An adult and a child sit on the sand looking out at the sea, with text overlay stating 'jetBlue' and 'Less screen time. yes' encouraging a break from digital devices.",336,52,9,JetBlue,JetBlue,"Hi, nice to tweet you! ‚úàÔ∏è Customer concerns? Visit http://jetblue.com",https://pbs.twimg.com/profile_images/1793988854380163072/cLSLb-8a_400x400.jpg,1849872,0,1,https://www.jetblue.com/,A_2,
3,08.05.24 09:30,"Thousands have been displaced by the floods in Brazil and want to go home. Today, you can make a difference for the those in need and help them find safety. Donate now. <br><br>#HelpBrazil #BrazilFloodRelief",https://raw.githubusercontent.com/Howquez/oFeeds/main/studies/frequency_capping/stimuli/images/creative_focal_control.png,Crowded indoor shelter with people on scattered mattresses after a flood in Brazil.,336,52,9,UNICEF,UNICEF,"UNICEF works in over 190 countries and territories to protect children's rights. We won't stop, #ForEveryChild.",https://fa.oregonstate.edu/sites/fa.oregonstate.edu/files/223-2237995_unicef-logo-unicef-logo-png-high-resolution-unicef_1_.webp,9243872,0,1,https://help.unicef.org/brazil-floods/citi-foundation?language=en,A_2,
4,08.05.24 09:30,"Thousands have been displaced by the floods in Brazil and want to go home. Today, you can make a difference for the those in need and help them find safety. Donate now. <br><br>#HelpBrazil #BrazilFloodRelief",https://raw.githubusercontent.com/Howquez/oFeeds/main/studies/frequency_capping/stimuli/images/creative_focal_control.png,Crowded indoor shelter with people on scattered mattresses after a flood in Brazil.,336,52,9,UNICEF,UNICEF,"UNICEF works in over 190 countries and territories to protect children's rights. We won't stop, #ForEveryChild.",https://fa.oregonstate.edu/sites/fa.oregonstate.edu/files/223-2237995_unicef-logo-unicef-logo-png-high-resolution-unicef_1_.webp,9243872,0,1,https://help.unicef.org/brazil-floods/citi-foundation?language=en,A_2,
5,22.06.24 07:03,I love Carnaval! The spirit of celebration lives within hearts every brazilian üíÉüèΩüï∫üèΩ can‚Äôt wait see streets filled joy again soon ‚ù§Ô∏èüéâ,https://images.unsplash.com/photo-1496767000195-3841ae3f97f4?q=80&w=3270&auto=format&fit=crop&ixlib=rb-4.0.3&ixid=M3wxMjA3fDB8MHxwaG90by1wYWdlfHx8fGVufDB8fHx8fA%3D%3D,"Two women in colorful carnival costumes, one kissing the other's cheek, take a selfie at a festive event.",23,7,10,Leo Lozano,lozano1931,Tech geek and gadget reviewer. Bringing you the latest in tech news and reviews. Stay updated with cutting-edge technology.,https://images.unsplash.com/photo-1633332755192-727a05c4013d?q=80&w=3880&auto=format&fit=crop&ixlib=rb-4.0.3&ixid=M3wxMjA3fDB8MHxwaG90by1wYWdlfHx8fGVufDB8fHx8fA%3D%3D,179,0,0,,A_2,1
6,22.06.24 07:06,let's keep pushing forward advocating stronger climate action policies to ensure that future generations don‚Äôt face similar devastations caused by unchecked global warming today,"","",9,1,23,welmar du plessis,Welmardup,Adventurer and nature lover. Sharing my travels and outdoor experiences. Expect stunning landscapes and travel tips.,https://images.unsplash.com/photo-1606115690424-49770e55a2bc?q=80&w=3648&auto=format&fit=crop&ixlib=rb-4.0.3&ixid=M3wxMjA3fDB8MHxwaG90by1wYWdlfHx8fGVufDB8fHx8fA%3D%3D,235,0,0,,A_2,2
7,22.06.24 07:09,can't wait for Copa Am√©rica! hoping our team proves critics wrong by showcasing their talent & passion on an international stage üåé‚öΩ,"","",3,8,11,aurelie rabiot,zouzoum44,"Fashion enthusiast and lifestyle blogger. Follow for style tips, beauty hacks, and daily inspiration.",https://images.unsplash.com/photo-1611432579699-484f7990b127?q=80&w=3870&auto=format&fit=crop&ixlib=rb-4.0.3&ixid=M3wxMjA3fDB8MHxwaG90by1wYWdlfHx8fGVufDB8fHx8fA%3D%3D,641,0,0,,A_2,3
8,22.06.24 07:12,#Raphinha counters Ronaldinho‚Äôs critique by emphasizing unity & commitment within team! Can they turn this controversy into motivation?,"","",3,2,6,kevin,ihearthalladay,"Sports fanatic and baseball aficionado. Sharing game highlights, player stats, and sports commentary.",https://images.unsplash.com/photo-1595211877493-41a4e5f236b3?q=80&w=3830&auto=format&fit=crop&ixlib=rb-4.0.3&ixid=M3wxMjA3fDB8MHxwaG90by1wYWdlfHx8fGVufDB8fHx8fA%3D%3D,558,0,0,,A_2,4
9,22.06.24 07:15,"Football controversies aside, Brazilians' love for the sport remains unshaken as they rally behind their team for Copa Am√©rica glory.","","",12,1,6,max saber,spencylund,Fitness coach and wellness advocate. Motivating you to achieve your health goals with tips and workout routines.,https://images.unsplash.com/photo-1629425733761-caae3b5f2e50?q=80&w=2968&auto=format&fit=crop&ixlib=rb-4.0.3&ixid=M3wxMjA3fDB8MHxwaG90by1wYWdlfHx8fGVufDB8fHx8fA%3D%3D,180,0,0,,A_2,5
10,22.06.24 07:18,The Institute of Economics and Peace warns of potential billion-plus climate refugees mid-century unless immediate actions are taken to address pressing environmental issues,"","",28,6,13,Dierenthuis,dierenthuis,"Animal lover and pet care expert. Tips on pet health, training, and adorable pet moments.",https://images.unsplash.com/photo-1494790108377-be9c29b29330?q=80&w=3744&auto=format&fit=crop&ixlib=rb-4.0.3&ixid=M3wxMjA3fDB8MHxwaG90by1wYWdlfHx8fGVufDB8fHx8fA%3D%3D,315,0,0,,A_2,7
11,22.06.24 07:21,Whether exploring depths in Pantanal wetlands or scaling the heights of Sugarloaf Mountainwith  breathtaking views. I all awaits those willing venture beyond beaten path #Brazil,"","",0,2,15,JM,b5forks,"Foodie and culinary explorer. Discovering new recipes, restaurant reviews, and food adventures.",https://images.unsplash.com/photo-1500648767791-00dcc994a43e?q=80&w=3000&auto=format&fit=crop&ixlib=rb-4.0.3&ixid=M3wxMjA3fDB8MHxwaG90by1wYWdlfHx8fGVufDB8fHx8fA%3D%3D,351,0,0,,A_2,8
12,22.06.24 07:24,"Fortaleza offers perfect blend of sun, sea, sand coupled vibrant nightlife making it the ideal destination fot those seeking both relaxation and excitement on a single trip","","",8,7,8,C0urtesy tiTus,C0urtesyTitus,"Gaming enthusiast and streamer. Join me for live streams, game reviews, and gaming tips.",https://images.unsplash.com/photo-1507003211169-0a1dd7228f2d?q=80&w=3569&auto=format&fit=crop&ixlib=rb-4.0.3&ixid=M3wxMjA3fDB8MHxwaG90by1wYWdlfHx8fGVufDB8fHx8fA%3D%3D,332,0,0,,A_2,9
13,22.06.24 07:27,Salvador da Bahia‚Äîthe heartbeat of Afro-Brazilian culture where every street corner echoes with rhythms from drums played centuries ago,"","",39,3,1,Kinzang Norbu,KinzanNobu,Cultural explorer and travel blogger. Sharing stories and photos from my global adventures.,https://images.unsplash.com/photo-1472099645785-5658abf4ff4e?q=80&w=3870&auto=format&fit=crop&ixlib=rb-4.0.3&ixid=M3wxMjA3fDB8MHxwaG90by1wYWdlfHx8fGVufDB8fHx8fA%3D%3D,70,0,0,,A_2,10
14,22.06.24 07:30,"Despite criticisms, Brazilian football has always bounced back stronger! Let's support our team as they prepare for Copa Am√©rica. Just as we did in S√£o Paulo the other day.",https://images.unsplash.com/photo-1564019796336-0e84bfb5deed?q=80&w=3024&auto=format&fit=crop&ixlib=rb-4.0.3&ixid=M3wxMjA3fDB8MHxwaG90by1wYWdlfHx8fGVufDB8fHx8fA%3D%3D,"A child sits on an adult's shoulders, both facing away from the camera, watching a soccer match in a stadium filled with spectators. The crowd is blurred in the background, focusing on the pair in the foreground.",38,6,10,Oguntuyi Itunuoluwa,IT_Oluwa,"Tech enthusiast and software developer. Sharing coding tips, tech news, and innovative projects.",https://images.unsplash.com/photo-1600878459138-e1123b37cb30?q=80&w=3812&auto=format&fit=crop&ixlib=rb-4.0.3&ixid=M3wxMjA3fDB8MHxwaG90by1wYWdlfHx8fGVufDB8fHx8fA%3D%3D,822,0,0,,A_2,11
15,22.06.24 07:33,can‚Äôt get enough bossa nova vibes Jo√£o Gilberto üáßüá∑ Astrud Gilberto üáßüá∑ Antonio Carlos Jobim üáßüá∑ timeless classics. perfect for a relaxing evening playlist üé∂‚ú®üé∏üåô,"","",30,6,20,Gian B,IamGian24,Fitness enthusiast and personal trainer. Helping you achieve your fitness goals with tips and motivation.,https://images.unsplash.com/photo-1620932934088-fbdb2920e484?q=80&w=2426&auto=format&fit=crop&ixlib=rb-4.0.3&ixid=M3wxMjA3fDB8MHxwaG90by1wYWdlfHx8fGVufDB8fHx8fA%3D%3D,209,0,0,,A_2,12
16,22.06.24 07:36,Brazilian cities have a pulse with music and diversity‚Äîa blend of indigenous and immigrant cultures creating something truly unique!,"","",13,1,13,Victor Peetso,VWPeetso,"Automotive expert and car enthusiast. Reviews, tips, and news about the latest in the automotive world.",https://images.unsplash.com/photo-1558222218-b7b54eede3f3?q=80&w=3774&auto=format&fit=crop&ixlib=rb-4.0.3&ixid=M3wxMjA3fDB8MHxwaG90by1wYWdlfHx8fGVufDB8fHx8fA%3D%3D,42,0,0,,A_2,13
17,22.06.24 07:39,Extreme weather events like these floods show us why combating climate change should be everyone's priority,"","",21,0,8,B L V C K,Blvck000,"Fashion enthusiast and lifestyle blogger. Follow for style tips, beauty hacks, and daily inspiration.",https://images.unsplash.com/photo-1523477800337-966dbabe060b?q=80&w=2008&auto=format&fit=crop&ixlib=rb-4.0.3&ixid=M3wxMjA3fDB8MHxwaG90by1wYWdlfHx8fGVufDB8fHx8fA%3D%3D,22,0,0,,A_2,14
18,22.06.24 07:42,European Parliament anticipates future influx of  #climate_refugees arriving sooner than anticipated given current trends observed globally #floods #brazil,https://images.unsplash.com/photo-1594841359067-31caf8216011?q=80&w=3270&auto=format&fit=crop&ixlib=rb-4.0.3&ixid=M3wxMjA3fDB8MHxwaG90by1wYWdlfHx8fGVufDB8fHx8fA%3D%3D,"A man photographs a refugee camp with temporary housing and clothes drying on lines, set against a cloudy sky.",31,1,13,bowdi,bowdi,Music lover and aspiring artist. Sharing my musical journey and favorite tunes. Join me for some great music vibes.,https://images.unsplash.com/photo-1540569014015-19a7be504e3a?q=80&w=3024&auto=format&fit=crop&ixlib=rb-4.0.3&ixid=M3wxMjA3fDB8MHxwaG90by1wYWdlfHx8fGVufDB8fHx8fA%3D%3D,523,0,0,,A_2,15
19,22.06.24 07:45,Brazil isn‚Äôt alone Pakistan Ethiopia Kenya have all faced similar devastating floods recently highlighting a GLOBAL crisis,"","",26,6,21,Chill Pill,soreia_kh,"Mental health advocate and wellness coach. Tips on mindfulness, self-care, and mental well-being.",https://images.unsplash.com/photo-1607569490015-7101095605ed?q=80&w=3774&auto=format&fit=crop&ixlib=rb-4.0.3&ixid=M3wxMjA3fDB8MHxwaG90by1wYWdlfHx8fGVufDB8fHx8fA%3D%3D,342,0,0,,A_2,16
20,22.06.24 07:48,the Pantanal wetlands are teeming with wildlife‚Äîjaguars prowling at dusk & caimans basking under sun‚Äî #Brazil is a nature lover‚Äôs paradise!,"","",26,8,11,WF OMAR,Arowoshaye,"Entrepreneur and business strategist. Sharing insights on business growth, leadership, and innovation.",https://images.unsplash.com/photo-1560250097-0b93528c311a?q=80&w=3149&auto=format&fit=crop&ixlib=rb-4.0.3&ixid=M3wxMjA3fDB8MHxwaG90by1wYWdlfHx8fGVufDB8fHx8fA%3D%3D,131,0,0,,A_2,17
21,22.06.24 07:51,Brazilian football drama unfolds #Ronaldinho <br> but fans‚Äô passion never wavers! Will this fuel their drive towards Copa Am√©rica victory?,"","",9,4,4,Darnell Baldwin,Nell_emAll,"Music producer and DJ. Bringing you the latest beats, mixes, and music industry news.",https://images.unsplash.com/photo-1603871165848-0aa92c869fa1?q=80&w=3772&auto=format&fit=crop&ixlib=rb-4.0.3&ixid=M3wxMjA3fDB8MHxwaG90by1wYWdlfHx8fGVufDB8fHx8fA%3D%3D,452,0,0,,A_2,18
22,22.06.24 07:54,World Bank estimates over 216M people could become climate refugees by mid-century unless drastic measures taken soon,"","",9,5,13,Allen Drazila,Allendrizzle,Travel blogger and adventure seeker. Join me as I explore new destinations and share travel tips.,https://images.unsplash.com/photo-1600486913747-55e5470d6f40?q=80&w=3870&auto=format&fit=crop&ixlib=rb-4.0.3&ixid=M3wxMjA3fDB8MHxwaG90by1wYWdlfHx8fGVufDB8fHx8fA%3D%3D,30,0,0,,A_2,19
23,22.06.24 07:57,Ronaldinho may have spoken out but let‚Äôs not forget countless times he made us proud on field too,"","",16,1,23,Abdulaziz Al,Abdulaziz_maaa,"Tech entrepreneur and innovator. Sharing insights on startups, technology, and business growth.",https://images.unsplash.com/photo-1514222709107-a180c68d72b4?q=80&w=3656&auto=format&fit=crop&ixlib=rb-4.0.3&ixid=M3wxMjA3fDB8MHxwaG90by1wYWdlfHx8fGVufDB8fHx8fA%3D%3D,372,0,0,,A_2,20
24,22.06.24 08:00,Humanitarian crisis deepens South. Ongoing rains and cold weather hamper relief efforts which leaves many in stranded dire conditions. #help,"","",39,4,7,Anggun History,AnggunHistory,"History buff and writer. Sharing historical facts, stories, and insights.",https://images.unsplash.com/photo-1632759200868-ed04ef0bb2dc?q=80&w=3774&auto=format&fit=crop&ixlib=rb-4.0.3&ixid=M3wxMjA3fDB8MHxwaG90by1wYWdlfHx8fGVufDB8fHx8fA%3D%3D,310,0,0,,A_2,22
25,22.06.24 08:03,"despite criticisms leveled against them, current crop players remain steadfast for their pursuit of excellence driven by love and  pride wearing yellow jersey","","",40,1,19,LesTampa,LesTampa813,"Sports enthusiast and Tampa Bay fan. Sharing game highlights, player stats, and sports commentary.",https://images.unsplash.com/photo-1624395213043-fa2e123b2656?q=80&w=2848&auto=format&fit=crop&ixlib=rb-4.0.3&ixid=M3wxMjA3fDB8MHxwaG90by1wYWdlfHx8fGVufDB8fHx8fA%3D%3D,696,0,0,,A_2,23
26,22.06.24 08:06,The #rainforest beckons adventurerers seeking wildlife encounters amidst sprawling landscapes <br> biodiversity at finest,"","",31,4,7,KULDEEP,KULDEEP9992,Tech enthusiast and gadget reviewer. Bringing you the latest in tech news and reviews.,https://images.unsplash.com/photo-1597346908500-28cda8acfe4e?q=80&w=3774&auto=format&fit=crop&ixlib=rb-4.0.3&ixid=M3wxMjA3fDB8MHxwaG90by1wYWdlfHx8fGVufDB8fHx8fA%3D%3D,200,0,0,,A_2,24
27,22.06.24 08:09,"IFRC's Roger Alonso Morgui: ¬´Floodwaters remain trapped in many areas, hampering aid distribution and making it impossible for people to return home.¬ª",https://ca-times.brightspotcdn.com/dims4/default/c122d29/2147483647/strip/true/crop/4864x3648+0+0/resize/1200x900!/quality/75/?url=https%3A%2F%2Fcalifornia-times-brightspot.s3.amazonaws.com%2Fe8%2F30%2F79f17ac9bee015315a0f747e3332%2Fd19f93b10a5c4409b842c53786cbce8e,"Aerial view of a damaged two-story house with its roof partially collapsed and surrounded by debris and uprooted trees after a severe flood. The house is isolated in a muddy field next to a small river, with hills in the background.",30,2,4,gweezy,georgia12210,Music lover and aspiring artist. Sharing my musical journey and favorite tunes.,https://images.unsplash.com/photo-1502823403499-6ccfcf4fb453?q=80&w=2000&auto=format&fit=crop&ixlib=rb-4.0.3&ixid=M3wxMjA3fDB8MHxwaG90by1wYWdlfHx8fGVufDB8fHx8fA%3D%3D,299,0,0,,A_2,25
28,22.06.24 08:12,from bossa nova melodies drifting through cafes to vibrant samba parades down streets‚Äîmusic truly defines Brazilian spirit,"","",22,1,1,Sikandarkambrani,sikanderali8958,"Entrepreneur and business coach. Sharing tips on business growth, leadership, and innovation.",https://images.unsplash.com/photo-1558222218-b7b54eede3f3?q=80&w=3774&auto=format&fit=crop&ixlib=rb-4.0.3&ixid=M3wxMjA3fDB8MHxwaG90by1wYWdlfHx8fGVufDB8fHx8fA%3D%3D,808,0,0,,A_2,26
29,22.06.24 08:15,Floodwaters remain stubbornly high across many areas hampering relief efforts & forcing families into prolonged displacement,https://img.lemde.fr/2024/05/06/0/0/3240/2160/664/0/75/0/833578a_5393083-01-06.jpg,"Aerial view of a devastated area following a mudslide, showing destroyed homes and debris scattered across a muddy landscape. One intact house near a brown, muddy river contrasts with the widespread destruction around it.",0,1,5,Lancelot Devonshire,fuvexesasiv,"History buff and writer. Sharing historical facts, stories, and insights.",https://images.unsplash.com/photo-1576558656222-ba66febe3dec?q=80&w=3870&auto=format&fit=crop&ixlib=rb-4.0.3&ixid=M3wxMjA3fDB8MHxwaG90by1wYWdlfHx8fGVufDB8fHx8fA%3D%3D,135,0,0,,A_2,27
30,22.06.24 08:18,Raphinha defends the current Brazilian team against Ronaldinho's criticism: ¬´We are committed to striving for success in the upcoming Copa Am√©rica.¬ª,"","",25,6,8,Kukoyi caleb,caleb_kukoyi,Fitness coach and wellness advocate. Motivating you to achieve your health goals with tips and workout routines.,https://images.unsplash.com/photo-1589279715734-6631a314dfa2?q=80&w=3872&auto=format&fit=crop&ixlib=rb-4.0.3&ixid=M3wxMjA3fDB8MHxwaG90by1wYWdlfHx8fGVufDB8fHx8fA%3D%3D,695,0,0,,A_2,28
31,22.06.24 08:21,Samba isn't just music; it's a way of life in Rio de Janeiro! The city's vibrant energy is contagious.,https://images.unsplash.com/photo-1625260868938-021a2e3a600b?q=80&w=3270&auto=format&fit=crop&ixlib=rb-4.0.3&ixid=M3wxMjA3fDB8MHxwaG90by1wYWdlfHx8fGVufDB8fHx8fA%3D%3D,"Black and white image of a bearded man playing a saxophone on a crowded street, surrounded by people in hats.",35,3,3,Donaven Thomas,Q2da_Kae,Music lover and aspiring artist. Sharing my musical journey and favorite tunes.,https://images.unsplash.com/photo-1530983822321-fcac2d3c0f06?q=80&w=3834&auto=format&fit=crop&ixlib=rb-4.0.3&ixid=M3wxMjA3fDB8MHxwaG90by1wYWdlfHx8fGVufDB8fHx8fA%3D%3D,478,0,0,,A_2,29
32,22.06.24 08:24,The Amazon holds secrets waiting to be #discovered‚Äîit‚Äôs not just about trees but also countless species calling it home,"","",31,3,7,caitlyn |-/,caitlynfcb,"Bookworm and aspiring writer. Sharing book reviews, writing tips, and literary discussions.",https://images.unsplash.com/photo-1573496799515-eebbb63814f2?q=80&w=3869&auto=format&fit=crop&ixlib=rb-4.0.3&ixid=M3wxMjA3fDB8MHxwaG90by1wYWdlfHx8fGVufDB8fHx8fA%3D%3D,871,0,0,,A_2,30
33,22.06.24 08:27,"the humanitarian crisis in Brazil is a stark reminder of how climate change is reshaping lives globally. more rain is forecasted, increasing the risk of water-borne #diseases.","","",19,4,0,little mis moonligh,LoupMaraudeur,"Night owl and dreamer. Sharing my thoughts, poetry, and late-night musings.",https://images.unsplash.com/photo-1589729132389-8f0e0b55b91e?q=80&w=3870&auto=format&fit=crop&ixlib=rb-4.0.3&ixid=M3wxMjA3fDB8MHxwaG90by1wYWdlfHx8fGVufDB8fHx8fA%3D%3D,346,0,0,,A_2,31
34,22.06.24 08:30,Lonely Planet describes Brazil as a land of powdery white-sand beaches & verdant rainforests. And its true! It truly is a country where nature's beauty knows no bounds!,https://images.unsplash.com/photo-1521495611528-1d6a473a3da1?q=80&w=3774&auto=format&fit=crop&ixlib=rb-4.0.3&ixid=M3wxMjA3fDB8MHxwaG90by1wYWdlfHx8fGVufDB8fHx8fA%3D%3D,"Scenic view of a turquoise beach bordered by lush green mountains under a clear blue sky. People enjoy the sandy beach, and several boats are anchored in the calm waters. A wooden pathway leads down to the beach through dense vegetation.",22,3,23,dapo olayiwola,ohdaps,"Tech enthusiast and software developer. Sharing coding tips, tech news, and innovative projects.",https://images.unsplash.com/photo-1625504615927-c14f4f309b63?q=80&w=3765&auto=format&fit=crop&ixlib=rb-4.0.3&ixid=M3wxMjA3fDB8MHxwaG90by1wYWdlfHx8fGVufDB8fHx8fA%3D%3D,283,0,0,,A_2,32
35,22.06.24 08:33,Rio #Carnival might be few months away but preparations already underway ensuring the next one to become an even bigger spectacle. It will be an unforgettable experience,"","",22,1,19,Bhavisha verma,BhavishaVerma31,"Fashion enthusiast and lifestyle blogger. Follow for style tips, beauty hacks, and daily inspiration.",https://images.unsplash.com/photo-1531123897727-8f129e1688ce?q=80&w=3774&auto=format&fit=crop&ixlib=rb-4.0.3&ixid=M3wxMjA3fDB8MHxwaG90by1wYWdlfHx8fGVufDB8fHx8fA%3D%3D,703,0,0,,A_2,33
36,22.06.24 08:36,Ronaldinho claims lack of  leadership‚Äîis there truth behind his words or misplaced judgement?,"","",0,7,2,Louis,That1PatriotFan,"Sports fanatic and Patriots fan. Sharing game highlights, player stats, and sports commentary.",https://images.unsplash.com/photo-1598133894008-61f7fdb8cc3a?q=80&w=2694&auto=format&fit=crop&ixlib=rb-4.0.3&ixid=M3wxMjA3fDB8MHxwaG90by1wYWdlfHx8fGVufDB8fHx8fA%3D%3D,600,0,0,,A_2,34
37,22.06.24 08:39,Curitiba often hailed greenest city South America pioneering sustainable urban planning practices setting example others follow. I mean look at their awesome architecture!,https://images.unsplash.com/photo-1554204934-7bc5ac38f456?q=80&w=3270&auto=format&fit=crop&ixlib=rb-4.0.3&ixid=M3wxMjA3fDB8MHxwaG90by1wYWdlfHx8fGVufDB8fHx8fA%3D%3D,"Sunset behind the modern architecture of the Oscar Niemeyer Museum in Curitiba, Brazil, featuring its distinctive eye-shaped structure over a reflective pool.",14,5,20,Rashi Kakkar,rashi_kakkar,"Foodie and culinary explorer. Discovering new recipes, restaurant reviews, and food adventures.",https://images.unsplash.com/photo-1531746020798-e6953c6e8e04?q=80&w=2550&auto=format&fit=crop&ixlib=rb-4.0.3&ixid=M3wxMjA3fDB8MHxwaG90by1wYWdlfHx8fGVufDB8fHx8fA%3D%3D,535,0,0,,A_2,35
38,22.06.24 08:42,The Institute for Economics and Peace warns that 1B+ people could become climate refugees by mid-century if global warming isn't addressed urgently.,"","",25,7,13,May Sarma,mayvsarma,Tech geek and gadget reviewer. Bringing you the latest in tech news and reviews.,https://images.unsplash.com/photo-1499358517822-d8578907a095?q=80&w=3000&auto=format&fit=crop&ixlib=rb-4.0.3&ixid=M3wxMjA3fDB8MHxwaG90by1wYWdlfHx8fGVufDB8fHx8fA%3D%3D,42,0,0,,A_2,37
39,22.06.24 08:45,Climate change displacement isn‚Äôt just statistics; it‚Äôs real lives disrupted! Southern Brazilians face harsh realities post-floods needing our #support!,"","",34,6,10,Brendan,Grundla,Travel blogger and adventure seeker. Join me as I explore new destinations and share travel tips.,https://images.unsplash.com/photo-1548048876-54a717fa3f8c?q=80&w=3840&auto=format&fit=crop&ixlib=rb-4.0.3&ixid=M3wxMjA3fDB8MHxwaG90by1wYWdlfHx8fGVufDB8fHx8fA%3D%3D,348,0,0,,A_2,38
40,22.06.24 08:48,"Despite the criticism, Brazilian football remains a symbol of national pride and passion. Fans should continue to support their team through thick and thin.","","",14,8,1,Emily Wilson,emilyhwilson,"Artist and creative soul. Sharing my artwork, creative process, and inspiration.",https://images.unsplash.com/photo-1509868918748-a554ad25f858?q=80&w=3875&auto=format&fit=crop&ixlib=rb-4.0.3&ixid=M3wxMjA3fDB8MHxwaG90by1wYWdlfHx8fGVufDB8fHx8fA%3D%3D,390,0,0,,A_2,39
41,22.06.24 08:51,Ronaldinho spoke his mind‚Äîit sparked a debate across the nation and shows us that passion runs deep when comes beautiful game we love dearly,"","",17,7,13,Mrs. Nobody,Niru11apr,"Mental health advocate and wellness coach. Tips on mindfulness, self-care, and mental well-being.",https://images.unsplash.com/photo-1546422832-de5b9c2042f6?q=80&w=1856&auto=format&fit=crop&ixlib=rb-4.0.3&ixid=M3wxMjA3fDB8MHxwaG90by1wYWdlfHx8fGVufDB8fHx8fA%3D%3D,304,0,0,,A_2,40
42,22.06.24 08:54,feeling nostalgic about my trip through Chapada Diamantina National Park ‚õ∞Ô∏è <br> breathtaking landscapes filled with waterfalls üí¶ caves üï≥Ô∏è plateaus ‚õ∞Ô∏è <br><br> an unforgettable adventure awaits you guys there üíö,https://images.unsplash.com/photo-1556446847-0e5f4c0965f1?q=80&w=3024&auto=format&fit=crop&ixlib=rb-4.0.3&ixid=M3wxMjA3fDB8MHxwaG90by1wYWdlfHx8fGVufDB8fHx8fA%3D%3D,"Sunset view at Chapada Diamantina National Park with a large rocky cliff illuminated by pink and orange skies. The foreground features dark silhouettes of trees and ferns, creating a dramatic contrast against the vibrant sky.",24,2,1,Tyler Batiste,TyBatiste,"Sports fanatic and baseball aficionado. Sharing game highlights, player stats, and sports commentary.",https://images.unsplash.com/photo-1513956589380-bad6acb9b9d4?q=80&w=1536&auto=format&fit=crop&ixlib=rb-4.0.3&ixid=M3wxMjA3fDB8MHxwaG90by1wYWdlfHx8fGVufDB8fHx8fA%3D%3D,290,0,0,,A_2,41
43,22.06.24 08:57,Manaus stands at heart Amazon offering a gateway into world largest rainforest‚Äîan ecological marvel!,"","",24,2,5,naimisha,1306_naimisha,Fashion & Lifestyle.,https://images.unsplash.com/photo-1627393100177-b4297e79a5be?q=80&w=3880&auto=format&fit=crop&ixlib=rb-4.0.3&ixid=M3wxMjA3fDB8MHxwaG90by1wYWdlfHx8fGVufDB8fHx8fA%3D%3D,132,0,0,,A_2,42
44,22.06.24 09:00,I don't car about the criticism. the unwavering support shown by such a passionate fanbase proves an enduring love for this beautiful game across  the whole country.,"","",30,6,13,Francisco Orcha,orcha_f,"Tech entrepreneur and innovator. Sharing insights on startups, technology, and business growth.",https://images.unsplash.com/photo-1519085360753-af0119f7cbe7?q=80&w=3774&auto=format&fit=crop&ixlib=rb-4.0.3&ixid=M3wxMjA3fDB8MHxwaG90by1wYWdlfHx8fGVufDB8fHx8fA%3D%3D,328,0,0,,A_2,43
45,22.06.24 09:03,"#Brazilian football legend Ronaldinho recently criticized the national team, calling it one of the worst in years. harsh words from a former great!","","",16,6,11,Rohit H B,HBRohit,Hobby Geek.,https://images.unsplash.com/photo-1615862915913-b93d20d742a3?q=80&w=3774&auto=format&fit=crop&ixlib=rb-4.0.3&ixid=M3wxMjA3fDB8MHxwaG90by1wYWdlfHx8fGVufDB8fHx8fA%3D%3D,52,0,0,,A_2,44
46,22.06.24 09:06,Ronaldinho says this might be one of our worst teams yet‚Äîdo you agree? Or will they prove him wrong at Copa Am√©rica?,https://images.unsplash.com/photo-1671037877105-9af332b937e1?q=80&w=3388&auto=format&fit=crop&ixlib=rb-4.0.3&ixid=M3wxMjA3fDB8MHxwaG90by1wYWdlfHx8fGVufDB8fHx8fA%3D%3D,"A vibrant street scene in Brazil with people, one wearing a blue shirt and another in yellow, raising their hands under a string of Brazilian flags. The atmosphere is festive and celebratory, with sunlight filtering through trees.",38,8,3,Michael John Smith,londonerabroad1,Travel blogger and adventure seeker.,https://images.unsplash.com/photo-1605827277785-2c51c2b3182b?q=80&w=3870&auto=format&fit=crop&ixlib=rb-4.0.3&ixid=M3wxMjA3fDB8MHxwaG90by1wYWdlfHx8fGVufDB8fHx8fA%3D%3D,335,0,0,,A_2,45
47,22.06.24 09:09,The team stands firm defending teammates against criticisms stressing dedication towards upcoming tournaments‚Äîcan they silence doubters through performance?,"","",40,7,3,taco,TacoTheMeme,Meme creator and humor enthusiast. Bringing you daily laughs and viral memes.,https://images.unsplash.com/photo-1631885628726-d60689c330db?q=80&w=3205&auto=format&fit=crop&ixlib=rb-4.0.3&ixid=M3wxMjA3fDB8MHxwaG90by1wYWdlfHx8fGVufDB8fHx8fA%3D%3D,668,0,0,,A_2,46
48,22.06.24 09:12,"Beautiful beaches, breathtaking rainforrests, rhythm-filled metropolises."""" truly a country of contrasts!","","",9,1,11,Kim Brown,_KBrown401,"Sports fanatic and baseball aficionado. Sharing game highlights, player stats, and sports commentary.",https://images.unsplash.com/photo-1630255733678-cf82ac59eef8?q=80&w=2493&auto=format&fit=crop&ixlib=rb-4.0.3&ixid=M3wxMjA3fDB8MHxwaG90by1wYWdlfHx8fGVufDB8fHx8fA%3D%3D,438,0,0,,A_2,47
49,22.06.24 09:15,Ronaldinho's criticism of the Brazilian football team has sparked controversy: ¬´This is perhaps one of the worst teams in recent years.¬ª Current players defend their commitment to Copa Am√©rica.,"","",30,2,22,Brad Ruiters,braddo_ct,Fitness coach and wellness advocate. Motivating you to achieve your health goals with tips and workout routines.,https://images.unsplash.com/photo-1529688530647-93a6e1916f5f?q=80&w=2498&auto=format&fit=crop&ixlib=rb-4.0.3&ixid=M3wxMjA3fDB8MHxwaG90by1wYWdlfHx8fGVufDB8fHx8fA%3D%3D,204,0,0,,A_2,48
50,22.06.24 09:18,"One month post-floods in southern Brazil, 2.3M people are still impacted, with 620K displaced. Ongoing rains and cold worsen the situation. IFRC makes it clear: ¬´Our efforts must intensify.¬ª #help",https://www.reuters.com/resizer/v2/IMCDGX7A7BBCDOJT2MDOC4O6QU.JPG?auth=650fd3a6c978da7020668509d52531ef2ae9e7156a8df7b29b676ad180476842&width=1920&quality=80,"Aerial view of a flooded urban area with a bright red boat moving through muddy waters between closely packed houses. The boat creates a V-shaped wake, highlighting its path through the flooded street.",37,1,8,Funny Vines,FunyyVines,Comedy lover and vine enthusiast. Sharing the funniest vines and comedy clips.,https://images.unsplash.com/photo-1628127468187-b5adce92a995?q=80&w=3870&auto=format&fit=crop&ixlib=rb-4.0.3&ixid=M3wxMjA3fDB8MHxwaG90by1wYWdlfHx8fGVufDB8fHx8fA%3D%3D,387,0,0,,A_2,49
51,22.06.24 09:21,Brazilian culture isn‚Äôt monolithic‚Äîit spans wide array traditions languages cuisines reflecting country vastness diversity richness,"","",25,7,4,Samir Madani,Samir_Madani,Tech geek and gadget reviewer. Bringing you the latest in tech news and reviews.,https://images.unsplash.com/photo-1529111290557-82f6d5c6cf85?q=80&w=2848&auto=format&fit=crop&ixlib=rb-4.0.3&ixid=M3wxMjA3fDB8MHxwaG90by1wYWdlfHx8fGVufDB8fHx8fA%3D%3D,731,0,0,,A_2,50
52,22.06.24 09:24,Do you agree with Ronaldinho or believe they‚Äôll prove critics wrong at Copa Am√©rica?,"","",26,1,6,Lobna Darwish,lobna,"Artist and creative soul. Sharing my artwork, creative process, and inspiration.",https://images.unsplash.com/photo-1544005313-94ddf0286df2?q=80&w=3776&auto=format&fit=crop&ixlib=rb-4.0.3&ixid=M3wxMjA3fDB8MHxwaG90by1wYWdlfHx8fGVufDB8fHx8fA%3D%3D,385,0,0,,A_2,52
53,22.06.24 09:27,Institute of Economics & Peace warns figure could reach staggering 1B driven out homes due to effects of warming temperatures,"","",39,1,12,Marcia Maddocks,MaddocksMarcia,"Mental health advocate and wellness coach. Tips on mindfulness, self-care, and mental well-being.",https://images.unsplash.com/photo-1604072366595-e75dc92d6bdc?q=80&w=3840&auto=format&fit=crop&ixlib=rb-4.0.3&ixid=M3wxMjA3fDB8MHxwaG90by1wYWdlfHx8fGVufDB8fHx8fA%3D%3D,478,0,0,,A_2,53
54,22.06.24 09:30,Discover Recife known as ¬´#Venice of #Brazil¬ª for its waterways & vibrant carnival celebrations. Its a city rich in history & culture!,"","",35,0,0,Melissa Phillips,migratorymel,Travel blogger.,https://images.unsplash.com/photo-1644358731331-34756cbb64b5?q=80&w=3526&auto=format&fit=crop&ixlib=rb-4.0.3&ixid=M3wxMjA3fDB8MHxwaG90by1wYWdlfHx8fGVufDB8fHx8fA%3D%3D,810,0,0,,A_2,54
55,22.06.24 09:33,Climate refugees aren't just a future concern‚Äîthey're here #now as seen with recent floods displacing millions globally including in Brazil,"","",24,0,19,Lia mahdalena,liamhdlenaa,"Fashion enthusiast and lifestyle blogger. Follow for style tips, beauty hacks, and daily inspiration.",https://images.unsplash.com/photo-1607569708758-0270aa4651bd?q=80&w=3774&auto=format&fit=crop&ixlib=rb-4.0.3&ixid=M3wxMjA3fDB8MHxwaG90by1wYWdlfHx8fGVufDB8fHx8fA%3D%3D,441,0,0,,A_2,55
56,22.06.24 09:36,saw amazing street art S√£o Paulo last visit üé® vibrant murals reflecting city‚Äôs dynamic spirit creativity everywhere you look üö∂‚Äç‚ôÇÔ∏èüñåÔ∏èüé®,"","",34,4,2,welmar du plessis,Welmardup,Adventurer and nature lover. Sharing my travels and outdoor experiences. Expect stunning landscapes and travel tips.,https://images.unsplash.com/photo-1606115690424-49770e55a2bc?q=80&w=3648&auto=format&fit=crop&ixlib=rb-4.0.3&ixid=M3wxMjA3fDB8MHxwaG90by1wYWdlfHx8fGVufDB8fHx8fA%3D%3D,688,0,0,,A_2,56
57,22.06.24 09:39,Dive deep into Amazon Rainforest. Home countless species #flora #fauna showing unparalleled nature  and raw beauty,https://images.unsplash.com/photo-1463593042669-1bf00846b1b6?q=80&w=3432&auto=format&fit=crop&ixlib=rb-4.0.3&ixid=M3wxMjA3fDB8MHxwaG90by1wYWdlfHx8fGVufDB8fHx8fA%3D%3D,"A vibrant red ibis stands gracefully on a tree branch against a lush green forest backdrop. The bird's long, curved black beak is prominent as it balances in its natural habitat.",4,1,12,Ariunchimeg Viktor,AnyaVik,"Artist and creative soul. Sharing my artwork, creative process, and inspiration.",https://images.unsplash.com/photo-1598886221209-99421ca9452e?q=80&w=2832&auto=format&fit=crop&ixlib=rb-4.0.3&ixid=M3wxMjA3fDB8MHxwaG90by1wYWdlfHx8fGVufDB8fHx8fA%3D%3D,288,0,0,,A_2,57
58,22.06.24 09:42,Brazil stands strong. #resilience defines us. always.,"","",32,6,13,Alex Morritt,Alex_Morritt,"Writer and storyteller. Sharing my literary works, writing tips, and book reviews.",https://images.unsplash.com/photo-1520341280432-4749d4d7bcf9?q=80&w=3648&auto=format&fit=crop&ixlib=rb-4.0.3&ixid=M3wxMjA3fDB8MHxwaG90by1wYWdlfHx8fGVufDB8fHx8fA%3D%3D,307,0,0,,A_2,58
59,22.06.24 09:45,Explore diverse offerings of S√£o Paulo. A metropolis blending modernity and tradition seamlessly. It creates such a unique urban tapestry worth discovering firsthand,"","",26,6,14,Kerala_WithRG,KeralaWithRG,Travel blogger and adventure seeker. Join me as I explore new destinations and share travel tips.,https://images.unsplash.com/photo-1489424731084-a5d8b219a5bb?q=80&w=3774&auto=format&fit=crop&ixlib=rb-4.0.3&ixid=M3wxMjA3fDB8MHxwaG90by1wYWdlfHx8fGVufDB8fHx8fA%3D%3D,148,0,0,,A_2,59
60,22.06.24 09:48,Raphinha is right. Our team needs all the #support they can get right now!,"","",6,7,17,Umesh Rai,umesh2063,"Tech enthusiast and software developer. Sharing coding tips, tech news, and innovative projects.",https://images.unsplash.com/photo-1530268729831-4b0b9e170218?q=80&w=3870&auto=format&fit=crop&ixlib=rb-4.0.3&ixid=M3wxMjA3fDB8MHxwaG90by1wYWdlfHx8fGVufDB8fHx8fA%3D%3D,766,0,0,,A_2,60
61,22.06.24 09:51,"Floodwaters in southern Brazil are still trapped, hampering aid distribution and preventing people from returning home. The humanitarian crisis continues to deepen.",https://cloudfront-us-east-2.images.arcpublishing.com/reuters/MIJAJ54QIBMQBDF6PJA2NLZPNM.jpg,"Aerial view of a flooded airport in Brazil with an airplane submerged in water. The surrounding area shows extensive water coverage, inundating buildings and parking lots.",3,4,2,Amjad Hussain,AmjadHussain299,Photographer and visual storyteller. Capturing moments and sharing photography tips.,https://images.unsplash.com/photo-1506794778202-cad84cf45f1d?q=80&w=3744&auto=format&fit=crop&ixlib=rb-4.0.3&ixid=M3wxMjA3fDB8MHxwaG90by1wYWdlfHx8fGVufDB8fHx8fA%3D%3D,153,0,0,,A_2,61
62,22.06.24 09:54,"As climate refugees become a reality worldwide, Brazil faces its own challenges with millions affected by recent floods.","","",19,7,7,Jill Colvin Jones,jillcolvinjones,"Journalist and news reporter. Bringing you the latest news, stories, and in-depth analysis.",https://images.unsplash.com/photo-1529232356377-57971f020a94?q=80&w=3776&auto=format&fit=crop&ixlib=rb-4.0.3&ixid=M3wxMjA3fDB8MHxwaG90by1wYWdlfHx8fGVufDB8fHx8fA%3D%3D,590,0,0,,A_2,62
63,22.06.24 09:57,floods remind us that nature commands respect‚Äîwe must act now mitigate climate impacts before more lives get uprooted irreversibly,"","",32,3,22,aurelie rabiot,zouzoum44,"Fashion enthusiast and lifestyle blogger. Follow for style tips, beauty hacks, and daily inspiration.",https://images.unsplash.com/photo-1611432579699-484f7990b127?q=80&w=3870&auto=format&fit=crop&ixlib=rb-4.0.3&ixid=M3wxMjA3fDB8MHxwaG90by1wYWdlfHx8fGVufDB8fHx8fA%3D%3D,384,0,0,,A_2,63
64,22.06.24 10:00,"amidst chaos brought by floods, stories emerge that highlight a human spirit of #generosity and #compassion offering glimpses 4 brighter tomorrow","","",30,1,12,Apok842,apok842,"Gaming enthusiast and streamer. Join me for live streams, game reviews, and gaming tips.",https://images.unsplash.com/photo-1603384699007-50799748fc45?q=80&w=2545&auto=format&fit=crop&ixlib=rb-4.0.3&ixid=M3wxMjA3fDB8MHxwaG90by1wYWdlfHx8fGVufDB8fHx8fA%3D%3D,283,0,0,,A_2,64
1,08.05.24 09:30,Download the Nike App and get access to the exclusive collection of the National Team starting on 06/21/2024!,https://raw.githubusercontent.com/Howquez/oFeeds/main/studies/frequency_capping/stimuli/images/creative_generic_nike.png,Promotional graphic for a Brazil 1998 reedition soccer jersey by Nike. The image displays two photos of a model wearing the yellow team jersey with 'Ronaldo' and the number '9' on the back. Text encourages downloading the Nike App to access this exclusive collection starting June 21st.,294,49,13,Nike,Nike,Spotlighting athlete* and üëü stories,"https://img.etimg.com/thumb/msid-59738997,width-640,resizemode-4,imgsize-21421/nike.jpg",10149872,0,1,https://apps.apple.com/app/id6447586622,B_2,
2,08.05.24 09:30,"Bring the whole family along and experience the comfort of business class on your next trip. Book now and save!* <br><br>*Offer valid through August 15, 2024. Available on selected flights when booked through jetblue.com. Limited seats available. Travel period from September 01, 2024, to January 31, 2025.",https://raw.githubusercontent.com/Howquez/oFeeds/main/studies/frequency_capping/stimuli/images/creative_generic_jetblue.png,"Advertising image for JetBlue featuring a beach scene with a clear blue sky and ocean. An adult and a child sit on the sand looking out at the sea, with text overlay stating 'jetBlue' and 'Less screen time. yes' encouraging a break from digital devices.",336,52,9,JetBlue,JetBlue,"Hi, nice to tweet you! ‚úàÔ∏è Customer concerns? Visit http://jetblue.com",https://pbs.twimg.com/profile_images/1793988854380163072/cLSLb-8a_400x400.jpg,1849872,0,1,https://www.jetblue.com/,B_2,
3,08.05.24 09:30,"¬ªI just want to go home.¬´ whispers Jo√£o, 7, displaced by the floods in Brazil. His story is one of many, but today, you can make a difference for him. Help Jo√£o and others like him find safety. Donate now. <br><br>#HelpJoao #BrazilFloodRelief",https://raw.githubusercontent.com/Howquez/oFeeds/main/studies/frequency_capping/stimuli/images/creative_focal_treatment.png,Young boy Jo√£o sleeps on a mattress in a makeshift shelter after the flood in Brazil.,336,52,9,UNICEF,UNICEF,"UNICEF works in over 190 countries and territories to protect children's rights. We won't stop, #ForEveryChild.",https://fa.oregonstate.edu/sites/fa.oregonstate.edu/files/223-2237995_unicef-logo-unicef-logo-png-high-resolution-unicef_1_.webp,9243872,0,1,https://help.unicef.org/brazil-floods/citi-foundation?language=en,B_2,
4,08.05.24 09:30,"¬ªI just want to go home.¬´ whispers Jo√£o, 7, displaced by the floods in Brazil. His story is one of many, but today, you can make a difference for him. Help Jo√£o and others like him find safety. Donate now. <br><br>#HelpJoao #BrazilFloodRelief",https://raw.githubusercontent.com/Howquez/oFeeds/main/studies/frequency_capping/stimuli/images/creative_focal_treatment.png,Young boy Jo√£o sleeps on a mattress in a makeshift shelter after the flood in Brazil.,336,52,9,UNICEF,UNICEF,"UNICEF works in over 190 countries and territories to protect children's rights. We won't stop, #ForEveryChild.",https://fa.oregonstate.edu/sites/fa.oregonstate.edu/files/223-2237995_unicef-logo-unicef-logo-png-high-resolution-unicef_1_.webp,9243872,0,1,https://help.unicef.org/brazil-floods/citi-foundation?language=en,B_2,
5,22.06.24 07:03,I love Carnaval! The spirit of celebration lives within hearts every brazilian üíÉüèΩüï∫üèΩ can‚Äôt wait see streets filled joy again soon ‚ù§Ô∏èüéâ,https://images.unsplash.com/photo-1496767000195-3841ae3f97f4?q=80&w=3270&auto=format&fit=crop&ixlib=rb-4.0.3&ixid=M3wxMjA3fDB8MHxwaG90by1wYWdlfHx8fGVufDB8fHx8fA%3D%3D,"Two women in colorful carnival costumes, one kissing the other's cheek, take a selfie at a festive event.",23,7,10,Leo Lozano,lozano1931,Tech geek and gadget reviewer. Bringing you the latest in tech news and reviews. Stay updated with cutting-edge technology.,https://images.unsplash.com/photo-1633332755192-727a05c4013d?q=80&w=3880&auto=format&fit=crop&ixlib=rb-4.0.3&ixid=M3wxMjA3fDB8MHxwaG90by1wYWdlfHx8fGVufDB8fHx8fA%3D%3D,179,0,0,,B_2,1
6,22.06.24 07:06,let's keep pushing forward advocating stronger climate action policies to ensure that future generations don‚Äôt face similar devastations caused by unchecked global warming today,"","",9,1,23,welmar du plessis,Welmardup,Adventurer and nature lover. Sharing my travels and outdoor experiences. Expect stunning landscapes and travel tips.,https://images.unsplash.com/photo-1606115690424-49770e55a2bc?q=80&w=3648&auto=format&fit=crop&ixlib=rb-4.0.3&ixid=M3wxMjA3fDB8MHxwaG90by1wYWdlfHx8fGVufDB8fHx8fA%3D%3D,235,0,0,,B_2,2
7,22.06.24 07:09,can't wait for Copa Am√©rica! hoping our team proves critics wrong by showcasing their talent & passion on an international stage üåé‚öΩ,"","",3,8,11,aurelie rabiot,zouzoum44,"Fashion enthusiast and lifestyle blogger. Follow for style tips, beauty hacks, and daily inspiration.",https://images.unsplash.com/photo-1611432579699-484f7990b127?q=80&w=3870&auto=format&fit=crop&ixlib=rb-4.0.3&ixid=M3wxMjA3fDB8MHxwaG90by1wYWdlfHx8fGVufDB8fHx8fA%3D%3D,641,0,0,,B_2,3
8,22.06.24 07:12,#Raphinha counters Ronaldinho‚Äôs critique by emphasizing unity & commitment within team! Can they turn this controversy into motivation?,"","",3,2,6,kevin,ihearthalladay,"Sports fanatic and baseball aficionado. Sharing game highlights, player stats, and sports commentary.",https://images.unsplash.com/photo-1595211877493-41a4e5f236b3?q=80&w=3830&auto=format&fit=crop&ixlib=rb-4.0.3&ixid=M3wxMjA3fDB8MHxwaG90by1wYWdlfHx8fGVufDB8fHx8fA%3D%3D,558,0,0,,B_2,4
9,22.06.24 07:15,"Football controversies aside, Brazilians' love for the sport remains unshaken as they rally behind their team for Copa Am√©rica glory.","","",12,1,6,max saber,spencylund,Fitness coach and wellness advocate. Motivating you to achieve your health goals with tips and workout routines.,https://images.unsplash.com/photo-1629425733761-caae3b5f2e50?q=80&w=2968&auto=format&fit=crop&ixlib=rb-4.0.3&ixid=M3wxMjA3fDB8MHxwaG90by1wYWdlfHx8fGVufDB8fHx8fA%3D%3D,180,0,0,,B_2,5
10,22.06.24 07:18,The Institute of Economics and Peace warns of potential billion-plus climate refugees mid-century unless immediate actions are taken to address pressing environmental issues,"","",28,6,13,Dierenthuis,dierenthuis,"Animal lover and pet care expert. Tips on pet health, training, and adorable pet moments.",https://images.unsplash.com/photo-1494790108377-be9c29b29330?q=80&w=3744&auto=format&fit=crop&ixlib=rb-4.0.3&ixid=M3wxMjA3fDB8MHxwaG90by1wYWdlfHx8fGVufDB8fHx8fA%3D%3D,315,0,0,,B_2,7
11,22.06.24 07:21,Whether exploring depths in Pantanal wetlands or scaling the heights of Sugarloaf Mountainwith  breathtaking views. I all awaits those willing venture beyond beaten path #Brazil,"","",0,2,15,JM,b5forks,"Foodie and culinary explorer. Discovering new recipes, restaurant reviews, and food adventures.",https://images.unsplash.com/photo-1500648767791-00dcc994a43e?q=80&w=3000&auto=format&fit=crop&ixlib=rb-4.0.3&ixid=M3wxMjA3fDB8MHxwaG90by1wYWdlfHx8fGVufDB8fHx8fA%3D%3D,351,0,0,,B_2,8
12,22.06.24 07:24,"Fortaleza offers perfect blend of sun, sea, sand coupled vibrant nightlife making it the ideal destination fot those seeking both relaxation and excitement on a single trip","","",8,7,8,C0urtesy tiTus,C0urtesyTitus,"Gaming enthusiast and streamer. Join me for live streams, game reviews, and gaming tips.",https://images.unsplash.com/photo-1507003211169-0a1dd7228f2d?q=80&w=3569&auto=format&fit=crop&ixlib=rb-4.0.3&ixid=M3wxMjA3fDB8MHxwaG90by1wYWdlfHx8fGVufDB8fHx8fA%3D%3D,332,0,0,,B_2,9
13,22.06.24 07:27,Salvador da Bahia‚Äîthe heartbeat of Afro-Brazilian culture where every street corner echoes with rhythms from drums played centuries ago,"","",39,3,1,Kinzang Norbu,KinzanNobu,Cultural explorer and travel blogger. Sharing stories and photos from my global adventures.,https://images.unsplash.com/photo-1472099645785-5658abf4ff4e?q=80&w=3870&auto=format&fit=crop&ixlib=rb-4.0.3&ixid=M3wxMjA3fDB8MHxwaG90by1wYWdlfHx8fGVufDB8fHx8fA%3D%3D,70,0,0,,B_2,10
14,22.06.24 07:30,"Despite criticisms, Brazilian football has always bounced back stronger! Let's support our team as they prepare for Copa Am√©rica. Just as we did in S√£o Paulo the other day.",https://images.unsplash.com/photo-1564019796336-0e84bfb5deed?q=80&w=3024&auto=format&fit=crop&ixlib=rb-4.0.3&ixid=M3wxMjA3fDB8MHxwaG90by1wYWdlfHx8fGVufDB8fHx8fA%3D%3D,"A child sits on an adult's shoulders, both facing away from the camera, watching a soccer match in a stadium filled with spectators. The crowd is blurred in the background, focusing on the pair in the foreground.",38,6,10,Oguntuyi Itunuoluwa,IT_Oluwa,"Tech enthusiast and software developer. Sharing coding tips, tech news, and innovative projects.",https://images.unsplash.com/photo-1600878459138-e1123b37cb30?q=80&w=3812&auto=format&fit=crop&ixlib=rb-4.0.3&ixid=M3wxMjA3fDB8MHxwaG90by1wYWdlfHx8fGVufDB8fHx8fA%3D%3D,822,0,0,,B_2,11
15,22.06.24 07:33,can‚Äôt get enough bossa nova vibes Jo√£o Gilberto üáßüá∑ Astrud Gilberto üáßüá∑ Antonio Carlos Jobim üáßüá∑ timeless classics. perfect for a relaxing evening playlist üé∂‚ú®üé∏üåô,"","",30,6,20,Gian B,IamGian24,Fitness enthusiast and personal trainer. Helping you achieve your fitness goals with tips and motivation.,https://images.unsplash.com/photo-1620932934088-fbdb2920e484?q=80&w=2426&auto=format&fit=crop&ixlib=rb-4.0.3&ixid=M3wxMjA3fDB8MHxwaG90by1wYWdlfHx8fGVufDB8fHx8fA%3D%3D,209,0,0,,B_2,12
16,22.06.24 07:36,Brazilian cities have a pulse with music and diversity‚Äîa blend of indigenous and immigrant cultures creating something truly unique!,"","",13,1,13,Victor Peetso,VWPeetso,"Automotive expert and car enthusiast. Reviews, tips, and news about the latest in the automotive world.",https://images.unsplash.com/photo-1558222218-b7b54eede3f3?q=80&w=3774&auto=format&fit=crop&ixlib=rb-4.0.3&ixid=M3wxMjA3fDB8MHxwaG90by1wYWdlfHx8fGVufDB8fHx8fA%3D%3D,42,0,0,,B_2,13
17,22.06.24 07:39,Extreme weather events like these floods show us why combating climate change should be everyone's priority,"","",21,0,8,B L V C K,Blvck000,"Fashion enthusiast and lifestyle blogger. Follow for style tips, beauty hacks, and daily inspiration.",https://images.unsplash.com/photo-1523477800337-966dbabe060b?q=80&w=2008&auto=format&fit=crop&ixlib=rb-4.0.3&ixid=M3wxMjA3fDB8MHxwaG90by1wYWdlfHx8fGVufDB8fHx8fA%3D%3D,22,0,0,,B_2,14
18,22.06.24 07:42,European Parliament anticipates future influx of  #climate_refugees arriving sooner than anticipated given current trends observed globally #floods #brazil,https://images.unsplash.com/photo-1594841359067-31caf8216011?q=80&w=3270&auto=format&fit=crop&ixlib=rb-4.0.3&ixid=M3wxMjA3fDB8MHxwaG90by1wYWdlfHx8fGVufDB8fHx8fA%3D%3D,"A man photographs a refugee camp with temporary housing and clothes drying on lines, set against a cloudy sky.",31,1,13,bowdi,bowdi,Music lover and aspiring artist. Sharing my musical journey and favorite tunes. Join me for some great music vibes.,https://images.unsplash.com/photo-1540569014015-19a7be504e3a?q=80&w=3024&auto=format&fit=crop&ixlib=rb-4.0.3&ixid=M3wxMjA3fDB8MHxwaG90by1wYWdlfHx8fGVufDB8fHx8fA%3D%3D,523,0,0,,B_2,15
19,22.06.24 07:45,Brazil isn‚Äôt alone Pakistan Ethiopia Kenya have all faced similar devastating floods recently highlighting a GLOBAL crisis,"","",26,6,21,Chill Pill,soreia_kh,"Mental health advocate and wellness coach. Tips on mindfulness, self-care, and mental well-being.",https://images.unsplash.com/photo-1607569490015-7101095605ed?q=80&w=3774&auto=format&fit=crop&ixlib=rb-4.0.3&ixid=M3wxMjA3fDB8MHxwaG90by1wYWdlfHx8fGVufDB8fHx8fA%3D%3D,342,0,0,,B_2,16
20,22.06.24 07:48,the Pantanal wetlands are teeming with wildlife‚Äîjaguars prowling at dusk & caimans basking under sun‚Äî #Brazil is a nature lover‚Äôs paradise!,"","",26,8,11,WF OMAR,Arowoshaye,"Entrepreneur and business strategist. Sharing insights on business growth, leadership, and innovation.",https://images.unsplash.com/photo-1560250097-0b93528c311a?q=80&w=3149&auto=format&fit=crop&ixlib=rb-4.0.3&ixid=M3wxMjA3fDB8MHxwaG90by1wYWdlfHx8fGVufDB8fHx8fA%3D%3D,131,0,0,,B_2,17
21,22.06.24 07:51,Brazilian football drama unfolds #Ronaldinho <br> but fans‚Äô passion never wavers! Will this fuel their drive towards Copa Am√©rica victory?,"","",9,4,4,Darnell Baldwin,Nell_emAll,"Music producer and DJ. Bringing you the latest beats, mixes, and music industry news.",https://images.unsplash.com/photo-1603871165848-0aa92c869fa1?q=80&w=3772&auto=format&fit=crop&ixlib=rb-4.0.3&ixid=M3wxMjA3fDB8MHxwaG90by1wYWdlfHx8fGVufDB8fHx8fA%3D%3D,452,0,0,,B_2,18
22,22.06.24 07:54,World Bank estimates over 216M people could become climate refugees by mid-century unless drastic measures taken soon,"","",9,5,13,Allen Drazila,Allendrizzle,Travel blogger and adventure seeker. Join me as I explore new destinations and share travel tips.,https://images.unsplash.com/photo-1600486913747-55e5470d6f40?q=80&w=3870&auto=format&fit=crop&ixlib=rb-4.0.3&ixid=M3wxMjA3fDB8MHxwaG90by1wYWdlfHx8fGVufDB8fHx8fA%3D%3D,30,0,0,,B_2,19
23,22.06.24 07:57,Ronaldinho may have spoken out but let‚Äôs not forget countless times he made us proud on field too,"","",16,1,23,Abdulaziz Al,Abdulaziz_maaa,"Tech entrepreneur and innovator. Sharing insights on startups, technology, and business growth.",https://images.unsplash.com/photo-1514222709107-a180c68d72b4?q=80&w=3656&auto=format&fit=crop&ixlib=rb-4.0.3&ixid=M3wxMjA3fDB8MHxwaG90by1wYWdlfHx8fGVufDB8fHx8fA%3D%3D,372,0,0,,B_2,20
24,22.06.24 08:00,Humanitarian crisis deepens South. Ongoing rains and cold weather hamper relief efforts which leaves many in stranded dire conditions. #help,"","",39,4,7,Anggun History,AnggunHistory,"History buff and writer. Sharing historical facts, stories, and insights.",https://images.unsplash.com/photo-1632759200868-ed04ef0bb2dc?q=80&w=3774&auto=format&fit=crop&ixlib=rb-4.0.3&ixid=M3wxMjA3fDB8MHxwaG90by1wYWdlfHx8fGVufDB8fHx8fA%3D%3D,310,0,0,,B_2,22
25,22.06.24 08:03,"despite criticisms leveled against them, current crop players remain steadfast for their pursuit of excellence driven by love and  pride wearing yellow jersey","","",40,1,19,LesTampa,LesTampa813,"Sports enthusiast and Tampa Bay fan. Sharing game highlights, player stats, and sports commentary.",https://images.unsplash.com/photo-1624395213043-fa2e123b2656?q=80&w=2848&auto=format&fit=crop&ixlib=rb-4.0.3&ixid=M3wxMjA3fDB8MHxwaG90by1wYWdlfHx8fGVufDB8fHx8fA%3D%3D,696,0,0,,B_2,23
26,22.06.24 08:06,The #rainforest beckons adventurerers seeking wildlife encounters amidst sprawling landscapes <br> biodiversity at finest,"","",31,4,7,KULDEEP,KULDEEP9992,Tech enthusiast and gadget reviewer. Bringing you the latest in tech news and reviews.,https://images.unsplash.com/photo-1597346908500-28cda8acfe4e?q=80&w=3774&auto=format&fit=crop&ixlib=rb-4.0.3&ixid=M3wxMjA3fDB8MHxwaG90by1wYWdlfHx8fGVufDB8fHx8fA%3D%3D,200,0,0,,B_2,24
27,22.06.24 08:09,"IFRC's Roger Alonso Morgui: ¬´Floodwaters remain trapped in many areas, hampering aid distribution and making it impossible for people to return home.¬ª",https://ca-times.brightspotcdn.com/dims4/default/c122d29/2147483647/strip/true/crop/4864x3648+0+0/resize/1200x900!/quality/75/?url=https%3A%2F%2Fcalifornia-times-brightspot.s3.amazonaws.com%2Fe8%2F30%2F79f17ac9bee015315a0f747e3332%2Fd19f93b10a5c4409b842c53786cbce8e,"Aerial view of a damaged two-story house with its roof partially collapsed and surrounded by debris and uprooted trees after a severe flood. The house is isolated in a muddy field next to a small river, with hills in the background.",30,2,4,gweezy,georgia12210,Music lover and aspiring artist. Sharing my musical journey and favorite tunes.,https://images.unsplash.com/photo-1502823403499-6ccfcf4fb453?q=80&w=2000&auto=format&fit=crop&ixlib=rb-4.0.3&ixid=M3wxMjA3fDB8MHxwaG90by1wYWdlfHx8fGVufDB8fHx8fA%3D%3D,299,0,0,,B_2,25
28,22.06.24 08:12,from bossa nova melodies drifting through cafes to vibrant samba parades down streets‚Äîmusic truly defines Brazilian spirit,"","",22,1,1,Sikandarkambrani,sikanderali8958,"Entrepreneur and business coach. Sharing tips on business growth, leadership, and innovation.",https://images.unsplash.com/photo-1558222218-b7b54eede3f3?q=80&w=3774&auto=format&fit=crop&ixlib=rb-4.0.3&ixid=M3wxMjA3fDB8MHxwaG90by1wYWdlfHx8fGVufDB8fHx8fA%3D%3D,808,0,0,,B_2,26
29,22.06.24 08:15,Floodwaters remain stubbornly high across many areas hampering relief efforts & forcing families into prolonged displacement,https://img.lemde.fr/2024/05/06/0/0/3240/2160/664/0/75/0/833578a_5393083-01-06.jpg,"Aerial view of a devastated area following a mudslide, showing destroyed homes and debris scattered across a muddy landscape. One intact house near a brown, muddy river contrasts with the widespread destruction around it.",0,1,5,Lancelot Devonshire,fuvexesasiv,"History buff and writer. Sharing historical facts, stories, and insights.",https://images.unsplash.com/photo-1576558656222-ba66febe3dec?q=80&w=3870&auto=format&fit=crop&ixlib=rb-4.0.3&ixid=M3wxMjA3fDB8MHxwaG90by1wYWdlfHx8fGVufDB8fHx8fA%3D%3D,135,0,0,,B_2,27
30,22.06.24 08:18,Raphinha defends the current Brazilian team against Ronaldinho's criticism: ¬´We are committed to striving for success in the upcoming Copa Am√©rica.¬ª,"","",25,6,8,Kukoyi caleb,caleb_kukoyi,Fitness coach and wellness advocate. Motivating you to achieve your health goals with tips and workout routines.,https://images.unsplash.com/photo-1589279715734-6631a314dfa2?q=80&w=3872&auto=format&fit=crop&ixlib=rb-4.0.3&ixid=M3wxMjA3fDB8MHxwaG90by1wYWdlfHx8fGVufDB8fHx8fA%3D%3D,695,0,0,,B_2,28
31,22.06.24 08:21,Samba isn't just music; it's a way of life in Rio de Janeiro! The city's vibrant energy is contagious.,https://images.unsplash.com/photo-1625260868938-021a2e3a600b?q=80&w=3270&auto=format&fit=crop&ixlib=rb-4.0.3&ixid=M3wxMjA3fDB8MHxwaG90by1wYWdlfHx8fGVufDB8fHx8fA%3D%3D,"Black and white image of a bearded man playing a saxophone on a crowded street, surrounded by people in hats.",35,3,3,Donaven Thomas,Q2da_Kae,Music lover and aspiring artist. Sharing my musical journey and favorite tunes.,https://images.unsplash.com/photo-1530983822321-fcac2d3c0f06?q=80&w=3834&auto=format&fit=crop&ixlib=rb-4.0.3&ixid=M3wxMjA3fDB8MHxwaG90by1wYWdlfHx8fGVufDB8fHx8fA%3D%3D,478,0,0,,B_2,29
32,22.06.24 08:24,The Amazon holds secrets waiting to be #discovered‚Äîit‚Äôs not just about trees but also countless species calling it home,"","",31,3,7,caitlyn |-/,caitlynfcb,"Bookworm and aspiring writer. Sharing book reviews, writing tips, and literary discussions.",https://images.unsplash.com/photo-1573496799515-eebbb63814f2?q=80&w=3869&auto=format&fit=crop&ixlib=rb-4.0.3&ixid=M3wxMjA3fDB8MHxwaG90by1wYWdlfHx8fGVufDB8fHx8fA%3D%3D,871,0,0,,B_2,30
33,22.06.24 08:27,"the humanitarian crisis in Brazil is a stark reminder of how climate change is reshaping lives globally. more rain is forecasted, increasing the risk of water-borne #diseases.","","",19,4,0,little mis moonligh,LoupMaraudeur,"Night owl and dreamer. Sharing my thoughts, poetry, and late-night musings.",https://images.unsplash.com/photo-1589729132389-8f0e0b55b91e?q=80&w=3870&auto=format&fit=crop&ixlib=rb-4.0.3&ixid=M3wxMjA3fDB8MHxwaG90by1wYWdlfHx8fGVufDB8fHx8fA%3D%3D,346,0,0,,B_2,31
34,22.06.24 08:30,Lonely Planet describes Brazil as a land of powdery white-sand beaches & verdant rainforests. And its true! It truly is a country where nature's beauty knows no bounds!,https://images.unsplash.com/photo-1521495611528-1d6a473a3da1?q=80&w=3774&auto=format&fit=crop&ixlib=rb-4.0.3&ixid=M3wxMjA3fDB8MHxwaG90by1wYWdlfHx8fGVufDB8fHx8fA%3D%3D,"Scenic view of a turquoise beach bordered by lush green mountains under a clear blue sky. People enjoy the sandy beach, and several boats are anchored in the calm waters. A wooden pathway leads down to the beach through dense vegetation.",22,3,23,dapo olayiwola,ohdaps,"Tech enthusiast and software developer. Sharing coding tips, tech news, and innovative projects.",https://images.unsplash.com/photo-1625504615927-c14f4f309b63?q=80&w=3765&auto=format&fit=crop&ixlib=rb-4.0.3&ixid=M3wxMjA3fDB8MHxwaG90by1wYWdlfHx8fGVufDB8fHx8fA%3D%3D,283,0,0,,B_2,32
35,22.06.24 08:33,Rio #Carnival might be few months away but preparations already underway ensuring the next one to become an even bigger spectacle. It will be an unforgettable experience,"","",22,1,19,Bhavisha verma,BhavishaVerma31,"Fashion enthusiast and lifestyle blogger. Follow for style tips, beauty hacks, and daily inspiration.",https://images.unsplash.com/photo-1531123897727-8f129e1688ce?q=80&w=3774&auto=format&fit=crop&ixlib=rb-4.0.3&ixid=M3wxMjA3fDB8MHxwaG90by1wYWdlfHx8fGVufDB8fHx8fA%3D%3D,703,0,0,,B_2,33
36,22.06.24 08:36,Ronaldinho claims lack of  leadership‚Äîis there truth behind his words or misplaced judgement?,"","",0,7,2,Louis,That1PatriotFan,"Sports fanatic and Patriots fan. Sharing game highlights, player stats, and sports commentary.",https://images.unsplash.com/photo-1598133894008-61f7fdb8cc3a?q=80&w=2694&auto=format&fit=crop&ixlib=rb-4.0.3&ixid=M3wxMjA3fDB8MHxwaG90by1wYWdlfHx8fGVufDB8fHx8fA%3D%3D,600,0,0,,B_2,34
37,22.06.24 08:39,Curitiba often hailed greenest city South America pioneering sustainable urban planning practices setting example others follow. I mean look at their awesome architecture!,https://images.unsplash.com/photo-1554204934-7bc5ac38f456?q=80&w=3270&auto=format&fit=crop&ixlib=rb-4.0.3&ixid=M3wxMjA3fDB8MHxwaG90by1wYWdlfHx8fGVufDB8fHx8fA%3D%3D,"Sunset behind the modern architecture of the Oscar Niemeyer Museum in Curitiba, Brazil, featuring its distinctive eye-shaped structure over a reflective pool.",14,5,20,Rashi Kakkar,rashi_kakkar,"Foodie and culinary explorer. Discovering new recipes, restaurant reviews, and food adventures.",https://images.unsplash.com/photo-1531746020798-e6953c6e8e04?q=80&w=2550&auto=format&fit=crop&ixlib=rb-4.0.3&ixid=M3wxMjA3fDB8MHxwaG90by1wYWdlfHx8fGVufDB8fHx8fA%3D%3D,535,0,0,,B_2,35
38,22.06.24 08:42,The Institute for Economics and Peace warns that 1B+ people could become climate refugees by mid-century if global warming isn't addressed urgently.,"","",25,7,13,May Sarma,mayvsarma,Tech geek and gadget reviewer. Bringing you the latest in tech news and reviews.,https://images.unsplash.com/photo-1499358517822-d8578907a095?q=80&w=3000&auto=format&fit=crop&ixlib=rb-4.0.3&ixid=M3wxMjA3fDB8MHxwaG90by1wYWdlfHx8fGVufDB8fHx8fA%3D%3D,42,0,0,,B_2,37
39,22.06.24 08:45,Climate change displacement isn‚Äôt just statistics; it‚Äôs real lives disrupted! Southern Brazilians face harsh realities post-floods needing our #support!,"","",34,6,10,Brendan,Grundla,Travel blogger and adventure seeker. Join me as I explore new destinations and share travel tips.,https://images.unsplash.com/photo-1548048876-54a717fa3f8c?q=80&w=3840&auto=format&fit=crop&ixlib=rb-4.0.3&ixid=M3wxMjA3fDB8MHxwaG90by1wYWdlfHx8fGVufDB8fHx8fA%3D%3D,348,0,0,,B_2,38
40,22.06.24 08:48,"Despite the criticism, Brazilian football remains a symbol of national pride and passion. Fans should continue to support their team through thick and thin.","","",14,8,1,Emily Wilson,emilyhwilson,"Artist and creative soul. Sharing my artwork, creative process, and inspiration.",https://images.unsplash.com/photo-1509868918748-a554ad25f858?q=80&w=3875&auto=format&fit=crop&ixlib=rb-4.0.3&ixid=M3wxMjA3fDB8MHxwaG90by1wYWdlfHx8fGVufDB8fHx8fA%3D%3D,390,0,0,,B_2,39
41,22.06.24 08:51,Ronaldinho spoke his mind‚Äîit sparked a debate across the nation and shows us that passion runs deep when comes beautiful game we love dearly,"","",17,7,13,Mrs. Nobody,Niru11apr,"Mental health advocate and wellness coach. Tips on mindfulness, self-care, and mental well-being.",https://images.unsplash.com/photo-1546422832-de5b9c2042f6?q=80&w=1856&auto=format&fit=crop&ixlib=rb-4.0.3&ixid=M3wxMjA3fDB8MHxwaG90by1wYWdlfHx8fGVufDB8fHx8fA%3D%3D,304,0,0,,B_2,40
42,22.06.24 08:54,feeling nostalgic about my trip through Chapada Diamantina National Park ‚õ∞Ô∏è <br> breathtaking landscapes filled with waterfalls üí¶ caves üï≥Ô∏è plateaus ‚õ∞Ô∏è <br><br> an unforgettable adventure awaits you guys there üíö,https://images.unsplash.com/photo-1556446847-0e5f4c0965f1?q=80&w=3024&auto=format&fit=crop&ixlib=rb-4.0.3&ixid=M3wxMjA3fDB8MHxwaG90by1wYWdlfHx8fGVufDB8fHx8fA%3D%3D,"Sunset view at Chapada Diamantina National Park with a large rocky cliff illuminated by pink and orange skies. The foreground features dark silhouettes of trees and ferns, creating a dramatic contrast against the vibrant sky.",24,2,1,Tyler Batiste,TyBatiste,"Sports fanatic and baseball aficionado. Sharing game highlights, player stats, and sports commentary.",https://images.unsplash.com/photo-1513956589380-bad6acb9b9d4?q=80&w=1536&auto=format&fit=crop&ixlib=rb-4.0.3&ixid=M3wxMjA3fDB8MHxwaG90by1wYWdlfHx8fGVufDB8fHx8fA%3D%3D,290,0,0,,B_2,41
43,22.06.24 08:57,Manaus stands at heart Amazon offering a gateway into world largest rainforest‚Äîan ecological marvel!,"","",24,2,5,naimisha,1306_naimisha,Fashion & Lifestyle.,https://images.unsplash.com/photo-1627393100177-b4297e79a5be?q=80&w=3880&auto=format&fit=crop&ixlib=rb-4.0.3&ixid=M3wxMjA3fDB8MHxwaG90by1wYWdlfHx8fGVufDB8fHx8fA%3D%3D,132,0,0,,B_2,42
44,22.06.24 09:00,I don't car about the criticism. the unwavering support shown by such a passionate fanbase proves an enduring love for this beautiful game across  the whole country.,"","",30,6,13,Francisco Orcha,orcha_f,"Tech entrepreneur and innovator. Sharing insights on startups, technology, and business growth.",https://images.unsplash.com/photo-1519085360753-af0119f7cbe7?q=80&w=3774&auto=format&fit=crop&ixlib=rb-4.0.3&ixid=M3wxMjA3fDB8MHxwaG90by1wYWdlfHx8fGVufDB8fHx8fA%3D%3D,328,0,0,,B_2,43
45,22.06.24 09:03,"#Brazilian football legend Ronaldinho recently criticized the national team, calling it one of the worst in years. harsh words from a former great!","","",16,6,11,Rohit H B,HBRohit,Hobby Geek.,https://images.unsplash.com/photo-1615862915913-b93d20d742a3?q=80&w=3774&auto=format&fit=crop&ixlib=rb-4.0.3&ixid=M3wxMjA3fDB8MHxwaG90by1wYWdlfHx8fGVufDB8fHx8fA%3D%3D,52,0,0,,B_2,44
46,22.06.24 09:06,Ronaldinho says this might be one of our worst teams yet‚Äîdo you agree? Or will they prove him wrong at Copa Am√©rica?,https://images.unsplash.com/photo-1671037877105-9af332b937e1?q=80&w=3388&auto=format&fit=crop&ixlib=rb-4.0.3&ixid=M3wxMjA3fDB8MHxwaG90by1wYWdlfHx8fGVufDB8fHx8fA%3D%3D,"A vibrant street scene in Brazil with people, one wearing a blue shirt and another in yellow, raising their hands under a string of Brazilian flags. The atmosphere is festive and celebratory, with sunlight filtering through trees.",38,8,3,Michael John Smith,londonerabroad1,Travel blogger and adventure seeker.,https://images.unsplash.com/photo-1605827277785-2c51c2b3182b?q=80&w=3870&auto=format&fit=crop&ixlib=rb-4.0.3&ixid=M3wxMjA3fDB8MHxwaG90by1wYWdlfHx8fGVufDB8fHx8fA%3D%3D,335,0,0,,B_2,45
47,22.06.24 09:09,The team stands firm defending teammates against criticisms stressing dedication towards upcoming tournaments‚Äîcan they silence doubters through performance?,"","",40,7,3,taco,TacoTheMeme,Meme creator and humor enthusiast. Bringing you daily laughs and viral memes.,https://images.unsplash.com/photo-1631885628726-d60689c330db?q=80&w=3205&auto=format&fit=crop&ixlib=rb-4.0.3&ixid=M3wxMjA3fDB8MHxwaG90by1wYWdlfHx8fGVufDB8fHx8fA%3D%3D,668,0,0,,B_2,46
48,22.06.24 09:12,"Beautiful beaches, breathtaking rainforrests, rhythm-filled metropolises."""" truly a country of contrasts!","","",9,1,11,Kim Brown,_KBrown401,"Sports fanatic and baseball aficionado. Sharing game highlights, player stats, and sports commentary.",https://images.unsplash.com/photo-1630255733678-cf82ac59eef8?q=80&w=2493&auto=format&fit=crop&ixlib=rb-4.0.3&ixid=M3wxMjA3fDB8MHxwaG90by1wYWdlfHx8fGVufDB8fHx8fA%3D%3D,438,0,0,,B_2,47
49,22.06.24 09:15,Ronaldinho's criticism of the Brazilian football team has sparked controversy: ¬´This is perhaps one of the worst teams in recent years.¬ª Current players defend their commitment to Copa Am√©rica.,"","",30,2,22,Brad Ruiters,braddo_ct,Fitness coach and wellness advocate. Motivating you to achieve your health goals with tips and workout routines.,https://images.unsplash.com/photo-1529688530647-93a6e1916f5f?q=80&w=2498&auto=format&fit=crop&ixlib=rb-4.0.3&ixid=M3wxMjA3fDB8MHxwaG90by1wYWdlfHx8fGVufDB8fHx8fA%3D%3D,204,0,0,,B_2,48
50,22.06.24 09:18,"One month post-floods in southern Brazil, 2.3M people are still impacted, with 620K displaced. Ongoing rains and cold worsen the situation. IFRC makes it clear: ¬´Our efforts must intensify.¬ª #help",https://www.reuters.com/resizer/v2/IMCDGX7A7BBCDOJT2MDOC4O6QU.JPG?auth=650fd3a6c978da7020668509d52531ef2ae9e7156a8df7b29b676ad180476842&width=1920&quality=80,"Aerial view of a flooded urban area with a bright red boat moving through muddy waters between closely packed houses. The boat creates a V-shaped wake, highlighting its path through the flooded street.",37,1,8,Funny Vines,FunyyVines,Comedy lover and vine enthusiast. Sharing the funniest vines and comedy clips.,https://images.unsplash.com/photo-1628127468187-b5adce92a995?q=80&w=3870&auto=format&fit=crop&ixlib=rb-4.0.3&ixid=M3wxMjA3fDB8MHxwaG90by1wYWdlfHx8fGVufDB8fHx8fA%3D%3D,387,0,0,,B_2,49
51,22.06.24 09:21,Brazilian culture isn‚Äôt monolithic‚Äîit spans wide array traditions languages cuisines reflecting country vastness diversity richness,"","",25,7,4,Samir Madani,Samir_Madani,Tech geek and gadget reviewer. Bringing you the latest in tech news and reviews.,https://images.unsplash.com/photo-1529111290557-82f6d5c6cf85?q=80&w=2848&auto=format&fit=crop&ixlib=rb-4.0.3&ixid=M3wxMjA3fDB8MHxwaG90by1wYWdlfHx8fGVufDB8fHx8fA%3D%3D,731,0,0,,B_2,50
52,22.06.24 09:24,Do you agree with Ronaldinho or believe they‚Äôll prove critics wrong at Copa Am√©rica?,"","",26,1,6,Lobna Darwish,lobna,"Artist and creative soul. Sharing my artwork, creative process, and inspiration.",https://images.unsplash.com/photo-1544005313-94ddf0286df2?q=80&w=3776&auto=format&fit=crop&ixlib=rb-4.0.3&ixid=M3wxMjA3fDB8MHxwaG90by1wYWdlfHx8fGVufDB8fHx8fA%3D%3D,385,0,0,,B_2,52
53,22.06.24 09:27,Institute of Economics & Peace warns figure could reach staggering 1B driven out homes due to effects of warming temperatures,"","",39,1,12,Marcia Maddocks,MaddocksMarcia,"Mental health advocate and wellness coach. Tips on mindfulness, self-care, and mental well-being.",https://images.unsplash.com/photo-1604072366595-e75dc92d6bdc?q=80&w=3840&auto=format&fit=crop&ixlib=rb-4.0.3&ixid=M3wxMjA3fDB8MHxwaG90by1wYWdlfHx8fGVufDB8fHx8fA%3D%3D,478,0,0,,B_2,53
54,22.06.24 09:30,Discover Recife known as ¬´#Venice of #Brazil¬ª for its waterways & vibrant carnival celebrations. Its a city rich in history & culture!,"","",35,0,0,Melissa Phillips,migratorymel,Travel blogger.,https://images.unsplash.com/photo-1644358731331-34756cbb64b5?q=80&w=3526&auto=format&fit=crop&ixlib=rb-4.0.3&ixid=M3wxMjA3fDB8MHxwaG90by1wYWdlfHx8fGVufDB8fHx8fA%3D%3D,810,0,0,,B_2,54
55,22.06.24 09:33,Climate refugees aren't just a future concern‚Äîthey're here #now as seen with recent floods displacing millions globally including in Brazil,"","",24,0,19,Lia mahdalena,liamhdlenaa,"Fashion enthusiast and lifestyle blogger. Follow for style tips, beauty hacks, and daily inspiration.",https://images.unsplash.com/photo-1607569708758-0270aa4651bd?q=80&w=3774&auto=format&fit=crop&ixlib=rb-4.0.3&ixid=M3wxMjA3fDB8MHxwaG90by1wYWdlfHx8fGVufDB8fHx8fA%3D%3D,441,0,0,,B_2,55
56,22.06.24 09:36,saw amazing street art S√£o Paulo last visit üé® vibrant murals reflecting city‚Äôs dynamic spirit creativity everywhere you look üö∂‚Äç‚ôÇÔ∏èüñåÔ∏èüé®,"","",34,4,2,welmar du plessis,Welmardup,Adventurer and nature lover. Sharing my travels and outdoor experiences. Expect stunning landscapes and travel tips.,https://images.unsplash.com/photo-1606115690424-49770e55a2bc?q=80&w=3648&auto=format&fit=crop&ixlib=rb-4.0.3&ixid=M3wxMjA3fDB8MHxwaG90by1wYWdlfHx8fGVufDB8fHx8fA%3D%3D,688,0,0,,B_2,56
57,22.06.24 09:39,Dive deep into Amazon Rainforest. Home countless species #flora #fauna showing unparalleled nature  and raw beauty,https://images.unsplash.com/photo-1463593042669-1bf00846b1b6?q=80&w=3432&auto=format&fit=crop&ixlib=rb-4.0.3&ixid=M3wxMjA3fDB8MHxwaG90by1wYWdlfHx8fGVufDB8fHx8fA%3D%3D,"A vibrant red ibis stands gracefully on a tree branch against a lush green forest backdrop. The bird's long, curved black beak is prominent as it balances in its natural habitat.",4,1,12,Ariunchimeg Viktor,AnyaVik,"Artist and creative soul. Sharing my artwork, creative process, and inspiration.",https://images.unsplash.com/photo-1598886221209-99421ca9452e?q=80&w=2832&auto=format&fit=crop&ixlib=rb-4.0.3&ixid=M3wxMjA3fDB8MHxwaG90by1wYWdlfHx8fGVufDB8fHx8fA%3D%3D,288,0,0,,B_2,57
58,22.06.24 09:42,Brazil stands strong. #resilience defines us. always.,"","",32,6,13,Alex Morritt,Alex_Morritt,"Writer and storyteller. Sharing my literary works, writing tips, and book reviews.",https://images.unsplash.com/photo-1520341280432-4749d4d7bcf9?q=80&w=3648&auto=format&fit=crop&ixlib=rb-4.0.3&ixid=M3wxMjA3fDB8MHxwaG90by1wYWdlfHx8fGVufDB8fHx8fA%3D%3D,307,0,0,,B_2,58
59,22.06.24 09:45,Explore diverse offerings of S√£o Paulo. A metropolis blending modernity and tradition seamlessly. It creates such a unique urban tapestry worth discovering firsthand,"","",26,6,14,Kerala_WithRG,KeralaWithRG,Travel blogger and adventure seeker. Join me as I explore new destinations and share travel tips.,https://images.unsplash.com/photo-1489424731084-a5d8b219a5bb?q=80&w=3774&auto=format&fit=crop&ixlib=rb-4.0.3&ixid=M3wxMjA3fDB8MHxwaG90by1wYWdlfHx8fGVufDB8fHx8fA%3D%3D,148,0,0,,B_2,59
60,22.06.24 09:48,Raphinha is right. Our team needs all the #support they can get right now!,"","",6,7,17,Umesh Rai,umesh2063,"Tech enthusiast and software developer. Sharing coding tips, tech news, and innovative projects.",https://images.unsplash.com/photo-1530268729831-4b0b9e170218?q=80&w=3870&auto=format&fit=crop&ixlib=rb-4.0.3&ixid=M3wxMjA3fDB8MHxwaG90by1wYWdlfHx8fGVufDB8fHx8fA%3D%3D,766,0,0,,B_2,60
61,22.06.24 09:51,"Floodwaters in southern Brazil are still trapped, hampering aid distribution and preventing people from returning home. The humanitarian crisis continues to deepen.",https://cloudfront-us-east-2.images.arcpublishing.com/reuters/MIJAJ54QIBMQBDF6PJA2NLZPNM.jpg,"Aerial view of a flooded airport in Brazil with an airplane submerged in water. The surrounding area shows extensive water coverage, inundating buildings and parking lots.",3,4,2,Amjad Hussain,AmjadHussain299,Photographer and visual storyteller. Capturing moments and sharing photography tips.,https://images.unsplash.com/photo-1506794778202-cad84cf45f1d?q=80&w=3744&auto=format&fit=crop&ixlib=rb-4.0.3&ixid=M3wxMjA3fDB8MHxwaG90by1wYWdlfHx8fGVufDB8fHx8fA%3D%3D,153,0,0,,B_2,61
62,22.06.24 09:54,"As climate refugees become a reality worldwide, Brazil faces its own challenges with millions affected by recent floods.","","",19,7,7,Jill Colvin Jones,jillcolvinjones,"Journalist and news reporter. Bringing you the latest news, stories, and in-depth analysis.",https://images.unsplash.com/photo-1529232356377-57971f020a94?q=80&w=3776&auto=format&fit=crop&ixlib=rb-4.0.3&ixid=M3wxMjA3fDB8MHxwaG90by1wYWdlfHx8fGVufDB8fHx8fA%3D%3D,590,0,0,,B_2,62
63,22.06.24 09:57,floods remind us that nature commands respect‚Äîwe must act now mitigate climate impacts before more lives get uprooted irreversibly,"","",32,3,22,aurelie rabiot,zouzoum44,"Fashion enthusiast and lifestyle blogger. Follow for style tips, beauty hacks, and daily inspiration.",https://images.unsplash.com/photo-1611432579699-484f7990b127?q=80&w=3870&auto=format&fit=crop&ixlib=rb-4.0.3&ixid=M3wxMjA3fDB8MHxwaG90by1wYWdlfHx8fGVufDB8fHx8fA%3D%3D,384,0,0,,B_2,63
64,22.06.24 10:00,"amidst chaos brought by floods, stories emerge that highlight a human spirit of #generosity and #compassion offering glimpses 4 brighter tomorrow","","",30,1,12,Apok842,apok842,"Gaming enthusiast and streamer. Join me for live streams, game reviews, and gaming tips.",https://images.unsplash.com/photo-1603384699007-50799748fc45?q=80&w=2545&auto=format&fit=crop&ixlib=rb-4.0.3&ixid=M3wxMjA3fDB8MHxwaG90by1wYWdlfHx8fGVufDB8fHx8fA%3D%3D,283,0,0,,B_2,64
