"session_code","participant_code","participant_label","participant_time_started_utc","touch_capability","device_type","condition","doc_id","displayed_sequence","seconds_in_viewport","scroll_sequence","liked","reply","hasReply","height"
"ixmixo92","0ivibdg2","63bc9407d90df6c64d351469","2024-10-11 21:02:13",0,"Desktop","A",1,1,12.459,"1",TRUE,"",FALSE,891
"ixmixo92","0ivibdg2","63bc9407d90df6c64d351469","2024-10-11 21:02:13",0,"Desktop","A",0,2,21.95,"2,7,11",TRUE,"",FALSE,967
"ixmixo92","0ivibdg2","63bc9407d90df6c64d351469","2024-10-11 21:02:13",0,"Desktop","A",4,3,28.005,"3,6,8,12",FALSE,"",FALSE,470
"ixmixo92","0ivibdg2","63bc9407d90df6c64d351469","2024-10-11 21:02:13",0,"Desktop","A",2,4,33.007,"5,10,13",FALSE,"",FALSE,793
"ixmixo92","0ivibdg2","63bc9407d90df6c64d351469","2024-10-11 21:02:13",0,"Desktop","A",3,5,28.42,"4,9,14",TRUE,"",FALSE,482
"ixmixo92","0kq3phv2","60e3ba0917afa9b2df09f43e","2024-10-11 20:44:43",1,"Mobile","A",2,1,3.596,"1",FALSE,"",FALSE,569
"ixmixo92","0kq3phv2","60e3ba0917afa9b2df09f43e","2024-10-11 20:44:43",1,"Mobile","A",1,2,0.841,"2",FALSE,"",FALSE,666
"ixmixo92","0kq3phv2","60e3ba0917afa9b2df09f43e","2024-10-11 20:44:43",1,"Mobile","A",0,3,1.094,"3",FALSE,"",FALSE,687
"ixmixo92","0kq3phv2","60e3ba0917afa9b2df09f43e","2024-10-11 20:44:43",1,"Mobile","A",4,4,0.222,"4",FALSE,"",FALSE,390
"ixmixo92","0kq3phv2","60e3ba0917afa9b2df09f43e","2024-10-11 20:44:43",1,"Mobile","A",3,5,2.543,"5",FALSE,"",FALSE,397
"ixmixo92","0rw5mcsi","66b6db15c6d2de568db5b059","2024-10-11 21:02:53",1,"Mobile","B",6,1,18.65,"1",FALSE,"",FALSE,402
"ixmixo92","0rw5mcsi","66b6db15c6d2de568db5b059","2024-10-11 21:02:53",1,"Mobile","B",5,2,22.999,"2",FALSE,"",FALSE,403
"ixmixo92","0rw5mcsi","66b6db15c6d2de568db5b059","2024-10-11 21:02:53",1,"Mobile","B",7,3,11.116,"3",FALSE,"",FALSE,427
"ixmixo92","0rw5mcsi","66b6db15c6d2de568db5b059","2024-10-11 21:02:53",1,"Mobile","B",8,4,11.733,"4",FALSE,"",FALSE,403
"ixmixo92","0rw5mcsi","66b6db15c6d2de568db5b059","2024-10-11 21:02:53",1,"Mobile","B",9,5,10.717,"5",FALSE,"",FALSE,657
"ixmixo92","0uigswim","66f44146b1108308dfde587d","2024-10-11 21:11:41",0,"Desktop","A",1,1,27.108,"1,13",TRUE,"",FALSE,892
"ixmixo92","0uigswim","66f44146b1108308dfde587d","2024-10-11 21:11:41",0,"Desktop","A",2,2,18.368,"2,12,14",FALSE,"",FALSE,794
"ixmixo92","0uigswim","66f44146b1108308dfde587d","2024-10-11 21:11:41",0,"Desktop","A",4,3,93.704,"4,11,15",FALSE,"",FALSE,470
"ixmixo92","0uigswim","66f44146b1108308dfde587d","2024-10-11 21:11:41",0,"Desktop","A",3,4,4.497,"3,5,9,10,16",FALSE,"",FALSE,482
"ixmixo92","0uigswim","66f44146b1108308dfde587d","2024-10-11 21:11:41",0,"Desktop","A",0,5,5.127,"6,7,8,17",FALSE,"",FALSE,968
"ixmixo92","0vsd3d27","66bc15c01a61eab53ae6c6f4","2024-10-11 20:57:13",0,"Desktop","B",5,1,8.123,"1",FALSE,"",FALSE,481
"ixmixo92","0vsd3d27","66bc15c01a61eab53ae6c6f4","2024-10-11 20:57:13",0,"Desktop","B",9,2,8.875,"2",FALSE,"",FALSE,893
"ixmixo92","0vsd3d27","66bc15c01a61eab53ae6c6f4","2024-10-11 20:57:13",0,"Desktop","B",8,3,6.289,"3",FALSE,"",FALSE,506
"ixmixo92","0vsd3d27","66bc15c01a61eab53ae6c6f4","2024-10-11 20:57:13",0,"Desktop","B",7,4,11.043,"4",FALSE,"",FALSE,482
"ixmixo92","0vsd3d27","66bc15c01a61eab53ae6c6f4","2024-10-11 20:57:13",0,"Desktop","B",6,5,14.772,"5",FALSE,"",FALSE,482
"ixmixo92","0w5xwvmq","5f2755111425fa5484311fc4","2024-10-11 21:03:39",0,"Desktop","A",4,1,4.515,"1",FALSE,"",FALSE,480
"ixmixo92","0w5xwvmq","5f2755111425fa5484311fc4","2024-10-11 21:03:39",0,"Desktop","A",1,2,3.298,"2",FALSE,"",FALSE,917
"ixmixo92","0w5xwvmq","5f2755111425fa5484311fc4","2024-10-11 21:03:39",0,"Desktop","A",2,3,6.613,"3",FALSE,"",FALSE,814
"ixmixo92","0w5xwvmq","5f2755111425fa5484311fc4","2024-10-11 21:03:39",0,"Desktop","A",0,4,2.731,"4",FALSE,"",FALSE,995
"ixmixo92","0w5xwvmq","5f2755111425fa5484311fc4","2024-10-11 21:03:39",0,"Desktop","A",3,5,6.308,"5",FALSE,"",FALSE,493
"ixmixo92","1ct7mhg3","6677507920c851cca39127b8","2024-10-11 21:09:59",1,"Desktop","A",1,1,3.276,"1",FALSE,"",FALSE,917
"ixmixo92","1ct7mhg3","6677507920c851cca39127b8","2024-10-11 21:09:59",1,"Desktop","A",0,2,0.185,"2",FALSE,"",FALSE,996
"ixmixo92","1ct7mhg3","6677507920c851cca39127b8","2024-10-11 21:09:59",1,"Desktop","A",3,3,2.103,"3,4",FALSE,"",FALSE,493
"ixmixo92","1ct7mhg3","6677507920c851cca39127b8","2024-10-11 21:09:59",1,"Desktop","A",4,4,17.353,"5",TRUE,"",FALSE,481
"ixmixo92","1ct7mhg3","6677507920c851cca39127b8","2024-10-11 21:09:59",1,"Desktop","A",2,5,0.116,"6",FALSE,"",FALSE,791
"ixmixo92","1k8rm3nv","5928b05e590f0b000126edb8","2024-10-11 21:15:38",0,"Desktop","A",4,1,4.134,"1,11",FALSE,"",FALSE,472
"ixmixo92","1k8rm3nv","5928b05e590f0b000126edb8","2024-10-11 21:15:38",0,"Desktop","A",1,2,2.651,"2,9,12,14",FALSE,"",FALSE,898
"ixmixo92","1k8rm3nv","5928b05e590f0b000126edb8","2024-10-11 21:15:38",0,"Desktop","A",3,3,4.356,"3,8,10,13,15",FALSE,"",FALSE,485
"ixmixo92","1k8rm3nv","5928b05e590f0b000126edb8","2024-10-11 21:15:38",0,"Desktop","A",0,4,1.65,"4,7,16",FALSE,"",FALSE,974
"ixmixo92","1k8rm3nv","5928b05e590f0b000126edb8","2024-10-11 21:15:38",0,"Desktop","A",2,5,1.76,"5,6,17",FALSE,"",FALSE,799
"ixmixo92","1ut0czrf","63d13cbf71e02c93947766f3","2024-10-11 21:01:54",0,"Desktop","B",5,1,58.583,"1",FALSE,"",FALSE,169
"ixmixo92","1ut0czrf","63d13cbf71e02c93947766f3","2024-10-11 21:01:54",0,"Desktop","B",9,2,2.564,"2",FALSE,"",FALSE,893
"ixmixo92","1ut0czrf","63d13cbf71e02c93947766f3","2024-10-11 21:01:54",0,"Desktop","B",8,3,2.5,"3",FALSE,"",FALSE,506
"ixmixo92","1ut0czrf","63d13cbf71e02c93947766f3","2024-10-11 21:01:54",0,"Desktop","B",7,4,2.683,"4",FALSE,"",FALSE,482
"ixmixo92","1ut0czrf","63d13cbf71e02c93947766f3","2024-10-11 21:01:54",0,"Desktop","B",6,5,3.273,"5",FALSE,"",FALSE,482
"ixmixo92","20x1l69n","668dfb154f987d9440085e63","2024-10-11 21:03:24",1,"Mobile","A",0,1,2.229,"1,2",FALSE,"",FALSE,646
"ixmixo92","20x1l69n","668dfb154f987d9440085e63","2024-10-11 21:03:24",1,"Mobile","A",4,2,5.968,"3",FALSE,"",FALSE,374
"ixmixo92","20x1l69n","668dfb154f987d9440085e63","2024-10-11 21:03:24",1,"Mobile","A",2,3,5.115,"4",FALSE,"",FALSE,538
"ixmixo92","20x1l69n","668dfb154f987d9440085e63","2024-10-11 21:03:24",1,"Mobile","A",3,4,3.343,"5",FALSE,"",FALSE,381
"ixmixo92","20x1l69n","668dfb154f987d9440085e63","2024-10-11 21:03:24",1,"Mobile","A",1,5,6.648,"6",FALSE,"",FALSE,629
"ixmixo92","2wq94h2y","615a2707c56f79267ff6c755","2024-10-11 21:04:41",0,"Desktop","A",2,1,9.966,"1,3,8",FALSE,"",FALSE,793
"ixmixo92","2wq94h2y","615a2707c56f79267ff6c755","2024-10-11 21:04:41",0,"Desktop","A",0,2,6.837,"2,4,7,9",FALSE,"",FALSE,968
"ixmixo92","2wq94h2y","615a2707c56f79267ff6c755","2024-10-11 21:04:41",0,"Desktop","A",4,3,3.612,"6,10",FALSE,"",FALSE,470
"ixmixo92","2wq94h2y","615a2707c56f79267ff6c755","2024-10-11 21:04:41",0,"Desktop","A",3,4,3.147,"5,11",FALSE,"",FALSE,482
"ixmixo92","2wq94h2y","615a2707c56f79267ff6c755","2024-10-11 21:04:41",0,"Desktop","A",1,5,1.215,"12",FALSE,"",FALSE,892
"ixmixo92","30m0m4om","5ce9bfc4d439ae00015968dd","2024-10-11 21:13:55",1,"Mobile","A",4,1,9.714,"2,8",FALSE,"",FALSE,390
"ixmixo92","30m0m4om","5ce9bfc4d439ae00015968dd","2024-10-11 21:13:55",1,"Mobile","A",3,2,10.349,"1,9",FALSE,"",FALSE,397
"ixmixo92","30m0m4om","5ce9bfc4d439ae00015968dd","2024-10-11 21:13:55",1,"Mobile","A",2,3,2.704,"3,7,10",FALSE,"",FALSE,569
"ixmixo92","30m0m4om","5ce9bfc4d439ae00015968dd","2024-10-11 21:13:55",1,"Mobile","A",0,4,2.803,"4,6,11",FALSE,"",FALSE,687
"ixmixo92","30m0m4om","5ce9bfc4d439ae00015968dd","2024-10-11 21:13:55",1,"Mobile","A",1,5,4.259,"5,12",FALSE,"",FALSE,666
"ixmixo92","329is5bv","66699eddd7abf30f92a50167","2024-10-11 20:55:52",0,"Desktop","A",2,1,22.207,"1",TRUE,"",FALSE,814
"ixmixo92","329is5bv","66699eddd7abf30f92a50167","2024-10-11 20:55:52",0,"Desktop","A",4,2,6.716,"2",TRUE,"",FALSE,481
"ixmixo92","329is5bv","66699eddd7abf30f92a50167","2024-10-11 20:55:52",0,"Desktop","A",1,3,2.567,"3",FALSE,"",FALSE,917
"ixmixo92","329is5bv","66699eddd7abf30f92a50167","2024-10-11 20:55:52",0,"Desktop","A",3,4,2.983,"4",FALSE,"",FALSE,493
"ixmixo92","329is5bv","66699eddd7abf30f92a50167","2024-10-11 20:55:52",0,"Desktop","A",0,5,3.333,"5",FALSE,"",FALSE,995
"ixmixo92","3i4m93dx","669a903f4728ae41567816e3","2024-10-11 21:05:32",1,"Mobile","A",1,1,7.549,"1,10",FALSE,"",FALSE,675
"ixmixo92","3i4m93dx","669a903f4728ae41567816e3","2024-10-11 21:05:32",1,"Mobile","A",4,2,5.687,"2,8,9,11",FALSE,"",FALSE,426
"ixmixo92","3i4m93dx","669a903f4728ae41567816e3","2024-10-11 21:05:32",1,"Mobile","A",0,3,3.217,"3,7,12",FALSE,"",FALSE,697
"ixmixo92","3i4m93dx","669a903f4728ae41567816e3","2024-10-11 21:05:32",1,"Mobile","A",2,4,3.613,"4,6,13",FALSE,"",FALSE,578
"ixmixo92","3i4m93dx","669a903f4728ae41567816e3","2024-10-11 21:05:32",1,"Mobile","A",3,5,5.045,"5,14",FALSE,"",FALSE,407
"ixmixo92","3s1ee34i","65c255d5f1d935efdc73ee21","2024-10-11 20:46:38",0,"Desktop","B",6,1,24.114,"1,9",FALSE,"",FALSE,493
"ixmixo92","3s1ee34i","65c255d5f1d935efdc73ee21","2024-10-11 20:46:38",0,"Desktop","B",7,2,10.621,"2,8,10",FALSE,"",FALSE,493
"ixmixo92","3s1ee34i","65c255d5f1d935efdc73ee21","2024-10-11 20:46:38",0,"Desktop","B",9,3,13.133,"3,7,11",FALSE,"",FALSE,918
"ixmixo92","3s1ee34i","65c255d5f1d935efdc73ee21","2024-10-11 20:46:38",0,"Desktop","B",5,4,13.032,"4,6,12",FALSE,"",FALSE,493
"ixmixo92","3s1ee34i","65c255d5f1d935efdc73ee21","2024-10-11 20:46:38",0,"Desktop","B",8,5,15.275,"5,13",FALSE,"",FALSE,517
"ixmixo92","4cwr4ghb","5d547584d98e450001b3ea7e","2024-10-11 21:01:19",1,"Mobile","A",1,1,13.873,"1,5",FALSE,"",FALSE,674
"ixmixo92","4cwr4ghb","5d547584d98e450001b3ea7e","2024-10-11 21:01:19",1,"Mobile","A",3,2,8.28,"2,4,6",FALSE,"",FALSE,401
"ixmixo92","4cwr4ghb","5d547584d98e450001b3ea7e","2024-10-11 21:01:19",1,"Mobile","A",0,3,10.441,"3,7",FALSE,"",FALSE,697
"ixmixo92","4cwr4ghb","5d547584d98e450001b3ea7e","2024-10-11 21:01:19",1,"Mobile","A",4,4,7.566,"8",FALSE,"",FALSE,394
"ixmixo92","4cwr4ghb","5d547584d98e450001b3ea7e","2024-10-11 21:01:19",1,"Mobile","A",2,5,12.603,"9",FALSE,"",FALSE,577
"ixmixo92","4nfxiuop","6708222bbc1442915700b2dd","2024-10-11 21:03:30",1,"Desktop","B",9,1,14.598,"1,9",FALSE,"",FALSE,918
"ixmixo92","4nfxiuop","6708222bbc1442915700b2dd","2024-10-11 21:03:30",1,"Desktop","B",5,2,7.842,"2,8,10",FALSE,"",FALSE,493
"ixmixo92","4nfxiuop","6708222bbc1442915700b2dd","2024-10-11 21:03:30",1,"Desktop","B",8,3,6.161,"3,7,11",FALSE,"",FALSE,517
"ixmixo92","4nfxiuop","6708222bbc1442915700b2dd","2024-10-11 21:03:30",1,"Desktop","B",7,4,5.628,"4,6,13",FALSE,"",FALSE,493
"ixmixo92","4nfxiuop","6708222bbc1442915700b2dd","2024-10-11 21:03:30",1,"Desktop","B",6,5,7.27,"5,12,14",FALSE,"",FALSE,493
"ixmixo92","4tz2sztu","57fd8d1ff35f130001c359e0","2024-10-11 21:09:40",0,"Desktop","B",9,1,4.363,"1,9",FALSE,"",FALSE,918
"ixmixo92","4tz2sztu","57fd8d1ff35f130001c359e0","2024-10-11 21:09:40",0,"Desktop","B",6,2,7.486,"2,8,10",TRUE,"",FALSE,493
"ixmixo92","4tz2sztu","57fd8d1ff35f130001c359e0","2024-10-11 21:09:40",0,"Desktop","B",8,3,3.823,"3,7,11",FALSE,"",FALSE,517
"ixmixo92","4tz2sztu","57fd8d1ff35f130001c359e0","2024-10-11 21:09:40",0,"Desktop","B",5,4,7.462,"4,6,12",FALSE,"",FALSE,493
"ixmixo92","4tz2sztu","57fd8d1ff35f130001c359e0","2024-10-11 21:09:40",0,"Desktop","B",7,5,5.399,"5,13",FALSE,"",FALSE,493
"ixmixo92","4xiysiex","5f4fe2d73a8bb611a36a94c4","2024-10-11 20:53:35",0,"Desktop","A",2,1,30.805,"1,3,14",FALSE,"",FALSE,795
"ixmixo92","4xiysiex","5f4fe2d73a8bb611a36a94c4","2024-10-11 20:53:35",0,"Desktop","A",3,2,53.989,"4,8,15",FALSE,"",FALSE,483
"ixmixo92","4xiysiex","5f4fe2d73a8bb611a36a94c4","2024-10-11 20:53:35",0,"Desktop","A",4,3,46.938,"2,5,9,13,16",FALSE,"",FALSE,471
"ixmixo92","4xiysiex","5f4fe2d73a8bb611a36a94c4","2024-10-11 20:53:35",0,"Desktop","A",1,4,28.647,"7,10,12,17",FALSE,"",FALSE,895
"ixmixo92","4xiysiex","5f4fe2d73a8bb611a36a94c4","2024-10-11 20:53:35",0,"Desktop","A",0,5,10.059,"6,11,18",FALSE,"",FALSE,970
"ixmixo92","54y4xl1j","664a532cb339b97f95afcf42","2024-10-11 21:04:55",0,"Desktop","B",7,1,159.817,"1,3",FALSE,"",FALSE,493
"ixmixo92","54y4xl1j","664a532cb339b97f95afcf42","2024-10-11 21:04:55",0,"Desktop","B",6,2,8.381,"2,4",FALSE,"",FALSE,493
"ixmixo92","54y4xl1j","664a532cb339b97f95afcf42","2024-10-11 21:04:55",0,"Desktop","B",8,3,0.065,"5",FALSE,"",FALSE,517
"ixmixo92","54y4xl1j","664a532cb339b97f95afcf42","2024-10-11 21:04:55",0,"Desktop","B",5,4,0.985,"6",FALSE,"",FALSE,493
"ixmixo92","54y4xl1j","664a532cb339b97f95afcf42","2024-10-11 21:04:55",0,"Desktop","B",9,5,0.05,"7",FALSE,"",FALSE,918
"ixmixo92","56kabm2u","5ec4b10f7e31c83a4d915cf6","2024-10-11 21:14:48",0,"Desktop","A",3,1,4.158,"1",FALSE,"",FALSE,463
"ixmixo92","56kabm2u","5ec4b10f7e31c83a4d915cf6","2024-10-11 21:14:48",0,"Desktop","A",4,2,6.979,"2",TRUE,"",FALSE,453
"ixmixo92","56kabm2u","5ec4b10f7e31c83a4d915cf6","2024-10-11 21:14:48",0,"Desktop","A",0,3,4.972,"3",TRUE,"",FALSE,874
"ixmixo92","56kabm2u","5ec4b10f7e31c83a4d915cf6","2024-10-11 21:14:48",0,"Desktop","A",2,4,2.284,"4",FALSE,"",FALSE,704
"ixmixo92","56kabm2u","5ec4b10f7e31c83a4d915cf6","2024-10-11 21:14:48",0,"Desktop","A",1,5,3.687,"5",TRUE,"",FALSE,809
"ixmixo92","5eall1gl","655fa8d4070d42d4bc67ea52","2024-10-11 21:11:00",0,"Desktop","B",8,1,19.147,"2,3,12",FALSE,"",FALSE,505
"ixmixo92","5eall1gl","655fa8d4070d42d4bc67ea52","2024-10-11 21:11:00",0,"Desktop","B",7,2,3.195,"1,4,11,13",FALSE,"",FALSE,482
"ixmixo92","5eall1gl","655fa8d4070d42d4bc67ea52","2024-10-11 21:11:00",0,"Desktop","B",9,3,22.768,"6,10,14",FALSE,"",FALSE,893
"ixmixo92","5eall1gl","655fa8d4070d42d4bc67ea52","2024-10-11 21:11:00",0,"Desktop","B",6,4,54.322,"5,7,9,15",FALSE,"",FALSE,482
"ixmixo92","5eall1gl","655fa8d4070d42d4bc67ea52","2024-10-11 21:11:00",0,"Desktop","B",5,5,3.365,"8,16",FALSE,"",FALSE,482
"ixmixo92","60e27zqe","5f6a6a47354cc7139c5b7947","2024-10-11 21:06:12",0,"Desktop","A",0,1,9.051,"1",FALSE,"",FALSE,169
"ixmixo92","60e27zqe","5f6a6a47354cc7139c5b7947","2024-10-11 21:06:12",0,"Desktop","A",3,2,5.365,"2",FALSE,"",FALSE,493
"ixmixo92","60e27zqe","5f6a6a47354cc7139c5b7947","2024-10-11 21:06:12",0,"Desktop","A",4,3,5.266,"3",FALSE,"",FALSE,481
"ixmixo92","60e27zqe","5f6a6a47354cc7139c5b7947","2024-10-11 21:06:12",0,"Desktop","A",1,4,3.433,"4",FALSE,"",FALSE,917
"ixmixo92","60e27zqe","5f6a6a47354cc7139c5b7947","2024-10-11 21:06:12",0,"Desktop","A",2,5,5.6,"5",FALSE,"",FALSE,814
"ixmixo92","6pz6b8kw","665f812e4bf9990e80bafb62","2024-10-11 21:02:01",0,"Desktop","A",4,1,8.645,"1,11",FALSE,"",FALSE,480
"ixmixo92","6pz6b8kw","665f812e4bf9990e80bafb62","2024-10-11 21:02:01",0,"Desktop","A",2,2,7.629,"2,10,12",FALSE,"",FALSE,814
"ixmixo92","6pz6b8kw","665f812e4bf9990e80bafb62","2024-10-11 21:02:01",0,"Desktop","A",0,3,4.93,"3,9,13",TRUE,"",FALSE,995
"ixmixo92","6pz6b8kw","665f812e4bf9990e80bafb62","2024-10-11 21:02:01",0,"Desktop","A",3,4,9.85,"4,6,8,14",FALSE,"",FALSE,493
"ixmixo92","6pz6b8kw","665f812e4bf9990e80bafb62","2024-10-11 21:02:01",0,"Desktop","A",1,5,8.46,"5,7,15",TRUE,"",FALSE,917
"ixmixo92","6uljf7hg","66d7c2a829fc2fa2072f2a1f","2024-10-11 21:07:34",1,"Mobile","B",7,1,8.468,"1,9",FALSE,"",FALSE,403
"ixmixo92","6uljf7hg","66d7c2a829fc2fa2072f2a1f","2024-10-11 21:07:34",1,"Mobile","B",9,2,5.778,"2,8,10",FALSE,"",FALSE,712
"ixmixo92","6uljf7hg","66d7c2a829fc2fa2072f2a1f","2024-10-11 21:07:34",1,"Mobile","B",5,3,3.919,"3,7,11",FALSE,"",FALSE,404
"ixmixo92","6uljf7hg","66d7c2a829fc2fa2072f2a1f","2024-10-11 21:07:34",1,"Mobile","B",6,4,4.289,"4,6,12",FALSE,"",FALSE,404
"ixmixo92","6uljf7hg","66d7c2a829fc2fa2072f2a1f","2024-10-11 21:07:34",1,"Mobile","B",8,5,11.707,"5,13",FALSE,"",FALSE,428
"ixmixo92","79ewmm0c","5f42ac74bac9f24a6091bd27","2024-10-11 21:14:27",1,"Mobile","A",4,1,4.118,"1",FALSE,"",FALSE,431
"ixmixo92","79ewmm0c","5f42ac74bac9f24a6091bd27","2024-10-11 21:14:27",1,"Mobile","A",3,2,6.508,"2",FALSE,"",FALSE,441
"ixmixo92","79ewmm0c","5f42ac74bac9f24a6091bd27","2024-10-11 21:14:27",1,"Mobile","A",1,3,4.775,"3",FALSE,"",FALSE,771
"ixmixo92","79ewmm0c","5f42ac74bac9f24a6091bd27","2024-10-11 21:14:27",1,"Mobile","A",0,4,4.6,"4",FALSE,"",FALSE,831
"ixmixo92","79ewmm0c","5f42ac74bac9f24a6091bd27","2024-10-11 21:14:27",1,"Mobile","A",2,5,7.512,"5",FALSE,"",FALSE,672
"ixmixo92","7evhgfpf","5c489211c87698000193533a","2024-10-11 21:01:16",1,"Mobile","B",9,1,8.36,"1",FALSE,"",FALSE,216
"ixmixo92","7evhgfpf","5c489211c87698000193533a","2024-10-11 21:01:16",1,"Mobile","B",6,2,3.63,"2",FALSE,"",FALSE,403
"ixmixo92","7evhgfpf","5c489211c87698000193533a","2024-10-11 21:01:16",1,"Mobile","B",8,3,7.132,"3",FALSE,"",FALSE,403
"ixmixo92","7evhgfpf","5c489211c87698000193533a","2024-10-11 21:01:16",1,"Mobile","B",5,4,3.464,"4",FALSE,"",FALSE,403
"ixmixo92","7evhgfpf","5c489211c87698000193533a","2024-10-11 21:01:16",1,"Mobile","B",7,5,4.566,"5",FALSE,"",FALSE,427
"ixmixo92","8jpijl5k","5cc33788666a7c0017b159df","2024-10-11 21:01:52",0,"Desktop","A",3,1,11.496,"1,6",FALSE,"",FALSE,481
"ixmixo92","8jpijl5k","5cc33788666a7c0017b159df","2024-10-11 21:01:52",0,"Desktop","A",1,2,7.86,"2,7",FALSE,"",FALSE,892
"ixmixo92","8jpijl5k","5cc33788666a7c0017b159df","2024-10-11 21:01:52",0,"Desktop","A",4,3,1.401,"3,5,8",FALSE,"",FALSE,470
"ixmixo92","8jpijl5k","5cc33788666a7c0017b159df","2024-10-11 21:01:52",0,"Desktop","A",2,4,1.511,"4,9",FALSE,"",FALSE,793
"ixmixo92","8jpijl5k","5cc33788666a7c0017b159df","2024-10-11 21:01:52",0,"Desktop","A",0,5,5.67,"10",FALSE,"",FALSE,967
"ixmixo92","8w76ug7f","6310dbdfda69599720736665","2024-10-11 21:15:49",0,"Desktop","B",7,1,10.201,"1,3,14",FALSE,"",FALSE,493
"ixmixo92","8w76ug7f","6310dbdfda69599720736665","2024-10-11 21:15:49",0,"Desktop","B",5,2,10.961,"2,4,7,13,15",FALSE,"",FALSE,493
"ixmixo92","8w76ug7f","6310dbdfda69599720736665","2024-10-11 21:15:49",0,"Desktop","B",6,3,5.631,"5,8,12,16",FALSE,"",FALSE,493
"ixmixo92","8w76ug7f","6310dbdfda69599720736665","2024-10-11 21:15:49",0,"Desktop","B",9,4,3.886,"6,9,11,17",FALSE,"",FALSE,919
"ixmixo92","8w76ug7f","6310dbdfda69599720736665","2024-10-11 21:15:49",0,"Desktop","B",8,5,6.847,"10,18",FALSE,"",FALSE,517
"ixmixo92","90116aao","66c0f0153c9b1d596446faa0","2024-10-11 21:12:06",0,"Desktop","A",1,1,15.075,"1",TRUE,"",FALSE,894
"ixmixo92","90116aao","66c0f0153c9b1d596446faa0","2024-10-11 21:12:06",0,"Desktop","A",2,2,12.866,"2",FALSE,"",FALSE,796
"ixmixo92","90116aao","66c0f0153c9b1d596446faa0","2024-10-11 21:12:06",0,"Desktop","A",0,3,16.95,"3,4",TRUE,"",FALSE,970
"ixmixo92","90116aao","66c0f0153c9b1d596446faa0","2024-10-11 21:12:06",0,"Desktop","A",4,4,14.691,"5",TRUE,"",FALSE,471
"ixmixo92","90116aao","66c0f0153c9b1d596446faa0","2024-10-11 21:12:06",0,"Desktop","A",3,5,6.334,"6",TRUE,"",FALSE,483
"ixmixo92","981r6hk6","6643be6757cf69dfa1c0e5fd","2024-10-11 21:11:23",0,"Desktop","B",5,1,9.813,"1",FALSE,"",FALSE,483
"ixmixo92","981r6hk6","6643be6757cf69dfa1c0e5fd","2024-10-11 21:11:23",0,"Desktop","B",6,2,13.438,"2",FALSE,"",FALSE,483
"ixmixo92","981r6hk6","6643be6757cf69dfa1c0e5fd","2024-10-11 21:11:23",0,"Desktop","B",9,3,12.424,"3",FALSE,"",FALSE,896
"ixmixo92","981r6hk6","6643be6757cf69dfa1c0e5fd","2024-10-11 21:11:23",0,"Desktop","B",7,4,11.306,"4",FALSE,"",FALSE,483
"ixmixo92","981r6hk6","6643be6757cf69dfa1c0e5fd","2024-10-11 21:11:23",0,"Desktop","B",8,5,5.062,"5",FALSE,"",FALSE,507
"ixmixo92","9pbi8ufh","66fd8b41c24e1f212d9a3e82","2024-10-11 21:11:32",0,"Desktop","A",3,1,16.907,"1,3",TRUE,"",FALSE,507
"ixmixo92","9pbi8ufh","66fd8b41c24e1f212d9a3e82","2024-10-11 21:11:32",0,"Desktop","A",2,2,12.579,"2,4",FALSE,"Jealous! /happy for you ;) Can't wait to go back",TRUE,796
"ixmixo92","9pbi8ufh","66fd8b41c24e1f212d9a3e82","2024-10-11 21:11:32",0,"Desktop","A",1,3,8.005,"5",TRUE,"",FALSE,895
"ixmixo92","9pbi8ufh","66fd8b41c24e1f212d9a3e82","2024-10-11 21:11:32",0,"Desktop","A",0,4,4.884,"6",TRUE,"",FALSE,970
"ixmixo92","9pbi8ufh","66fd8b41c24e1f212d9a3e82","2024-10-11 21:11:32",0,"Desktop","A",4,5,4.628,"7",TRUE,"",FALSE,495
"ixmixo92","9qonhd11","664b556302986cf5ccd650f4","2024-10-11 21:09:08",1,"Mobile","A",1,1,3.946,"1",FALSE,"",FALSE,684
"ixmixo92","9qonhd11","664b556302986cf5ccd650f4","2024-10-11 21:09:08",1,"Mobile","A",4,2,4.637,"2",FALSE,"",FALSE,408
"ixmixo92","9qonhd11","664b556302986cf5ccd650f4","2024-10-11 21:09:08",1,"Mobile","A",2,3,2.957,"3",FALSE,"",FALSE,604
"ixmixo92","9qonhd11","664b556302986cf5ccd650f4","2024-10-11 21:09:08",1,"Mobile","A",0,4,2.442,"4",FALSE,"",FALSE,709
"ixmixo92","9qonhd11","664b556302986cf5ccd650f4","2024-10-11 21:09:08",1,"Mobile","A",3,5,6.693,"5",FALSE,"",FALSE,416
"ixmixo92","9v0v2rez","66662c13c6180a9aff4f81c8","2024-10-11 21:12:20",0,"Desktop","B",7,1,2.73,"1",FALSE,"",FALSE,481
"ixmixo92","9v0v2rez","66662c13c6180a9aff4f81c8","2024-10-11 21:12:20",0,"Desktop","B",9,2,2.515,"2",TRUE,"So beautiful!",TRUE,893
"ixmixo92","9v0v2rez","66662c13c6180a9aff4f81c8","2024-10-11 21:12:20",0,"Desktop","B",8,3,29.073,"3",FALSE,"",FALSE,506
"ixmixo92","9v0v2rez","66662c13c6180a9aff4f81c8","2024-10-11 21:12:20",0,"Desktop","B",5,4,3.899,"4",FALSE,"",FALSE,482
"ixmixo92","9v0v2rez","66662c13c6180a9aff4f81c8","2024-10-11 21:12:20",0,"Desktop","B",6,5,25.849,"5",TRUE,"",FALSE,482
"ixmixo92","9vlqut4x","66044fe2dafd8b584f047af4","2024-10-11 20:50:00",0,"Desktop","B",8,1,9.915,"1",FALSE,"",FALSE,192
"ixmixo92","9vlqut4x","66044fe2dafd8b584f047af4","2024-10-11 20:50:00",0,"Desktop","B",5,2,8.089,"2",FALSE,"",FALSE,482
"ixmixo92","9vlqut4x","66044fe2dafd8b584f047af4","2024-10-11 20:50:00",0,"Desktop","B",6,3,7.826,"3",TRUE,"",FALSE,482
"ixmixo92","9vlqut4x","66044fe2dafd8b584f047af4","2024-10-11 20:50:00",0,"Desktop","B",7,4,13.149,"4",FALSE,"",FALSE,482
"ixmixo92","9vlqut4x","66044fe2dafd8b584f047af4","2024-10-11 20:50:00",0,"Desktop","B",9,5,5.944,"5",FALSE,"",FALSE,894
"ixmixo92","9wnopbbe","661862ea36c4e97bf425f855","2024-10-11 21:12:36",0,"Desktop","A",0,1,6.631,"1",FALSE,"",FALSE,995
"ixmixo92","9wnopbbe","661862ea36c4e97bf425f855","2024-10-11 21:12:36",0,"Desktop","A",4,2,2.077,"2",FALSE,"",FALSE,481
"ixmixo92","9wnopbbe","661862ea36c4e97bf425f855","2024-10-11 21:12:36",0,"Desktop","A",1,3,4.834,"3",FALSE,"",FALSE,917
"ixmixo92","9wnopbbe","661862ea36c4e97bf425f855","2024-10-11 21:12:36",0,"Desktop","A",2,4,3.167,"4",FALSE,"",FALSE,814
"ixmixo92","9wnopbbe","661862ea36c4e97bf425f855","2024-10-11 21:12:36",0,"Desktop","A",3,5,8.788,"5",TRUE,"",FALSE,493
"ixmixo92","a0t4931n","654f8d6d742fe8b47425f0b1","2024-10-11 21:03:50",1,"Mobile","B",5,1,9.109,"1",FALSE,"",FALSE,459
"ixmixo92","a0t4931n","654f8d6d742fe8b47425f0b1","2024-10-11 21:03:50",1,"Mobile","B",8,2,10.803,"2",FALSE,"",FALSE,460
"ixmixo92","a0t4931n","654f8d6d742fe8b47425f0b1","2024-10-11 21:03:50",1,"Mobile","B",7,3,16.23,"3,7",TRUE,"",FALSE,460
"ixmixo92","a0t4931n","654f8d6d742fe8b47425f0b1","2024-10-11 21:03:50",1,"Mobile","B",9,4,10.142,"4,6,8",TRUE,"",FALSE,709
"ixmixo92","a0t4931n","654f8d6d742fe8b47425f0b1","2024-10-11 21:03:50",1,"Mobile","B",6,5,8.26,"5,9",FALSE,"",FALSE,429
"ixmixo92","a8n92fov","59f0acf65de9b000017ed914","2024-10-11 20:53:47",1,"Mobile","A",4,1,7.874,"1",TRUE,"",FALSE,409
"ixmixo92","a8n92fov","59f0acf65de9b000017ed914","2024-10-11 20:53:47",1,"Mobile","A",1,2,5.216,"2",TRUE,"",FALSE,710
"ixmixo92","a8n92fov","59f0acf65de9b000017ed914","2024-10-11 20:53:47",1,"Mobile","A",2,3,2.684,"3",FALSE,"",FALSE,606
"ixmixo92","a8n92fov","59f0acf65de9b000017ed914","2024-10-11 20:53:47",1,"Mobile","A",0,4,4.017,"4",TRUE,"",FALSE,736
"ixmixo92","a8n92fov","59f0acf65de9b000017ed914","2024-10-11 20:53:47",1,"Mobile","A",3,5,4.194,"5",FALSE,"",FALSE,417
"ixmixo92","b03ski5r","666e699f0d67eb9e9dcd8827","2024-10-11 21:08:43",1,"Mobile","A",4,1,6.679,"1,9",TRUE,"",FALSE,409
"ixmixo92","b03ski5r","666e699f0d67eb9e9dcd8827","2024-10-11 21:08:43",1,"Mobile","A",0,2,3.715,"2,8,10",TRUE,"",FALSE,712
"ixmixo92","b03ski5r","666e699f0d67eb9e9dcd8827","2024-10-11 21:08:43",1,"Mobile","A",1,3,2.615,"3,7,11",TRUE,"",FALSE,686
"ixmixo92","b03ski5r","666e699f0d67eb9e9dcd8827","2024-10-11 21:08:43",1,"Mobile","A",3,4,3.812,"4,6,12",TRUE,"",FALSE,417
"ixmixo92","b03ski5r","666e699f0d67eb9e9dcd8827","2024-10-11 21:08:43",1,"Mobile","A",2,5,5.267,"5,13",TRUE,"",FALSE,606
"ixmixo92","b94dpj0y","66c214210292f928d8d0bb48","2024-10-11 21:23:24",1,"Mobile","B",8,1,10.596,"1",FALSE,"",FALSE,405
"ixmixo92","b94dpj0y","66c214210292f928d8d0bb48","2024-10-11 21:23:24",1,"Mobile","B",9,2,6.335,"2",FALSE,"",FALSE,606
"ixmixo92","b94dpj0y","66c214210292f928d8d0bb48","2024-10-11 21:23:24",1,"Mobile","B",6,3,9.338,"3",TRUE,"",FALSE,381
"ixmixo92","b94dpj0y","66c214210292f928d8d0bb48","2024-10-11 21:23:24",1,"Mobile","B",5,4,6.233,"4",TRUE,"",FALSE,381
"ixmixo92","b94dpj0y","66c214210292f928d8d0bb48","2024-10-11 21:23:24",1,"Mobile","B",7,5,8.092,"5",TRUE,"",FALSE,405
"ixmixo92","cok39zfv","663a5c3ef84d9c74ea3c07a1","2024-10-11 21:14:01",0,"Desktop","B",7,1,20.1,"1,3,11",FALSE,"",FALSE,493
"ixmixo92","cok39zfv","663a5c3ef84d9c74ea3c07a1","2024-10-11 21:14:01",0,"Desktop","B",9,2,6.618,"2,4,10,12",FALSE,"",FALSE,918
"ixmixo92","cok39zfv","663a5c3ef84d9c74ea3c07a1","2024-10-11 21:14:01",0,"Desktop","B",6,3,3.265,"5,9,13",FALSE,"",FALSE,493
"ixmixo92","cok39zfv","663a5c3ef84d9c74ea3c07a1","2024-10-11 21:14:01",0,"Desktop","B",5,4,6.134,"6,8,14",FALSE,"",FALSE,493
"ixmixo92","cok39zfv","663a5c3ef84d9c74ea3c07a1","2024-10-11 21:14:01",0,"Desktop","B",8,5,6.403,"7,15",FALSE,"",FALSE,517
"ixmixo92","cy0ntn8w","6117fce606a21a8542f450a0","2024-10-11 20:55:08",0,"Desktop","B",9,1,10.229,"1",FALSE,"",FALSE,892
"ixmixo92","cy0ntn8w","6117fce606a21a8542f450a0","2024-10-11 20:55:08",0,"Desktop","B",7,2,25.339,"2,4",TRUE,"",FALSE,482
"ixmixo92","cy0ntn8w","6117fce606a21a8542f450a0","2024-10-11 20:55:08",0,"Desktop","B",8,3,18.708,"3,5",FALSE,"",FALSE,506
"ixmixo92","cy0ntn8w","6117fce606a21a8542f450a0","2024-10-11 20:55:08",0,"Desktop","B",5,4,4.542,"6",FALSE,"",FALSE,482
"ixmixo92","cy0ntn8w","6117fce606a21a8542f450a0","2024-10-11 20:55:08",0,"Desktop","B",6,5,11.893,"7",FALSE,"",FALSE,482
"ixmixo92","czy8xhr9","663f5939a9a44e4c43315af6","2024-10-11 21:02:13",1,"Desktop","B",6,1,21.149,"1,5",FALSE,"",FALSE,493
"ixmixo92","czy8xhr9","663f5939a9a44e4c43315af6","2024-10-11 21:02:13",1,"Desktop","B",9,2,7.486,"2,4,6",FALSE,"",FALSE,918
"ixmixo92","czy8xhr9","663f5939a9a44e4c43315af6","2024-10-11 21:02:13",1,"Desktop","B",7,3,11.117,"3,7",FALSE,"",FALSE,493
"ixmixo92","czy8xhr9","663f5939a9a44e4c43315af6","2024-10-11 21:02:13",1,"Desktop","B",5,4,9.25,"8",FALSE,"",FALSE,493
"ixmixo92","czy8xhr9","663f5939a9a44e4c43315af6","2024-10-11 21:02:13",1,"Desktop","B",8,5,5.416,"9",FALSE,"",FALSE,517
"ixmixo92","d655oz4k","6365b5599c1775edb6d46be4","2024-10-11 20:57:30",0,"Desktop","A",4,1,4.944,"1",TRUE,"",FALSE,480
"ixmixo92","d655oz4k","6365b5599c1775edb6d46be4","2024-10-11 20:57:30",0,"Desktop","A",0,2,2.254,"2",TRUE,"",FALSE,995
"ixmixo92","d655oz4k","6365b5599c1775edb6d46be4","2024-10-11 20:57:30",0,"Desktop","A",1,3,NA,NA,FALSE,"",FALSE,917
"ixmixo92","d655oz4k","6365b5599c1775edb6d46be4","2024-10-11 20:57:30",0,"Desktop","A",2,4,NA,NA,FALSE,"",FALSE,790
"ixmixo92","d655oz4k","6365b5599c1775edb6d46be4","2024-10-11 20:57:30",0,"Desktop","A",3,5,4.376,"3,4",TRUE,"",FALSE,493
"ixmixo92","dovmvvgd","66abd3724838584b0da6231d","2024-10-11 21:07:21",1,"Desktop","B",7,1,4.632,"1",FALSE,"",FALSE,481
"ixmixo92","dovmvvgd","66abd3724838584b0da6231d","2024-10-11 21:07:21",1,"Desktop","B",8,2,4.448,"2",FALSE,"",FALSE,506
"ixmixo92","dovmvvgd","66abd3724838584b0da6231d","2024-10-11 21:07:21",1,"Desktop","B",6,3,4.065,"3",FALSE,"",FALSE,482
"ixmixo92","dovmvvgd","66abd3724838584b0da6231d","2024-10-11 21:07:21",1,"Desktop","B",9,4,5.581,"4,6,8",FALSE,"",FALSE,893
"ixmixo92","dovmvvgd","66abd3724838584b0da6231d","2024-10-11 21:07:21",1,"Desktop","B",5,5,12.681,"5,7,9",FALSE,"",FALSE,482
"ixmixo92","ecmt0xrx","660a12734cdb4b83043545f4","2024-10-11 21:09:28",0,"Desktop","B",7,1,35.245,"1",TRUE,"",FALSE,481
"ixmixo92","ecmt0xrx","660a12734cdb4b83043545f4","2024-10-11 21:09:28",0,"Desktop","B",8,2,38.928,"2",FALSE,"",FALSE,506
"ixmixo92","ecmt0xrx","660a12734cdb4b83043545f4","2024-10-11 21:09:28",0,"Desktop","B",9,3,13.934,"3",TRUE,"",FALSE,893
"ixmixo92","ecmt0xrx","660a12734cdb4b83043545f4","2024-10-11 21:09:28",0,"Desktop","B",5,4,12.634,"4,6",TRUE,"",FALSE,482
"ixmixo92","ecmt0xrx","660a12734cdb4b83043545f4","2024-10-11 21:09:28",0,"Desktop","B",6,5,9.12,"5,7",TRUE,"",FALSE,482
"ixmixo92","ef8ah9i3","5bdd1d5e14b3cd00019d10df","2024-10-11 21:04:35",0,"Desktop","A",0,1,6.451,"1",FALSE,"",FALSE,966
"ixmixo92","ef8ah9i3","5bdd1d5e14b3cd00019d10df","2024-10-11 21:04:35",0,"Desktop","A",2,2,1.276,"2",FALSE,"",FALSE,793
"ixmixo92","ef8ah9i3","5bdd1d5e14b3cd00019d10df","2024-10-11 21:04:35",0,"Desktop","A",4,3,1.736,"3",FALSE,"",FALSE,470
"ixmixo92","ef8ah9i3","5bdd1d5e14b3cd00019d10df","2024-10-11 21:04:35",0,"Desktop","A",1,4,2.432,"4,6",FALSE,"",FALSE,892
"ixmixo92","ef8ah9i3","5bdd1d5e14b3cd00019d10df","2024-10-11 21:04:35",0,"Desktop","A",3,5,8.41,"5,7",FALSE,"",FALSE,482
"ixmixo92","eithhlsj","668325d5e10b92d769c56376","2024-10-11 21:09:41",0,"Desktop","A",3,1,19.033,"3",TRUE,"",FALSE,543
"ixmixo92","eithhlsj","668325d5e10b92d769c56376","2024-10-11 21:09:41",0,"Desktop","A",4,2,4.617,"1,2,4",TRUE,"",FALSE,531
"ixmixo92","eithhlsj","668325d5e10b92d769c56376","2024-10-11 21:09:41",0,"Desktop","A",1,3,6.184,"5",TRUE,"",FALSE,945
"ixmixo92","eithhlsj","668325d5e10b92d769c56376","2024-10-11 21:09:41",0,"Desktop","A",0,4,1.333,"6",TRUE,"",FALSE,1019
"ixmixo92","eithhlsj","668325d5e10b92d769c56376","2024-10-11 21:09:41",0,"Desktop","A",2,5,6.751,"7",TRUE,"",FALSE,825
"ixmixo92","f11svwaj","6103a6a5b1d93e18d85a6f23","2024-10-11 21:02:12",0,"Desktop","A",3,1,3.251,"1",FALSE,"",FALSE,482
"ixmixo92","f11svwaj","6103a6a5b1d93e18d85a6f23","2024-10-11 21:02:12",0,"Desktop","A",4,2,6.749,"2",FALSE,"",FALSE,470
"ixmixo92","f11svwaj","6103a6a5b1d93e18d85a6f23","2024-10-11 21:02:12",0,"Desktop","A",2,3,1.25,"3",FALSE,"",FALSE,794
"ixmixo92","f11svwaj","6103a6a5b1d93e18d85a6f23","2024-10-11 21:02:12",0,"Desktop","A",1,4,0.417,"4",FALSE,"",FALSE,893
"ixmixo92","f11svwaj","6103a6a5b1d93e18d85a6f23","2024-10-11 21:02:12",0,"Desktop","A",0,5,0.317,"5",FALSE,"",FALSE,968
"ixmixo92","f30hc6we","664ced6cfa660d55b7869569","2024-10-11 21:11:44",0,"Desktop","B",9,1,20.499,"1,8,15",FALSE,"",FALSE,892
"ixmixo92","f30hc6we","664ced6cfa660d55b7869569","2024-10-11 21:11:44",0,"Desktop","B",5,2,13.727,"2,7,9,14,16",FALSE,"",FALSE,482
"ixmixo92","f30hc6we","664ced6cfa660d55b7869569","2024-10-11 21:11:44",0,"Desktop","B",8,3,19.9,"3,6,10,13,17",FALSE,"",FALSE,506
"ixmixo92","f30hc6we","664ced6cfa660d55b7869569","2024-10-11 21:11:44",0,"Desktop","B",7,4,21.522,"5,12,18",FALSE,"",FALSE,482
"ixmixo92","f30hc6we","664ced6cfa660d55b7869569","2024-10-11 21:11:44",0,"Desktop","B",6,5,11.638,"4,11,19",FALSE,"",FALSE,482
"ixmixo92","f3v2u0sz","66b538eb84276a7bcdf599ed","2024-10-11 20:47:43",0,"Desktop","A",0,1,12.258,"1,3",NA,NA,NA,169
"ixmixo92","f3v2u0sz","66b538eb84276a7bcdf599ed","2024-10-11 20:47:43",0,"Desktop","A",3,2,6.039,"2,4",NA,NA,NA,493
"ixmixo92","f3v2u0sz","66b538eb84276a7bcdf599ed","2024-10-11 20:47:43",0,"Desktop","A",1,3,2.302,"5",NA,NA,NA,917
"ixmixo92","f3v2u0sz","66b538eb84276a7bcdf599ed","2024-10-11 20:47:43",0,"Desktop","A",2,4,3.753,"6",NA,NA,NA,790
"ixmixo92","f3v2u0sz","66b538eb84276a7bcdf599ed","2024-10-11 20:47:43",0,"Desktop","A",4,5,37.978,"7",NA,NA,NA,481
"ixmixo92","fek1zxfr","65f6230c7658625aad940b24","2024-10-11 21:17:39",0,"Desktop","B",9,1,12.258,"1",FALSE,"",FALSE,893
"ixmixo92","fek1zxfr","65f6230c7658625aad940b24","2024-10-11 21:17:39",0,"Desktop","B",6,2,3.936,"2",FALSE,"",FALSE,482
"ixmixo92","fek1zxfr","65f6230c7658625aad940b24","2024-10-11 21:17:39",0,"Desktop","B",7,3,3.445,"3",FALSE,"",FALSE,482
"ixmixo92","fek1zxfr","65f6230c7658625aad940b24","2024-10-11 21:17:39",0,"Desktop","B",8,4,2.364,"4",FALSE,"",FALSE,506
"ixmixo92","fek1zxfr","65f6230c7658625aad940b24","2024-10-11 21:17:39",0,"Desktop","B",5,5,4.93,"5",FALSE,"",FALSE,482
"ixmixo92","gcs4e0jh","631615e2e62254d0d63d1ab0","2024-10-11 21:08:23",0,"Desktop","B",7,1,10.209,"1",FALSE,"",FALSE,493
"ixmixo92","gcs4e0jh","631615e2e62254d0d63d1ab0","2024-10-11 21:08:23",0,"Desktop","B",6,2,13.557,"2",FALSE,"",FALSE,493
"ixmixo92","gcs4e0jh","631615e2e62254d0d63d1ab0","2024-10-11 21:08:23",0,"Desktop","B",9,3,6.078,"3",FALSE,"",FALSE,918
"ixmixo92","gcs4e0jh","631615e2e62254d0d63d1ab0","2024-10-11 21:08:23",0,"Desktop","B",5,4,10.976,"4",FALSE,"",FALSE,493
"ixmixo92","gcs4e0jh","631615e2e62254d0d63d1ab0","2024-10-11 21:08:23",0,"Desktop","B",8,5,6.957,"5",FALSE,"",FALSE,517
"ixmixo92","ge7nitp7","6140faf57913e339ee415b31","2024-10-11 21:11:57",1,"Desktop","B",9,1,10.984,"1",FALSE,"",FALSE,918
"ixmixo92","ge7nitp7","6140faf57913e339ee415b31","2024-10-11 21:11:57",1,"Desktop","B",7,2,4.181,"2",FALSE,"",FALSE,493
"ixmixo92","ge7nitp7","6140faf57913e339ee415b31","2024-10-11 21:11:57",1,"Desktop","B",5,3,8.097,"3",FALSE,"",FALSE,493
"ixmixo92","ge7nitp7","6140faf57913e339ee415b31","2024-10-11 21:11:57",1,"Desktop","B",6,4,5.296,"4",FALSE,"",FALSE,493
"ixmixo92","ge7nitp7","6140faf57913e339ee415b31","2024-10-11 21:11:57",1,"Desktop","B",8,5,16.441,"5",FALSE,"",FALSE,517
"ixmixo92","glbgzo0e","64139f74c36da8c35b846024","2024-10-11 21:06:08",1,"Mobile","A",3,1,9.505,"1,5,13",FALSE,"",FALSE,403
"ixmixo92","glbgzo0e","64139f74c36da8c35b846024","2024-10-11 21:06:08",1,"Mobile","A",4,2,12.028,"2,4,6,12,14",FALSE,"",FALSE,396
"ixmixo92","glbgzo0e","64139f74c36da8c35b846024","2024-10-11 21:06:08",1,"Mobile","A",0,3,9.8,"3,7,11,15",FALSE,"",FALSE,702
"ixmixo92","glbgzo0e","64139f74c36da8c35b846024","2024-10-11 21:06:08",1,"Mobile","A",1,4,9.114,"8,10,16",FALSE,"",FALSE,680
"ixmixo92","glbgzo0e","64139f74c36da8c35b846024","2024-10-11 21:06:08",1,"Mobile","A",2,5,15.27,"9,17",FALSE,"",FALSE,580
"ixmixo92","gnh8oqi2","663d6f6cf15368bab6c85c33","2024-10-11 20:59:59",1,"Mobile","B",9,1,13.016,"1,9",FALSE,"",FALSE,606
"ixmixo92","gnh8oqi2","663d6f6cf15368bab6c85c33","2024-10-11 20:59:59",1,"Mobile","B",7,2,21.72,"2,8,10",TRUE,"",FALSE,405
"ixmixo92","gnh8oqi2","663d6f6cf15368bab6c85c33","2024-10-11 20:59:59",1,"Mobile","B",5,3,23.035,"3,7,11",TRUE,"",FALSE,381
"ixmixo92","gnh8oqi2","663d6f6cf15368bab6c85c33","2024-10-11 20:59:59",1,"Mobile","B",6,4,15.455,"4,6,12",FALSE,"",FALSE,381
"ixmixo92","gnh8oqi2","663d6f6cf15368bab6c85c33","2024-10-11 20:59:59",1,"Mobile","B",8,5,14.028,"5,13",FALSE,"",FALSE,405
"ixmixo92","hfslb0x8","64077ddd11208afe2bec171a","2024-10-11 21:16:36",0,"Desktop","A",2,1,8.877,"1",FALSE,"",FALSE,793
"ixmixo92","hfslb0x8","64077ddd11208afe2bec171a","2024-10-11 21:16:36",0,"Desktop","A",0,2,0.762,"2",FALSE,"",FALSE,967
"ixmixo92","hfslb0x8","64077ddd11208afe2bec171a","2024-10-11 21:16:36",0,"Desktop","A",3,3,4.421,"4",FALSE,"",FALSE,482
"ixmixo92","hfslb0x8","64077ddd11208afe2bec171a","2024-10-11 21:16:36",0,"Desktop","A",4,4,3.338,"3,5",FALSE,"",FALSE,470
"ixmixo92","hfslb0x8","64077ddd11208afe2bec171a","2024-10-11 21:16:36",0,"Desktop","A",1,5,5.336,"6",FALSE,"",FALSE,892
"ixmixo92","hnzmkh52","66661be09338a8410ddd5d02","2024-10-11 21:11:52",1,"Mobile","A",2,1,6.35,"1",FALSE,"",FALSE,580
"ixmixo92","hnzmkh52","66661be09338a8410ddd5d02","2024-10-11 21:11:52",1,"Mobile","A",3,2,4.554,"2",FALSE,"",FALSE,403
"ixmixo92","hnzmkh52","66661be09338a8410ddd5d02","2024-10-11 21:11:52",1,"Mobile","A",4,3,7.771,"3",FALSE,"",FALSE,396
"ixmixo92","hnzmkh52","66661be09338a8410ddd5d02","2024-10-11 21:11:52",1,"Mobile","A",1,4,1.652,"4",FALSE,"",FALSE,680
"ixmixo92","hnzmkh52","66661be09338a8410ddd5d02","2024-10-11 21:11:52",1,"Mobile","A",0,5,4.862,"5",FALSE,"",FALSE,702
"ixmixo92","i4a58zm0","5ee5f7f771f86b333ba269de","2024-10-11 21:14:14",1,"Mobile","A",3,1,4.52,"1,2",FALSE,"",FALSE,217
"ixmixo92","i4a58zm0","5ee5f7f771f86b333ba269de","2024-10-11 21:14:14",1,"Mobile","A",2,2,4.016,"3",FALSE,"",FALSE,217
"ixmixo92","i4a58zm0","5ee5f7f771f86b333ba269de","2024-10-11 21:14:14",1,"Mobile","A",1,3,79.429,"4",FALSE,"",FALSE,686
"ixmixo92","i4a58zm0","5ee5f7f771f86b333ba269de","2024-10-11 21:14:14",1,"Mobile","A",4,4,0.183,"5",FALSE,"",FALSE,409
"ixmixo92","i4a58zm0","5ee5f7f771f86b333ba269de","2024-10-11 21:14:14",1,"Mobile","A",0,5,3.272,"6,7",TRUE,"",FALSE,712
"ixmixo92","i9tr1qz4","66f492656cd4d489382b27a8","2024-10-11 21:07:35",0,"Desktop","A",4,1,8.023,"2",FALSE,"",FALSE,470
"ixmixo92","i9tr1qz4","66f492656cd4d489382b27a8","2024-10-11 21:07:35",0,"Desktop","A",2,2,2.446,"1,3",FALSE,"",FALSE,796
"ixmixo92","i9tr1qz4","66f492656cd4d489382b27a8","2024-10-11 21:07:35",0,"Desktop","A",1,3,1.77,"4",FALSE,"",FALSE,895
"ixmixo92","i9tr1qz4","66f492656cd4d489382b27a8","2024-10-11 21:07:35",0,"Desktop","A",3,4,1.146,"5",FALSE,"",FALSE,483
"ixmixo92","i9tr1qz4","66f492656cd4d489382b27a8","2024-10-11 21:07:35",0,"Desktop","A",0,5,3.038,"6",FALSE,"",FALSE,970
"ixmixo92","iefdcz7n","670988e05d86d2feca7516a5","2024-10-11 20:52:04",0,"Desktop","A",4,1,18.046,"1,3,13",FALSE,"",FALSE,481
"ixmixo92","iefdcz7n","670988e05d86d2feca7516a5","2024-10-11 20:52:04",0,"Desktop","A",3,2,9.824,"2,4,11,12,14",FALSE,"",FALSE,493
"ixmixo92","iefdcz7n","670988e05d86d2feca7516a5","2024-10-11 20:52:04",0,"Desktop","A",1,3,5.255,"5,10,15",FALSE,"",FALSE,917
"ixmixo92","iefdcz7n","670988e05d86d2feca7516a5","2024-10-11 20:52:04",0,"Desktop","A",0,4,5.702,"6,9,16",FALSE,"",FALSE,995
"ixmixo92","iefdcz7n","670988e05d86d2feca7516a5","2024-10-11 20:52:04",0,"Desktop","A",2,5,11.52,"7,8,17",FALSE,"",FALSE,814
"ixmixo92","j6ajgkdk","5edb487096035b7c2ab90276","2024-10-11 21:02:05",1,"Mobile","B",6,1,6.187,"1",FALSE,"",FALSE,402
"ixmixo92","j6ajgkdk","5edb487096035b7c2ab90276","2024-10-11 21:02:05",1,"Mobile","B",8,2,7.577,"2",FALSE,"",FALSE,427
"ixmixo92","j6ajgkdk","5edb487096035b7c2ab90276","2024-10-11 21:02:05",1,"Mobile","B",9,3,2.929,"3",FALSE,"",FALSE,709
"ixmixo92","j6ajgkdk","5edb487096035b7c2ab90276","2024-10-11 21:02:05",1,"Mobile","B",7,4,6.553,"4,5",FALSE,"",FALSE,403
"ixmixo92","j6ajgkdk","5edb487096035b7c2ab90276","2024-10-11 21:02:05",1,"Mobile","B",5,5,7.104,"6",FALSE,"",FALSE,403
"ixmixo92","kda87d36","67018d1a7f44e4480045a212","2024-10-11 20:51:52",1,"Mobile","A",2,1,10.292,"1,4",TRUE,"",FALSE,623
"ixmixo92","kda87d36","67018d1a7f44e4480045a212","2024-10-11 20:51:52",1,"Mobile","A",4,2,9.401,"3,5",TRUE,"",FALSE,419
"ixmixo92","kda87d36","67018d1a7f44e4480045a212","2024-10-11 20:51:52",1,"Mobile","A",3,3,8.105,"2,6",TRUE,"",FALSE,403
"ixmixo92","kda87d36","67018d1a7f44e4480045a212","2024-10-11 20:51:52",1,"Mobile","A",1,4,1.137,"7",FALSE,"",FALSE,708
"ixmixo92","kda87d36","67018d1a7f44e4480045a212","2024-10-11 20:51:52",1,"Mobile","A",0,5,3.304,"8,9",TRUE,"",FALSE,736
"ixmixo92","ldh57049","5fcc103fb2ab80a01f32f7ae","2024-10-11 21:10:56",1,"Mobile","A",1,1,9.809,"1,3",FALSE,"",FALSE,674
"ixmixo92","ldh57049","5fcc103fb2ab80a01f32f7ae","2024-10-11 21:10:56",1,"Mobile","A",0,2,8.237,"2,5",FALSE,"",FALSE,697
"ixmixo92","ldh57049","5fcc103fb2ab80a01f32f7ae","2024-10-11 21:10:56",1,"Mobile","A",4,3,3.07,"4,6",FALSE,"",FALSE,394
"ixmixo92","ldh57049","5fcc103fb2ab80a01f32f7ae","2024-10-11 21:10:56",1,"Mobile","A",2,4,2.55,"7",FALSE,"",FALSE,577
"ixmixo92","ldh57049","5fcc103fb2ab80a01f32f7ae","2024-10-11 21:10:56",1,"Mobile","A",3,5,4.814,"8",FALSE,"",FALSE,401
"ixmixo92","lpcg63mg","60ff2419a925fa57937be7af","2024-10-11 21:07:28",0,"Desktop","A",1,1,6.911,"1",FALSE,"",FALSE,917
"ixmixo92","lpcg63mg","60ff2419a925fa57937be7af","2024-10-11 21:07:28",0,"Desktop","A",4,2,17.039,"2",FALSE,"",FALSE,481
"ixmixo92","lpcg63mg","60ff2419a925fa57937be7af","2024-10-11 21:07:28",0,"Desktop","A",2,3,0.932,"3",FALSE,"",FALSE,814
"ixmixo92","lpcg63mg","60ff2419a925fa57937be7af","2024-10-11 21:07:28",0,"Desktop","A",3,4,8.435,"4",FALSE,"",FALSE,493
"ixmixo92","lpcg63mg","60ff2419a925fa57937be7af","2024-10-11 21:07:28",0,"Desktop","A",0,5,7.783,"5",TRUE,"",FALSE,995
"ixmixo92","m5g5nge0","66906917d52c9864e8d04542","2024-10-11 21:11:33",1,"Mobile","B",9,1,9.943,"1",FALSE,"",FALSE,687
"ixmixo92","m5g5nge0","66906917d52c9864e8d04542","2024-10-11 21:11:33",1,"Mobile","B",6,2,0.834,"2",FALSE,"",FALSE,393
"ixmixo92","m5g5nge0","66906917d52c9864e8d04542","2024-10-11 21:11:33",1,"Mobile","B",5,3,0.767,"3",FALSE,"",FALSE,417
"ixmixo92","m5g5nge0","66906917d52c9864e8d04542","2024-10-11 21:11:33",1,"Mobile","B",7,4,0.42,"4",FALSE,"",FALSE,393
"ixmixo92","m5g5nge0","66906917d52c9864e8d04542","2024-10-11 21:11:33",1,"Mobile","B",8,5,4.236,"5",FALSE,"",FALSE,417
"ixmixo92","m8azb9cx","66fb1dd026c89f58ed2d2186","2024-10-11 20:51:12",1,"Mobile","B",7,1,8.777,"1,9",FALSE,"",FALSE,426
"ixmixo92","m8azb9cx","66fb1dd026c89f58ed2d2186","2024-10-11 20:51:12",1,"Mobile","B",5,2,12.646,"2,10",FALSE,"",FALSE,403
"ixmixo92","m8azb9cx","66fb1dd026c89f58ed2d2186","2024-10-11 20:51:12",1,"Mobile","B",6,3,6.648,"3,8,11",FALSE,"",FALSE,403
"ixmixo92","m8azb9cx","66fb1dd026c89f58ed2d2186","2024-10-11 20:51:12",1,"Mobile","B",8,4,8.573,"4,7,12",FALSE,"",FALSE,403
"ixmixo92","m8azb9cx","66fb1dd026c89f58ed2d2186","2024-10-11 20:51:12",1,"Mobile","B",9,5,10.831,"5,6,13,14",FALSE,"",FALSE,657
"ixmixo92","n9tsvqnc","6655f0768bbed1916c573628","2024-10-11 21:11:02",1,"Mobile","A",4,1,9.269,"1,3,15",TRUE,"",FALSE,390
"ixmixo92","n9tsvqnc","6655f0768bbed1916c573628","2024-10-11 21:11:02",1,"Mobile","A",0,2,18.47,"2,4,6,12,16",TRUE,"",FALSE,687
"ixmixo92","n9tsvqnc","6655f0768bbed1916c573628","2024-10-11 21:11:02",1,"Mobile","A",1,3,14.888,"5,7,14,17",TRUE,"",FALSE,666
"ixmixo92","n9tsvqnc","6655f0768bbed1916c573628","2024-10-11 21:11:02",1,"Mobile","A",3,4,8.636,"8,9,11,13,18",TRUE,"",FALSE,397
"ixmixo92","n9tsvqnc","6655f0768bbed1916c573628","2024-10-11 21:11:02",1,"Mobile","A",2,5,21.524,"10,19",TRUE,"I'd love to travel and visit",TRUE,569
"ixmixo92","nrckvsbb","63eab089ff73041bdea22229","2024-10-11 21:10:21",0,"Desktop","A",0,1,1.203,"1",FALSE,"",FALSE,970
"ixmixo92","nrckvsbb","63eab089ff73041bdea22229","2024-10-11 21:10:21",0,"Desktop","A",1,2,3.138,"2",FALSE,"",FALSE,895
"ixmixo92","nrckvsbb","63eab089ff73041bdea22229","2024-10-11 21:10:21",0,"Desktop","A",3,3,8.008,"3",FALSE,"",FALSE,483
"ixmixo92","nrckvsbb","63eab089ff73041bdea22229","2024-10-11 21:10:21",0,"Desktop","A",2,4,2.304,"4",FALSE,"",FALSE,796
"ixmixo92","nrckvsbb","63eab089ff73041bdea22229","2024-10-11 21:10:21",0,"Desktop","A",4,5,3.776,"5",FALSE,"",FALSE,471
"ixmixo92","o1k30br4","66d9383b6b2192392e50b06c","2024-10-11 21:12:21",0,"Tablet","A",1,1,15.925,"1,4,7",FALSE,"",FALSE,721
"ixmixo92","o1k30br4","66d9383b6b2192392e50b06c","2024-10-11 21:12:21",0,"Tablet","A",0,2,12.903,"3,5,8",FALSE,"",FALSE,791
"ixmixo92","o1k30br4","66d9383b6b2192392e50b06c","2024-10-11 21:12:21",0,"Tablet","A",4,3,8.061,"2,6,9",TRUE,"",FALSE,410
"ixmixo92","o1k30br4","66d9383b6b2192392e50b06c","2024-10-11 21:12:21",0,"Tablet","A",3,4,4.199,"10",FALSE,"",FALSE,419
"ixmixo92","o1k30br4","66d9383b6b2192392e50b06c","2024-10-11 21:12:21",0,"Tablet","A",2,5,5.873,"11",FALSE,"",FALSE,631
"ixmixo92","ocs6og6s","661578eb2f708677eba05699","2024-10-11 21:08:51",0,"Desktop","B",7,1,14.804,"1,4",FALSE,"",FALSE,481
"ixmixo92","ocs6og6s","661578eb2f708677eba05699","2024-10-11 21:08:51",0,"Desktop","B",8,2,16.841,"2,3,5",FALSE,"",FALSE,506
"ixmixo92","ocs6og6s","661578eb2f708677eba05699","2024-10-11 21:08:51",0,"Desktop","B",9,3,10.493,"6",FALSE,"",FALSE,893
"ixmixo92","ocs6og6s","661578eb2f708677eba05699","2024-10-11 21:08:51",0,"Desktop","B",6,4,6.481,"7",FALSE,"",FALSE,482
"ixmixo92","ocs6og6s","661578eb2f708677eba05699","2024-10-11 21:08:51",0,"Desktop","B",5,5,10.734,"8",FALSE,"",FALSE,482
"ixmixo92","ojgqdpr5","609471590c51b81087087049","2024-10-11 21:06:08",0,"Desktop","B",6,1,7.621,"1",FALSE,"",FALSE,481
"ixmixo92","ojgqdpr5","609471590c51b81087087049","2024-10-11 21:06:08",0,"Desktop","B",9,2,6.634,"2",FALSE,"",FALSE,893
"ixmixo92","ojgqdpr5","609471590c51b81087087049","2024-10-11 21:06:08",0,"Desktop","B",8,3,6.7,"3",FALSE,"",FALSE,506
"ixmixo92","ojgqdpr5","609471590c51b81087087049","2024-10-11 21:06:08",0,"Desktop","B",5,4,5.35,"4",FALSE,"",FALSE,482
"ixmixo92","ojgqdpr5","609471590c51b81087087049","2024-10-11 21:06:08",0,"Desktop","B",7,5,13.644,"5",FALSE,"",FALSE,482
"ixmixo92","qgnrdyn7","665dc15f25470ae63ea40855","2024-10-11 21:09:30",1,"Mobile","A",3,1,9.926,"2,5",FALSE,"",FALSE,403
"ixmixo92","qgnrdyn7","665dc15f25470ae63ea40855","2024-10-11 21:09:30",1,"Mobile","A",2,2,6.89,"1,4,6",FALSE,"",FALSE,627
"ixmixo92","qgnrdyn7","665dc15f25470ae63ea40855","2024-10-11 21:09:30",1,"Mobile","A",1,3,8.473,"3,7",TRUE,"",FALSE,687
"ixmixo92","qgnrdyn7","665dc15f25470ae63ea40855","2024-10-11 21:09:30",1,"Mobile","A",0,4,9.808,"8,10",TRUE,"",FALSE,739
"ixmixo92","qgnrdyn7","665dc15f25470ae63ea40855","2024-10-11 21:09:30",1,"Mobile","A",4,5,13.788,"9,11",TRUE,"",FALSE,420
"ixmixo92","r10q4j3j","65a448b1daac67d1234e46e3","2024-10-11 21:07:49",0,"Desktop","A",3,1,5.082,"1",FALSE,"",FALSE,493
"ixmixo92","r10q4j3j","65a448b1daac67d1234e46e3","2024-10-11 21:07:49",0,"Desktop","A",4,2,2.02,"2",FALSE,"",FALSE,481
"ixmixo92","r10q4j3j","65a448b1daac67d1234e46e3","2024-10-11 21:07:49",0,"Desktop","A",1,3,0.772,"3",FALSE,"",FALSE,917
"ixmixo92","r10q4j3j","65a448b1daac67d1234e46e3","2024-10-11 21:07:49",0,"Desktop","A",0,4,0.933,"4",FALSE,"",FALSE,995
"ixmixo92","r10q4j3j","65a448b1daac67d1234e46e3","2024-10-11 21:07:49",0,"Desktop","A",2,5,1.418,"5",FALSE,"",FALSE,814
"ixmixo92","r6dquagr","5e095685ae7b30245cc82780","2024-10-11 21:10:31",1,"Desktop","A",3,1,3.868,"1",FALSE,"",FALSE,169
"ixmixo92","r6dquagr","5e095685ae7b30245cc82780","2024-10-11 21:10:31",1,"Desktop","A",4,2,5.134,"2",FALSE,"",FALSE,481
"ixmixo92","r6dquagr","5e095685ae7b30245cc82780","2024-10-11 21:10:31",1,"Desktop","A",0,3,4.216,"3,7",FALSE,"",FALSE,995
"ixmixo92","r6dquagr","5e095685ae7b30245cc82780","2024-10-11 21:10:31",1,"Desktop","A",2,4,4.896,"4,6,8",FALSE,"",FALSE,790
"ixmixo92","r6dquagr","5e095685ae7b30245cc82780","2024-10-11 21:10:31",1,"Desktop","A",1,5,8.261,"5,9",FALSE,"",FALSE,917
"ixmixo92","rum0pg2f","65e975039c7865e835a2936c","2024-10-11 21:12:26",1,"Mobile","B",6,1,6.769,"1",FALSE,"",FALSE,402
"ixmixo92","rum0pg2f","65e975039c7865e835a2936c","2024-10-11 21:12:26",1,"Mobile","B",8,2,8.273,"2",FALSE,"",FALSE,426
"ixmixo92","rum0pg2f","65e975039c7865e835a2936c","2024-10-11 21:12:26",1,"Mobile","B",9,3,0.976,"3",FALSE,"",FALSE,709
"ixmixo92","rum0pg2f","65e975039c7865e835a2936c","2024-10-11 21:12:26",1,"Mobile","B",7,4,4.707,"4",TRUE,"",FALSE,402
"ixmixo92","rum0pg2f","65e975039c7865e835a2936c","2024-10-11 21:12:26",1,"Mobile","B",5,5,2.328,"5",FALSE,"",FALSE,402
"ixmixo92","t07094wq","62e075f79f3580d1da08eacc","2024-10-11 21:05:00",0,"Desktop","A",1,1,6.173,"1",FALSE,"",FALSE,891
"ixmixo92","t07094wq","62e075f79f3580d1da08eacc","2024-10-11 21:05:00",0,"Desktop","A",3,2,7.983,"2,4",FALSE,"",FALSE,482
"ixmixo92","t07094wq","62e075f79f3580d1da08eacc","2024-10-11 21:05:00",0,"Desktop","A",2,3,5.251,"3,5",FALSE,"",FALSE,793
"ixmixo92","t07094wq","62e075f79f3580d1da08eacc","2024-10-11 21:05:00",0,"Desktop","A",4,4,5.351,"6",FALSE,"",FALSE,470
"ixmixo92","t07094wq","62e075f79f3580d1da08eacc","2024-10-11 21:05:00",0,"Desktop","A",0,5,6.817,"7",FALSE,"",FALSE,967
"ixmixo92","t9hb1w4j","5dc1d16946c7ba134f6626bc","2024-10-11 21:13:53",1,"Mobile","B",8,1,8.771,"2",FALSE,"",FALSE,425
"ixmixo92","t9hb1w4j","5dc1d16946c7ba134f6626bc","2024-10-11 21:13:53",1,"Mobile","B",9,2,8.279,"1,3",FALSE,"",FALSE,694
"ixmixo92","t9hb1w4j","5dc1d16946c7ba134f6626bc","2024-10-11 21:13:53",1,"Mobile","B",7,3,13.528,"4",FALSE,"",FALSE,425
"ixmixo92","t9hb1w4j","5dc1d16946c7ba134f6626bc","2024-10-11 21:13:53",1,"Mobile","B",5,4,14.992,"5",FALSE,"",FALSE,425
"ixmixo92","t9hb1w4j","5dc1d16946c7ba134f6626bc","2024-10-11 21:13:53",1,"Mobile","B",6,5,6.327,"6",FALSE,"",FALSE,425
"ixmixo92","trd7zpiz","6650bc4eabe49e6139fa74ac","2024-10-11 21:14:26",0,"Desktop","B",8,1,7.192,"1",FALSE,"",FALSE,193
"ixmixo92","trd7zpiz","6650bc4eabe49e6139fa74ac","2024-10-11 21:14:26",0,"Desktop","B",6,2,4.174,"2",FALSE,"",FALSE,169
"ixmixo92","trd7zpiz","6650bc4eabe49e6139fa74ac","2024-10-11 21:14:26",0,"Desktop","B",9,3,6.914,"3",FALSE,"",FALSE,918
"ixmixo92","trd7zpiz","6650bc4eabe49e6139fa74ac","2024-10-11 21:14:26",0,"Desktop","B",7,4,31.728,"4",FALSE,"It seems like it wouldn't be hard to get community volunteers to help with something like this.",TRUE,493
"ixmixo92","trd7zpiz","6650bc4eabe49e6139fa74ac","2024-10-11 21:14:26",0,"Desktop","B",5,5,37.863,"5",TRUE,"",FALSE,493
"ixmixo92","ttjwlhfn","5f7e6263ca4a5513c572a5be","2024-10-11 21:15:00",0,"Desktop","B",6,1,11.086,"1,10",FALSE,"",FALSE,493
"ixmixo92","ttjwlhfn","5f7e6263ca4a5513c572a5be","2024-10-11 21:15:00",0,"Desktop","B",7,2,11.132,"2,9,11",TRUE,"",FALSE,493
"ixmixo92","ttjwlhfn","5f7e6263ca4a5513c572a5be","2024-10-11 21:15:00",0,"Desktop","B",5,3,9.403,"3,8,12",FALSE,"",FALSE,493
"ixmixo92","ttjwlhfn","5f7e6263ca4a5513c572a5be","2024-10-11 21:15:00",0,"Desktop","B",9,4,5.362,"4,5,7,13",FALSE,"",FALSE,918
"ixmixo92","ttjwlhfn","5f7e6263ca4a5513c572a5be","2024-10-11 21:15:00",0,"Desktop","B",8,5,21.401,"6,14",TRUE,"",FALSE,517
"ixmixo92","ty5538wg","62b10d376cda94ec0cd6c1e3","2024-10-11 21:06:37",0,"Desktop","B",5,1,15.188,"1,3",FALSE,"",FALSE,481
"ixmixo92","ty5538wg","62b10d376cda94ec0cd6c1e3","2024-10-11 21:06:37",0,"Desktop","B",9,2,4.621,"2,4",FALSE,"",FALSE,893
"ixmixo92","ty5538wg","62b10d376cda94ec0cd6c1e3","2024-10-11 21:06:37",0,"Desktop","B",8,3,5.096,"5",FALSE,"",FALSE,506
"ixmixo92","ty5538wg","62b10d376cda94ec0cd6c1e3","2024-10-11 21:06:37",0,"Desktop","B",6,4,4.254,"6",FALSE,"",FALSE,482
"ixmixo92","ty5538wg","62b10d376cda94ec0cd6c1e3","2024-10-11 21:06:37",0,"Desktop","B",7,5,7.365,"7",FALSE,"",FALSE,482
"ixmixo92","tzgixzct","66316ac602a513e2e74d5bdc","2024-10-11 21:07:58",0,"Desktop","B",7,1,8.128,"1,9,11",FALSE,"",FALSE,481
"ixmixo92","tzgixzct","66316ac602a513e2e74d5bdc","2024-10-11 21:07:58",0,"Desktop","B",9,2,5.651,"2,8,10,12",FALSE,"",FALSE,893
"ixmixo92","tzgixzct","66316ac602a513e2e74d5bdc","2024-10-11 21:07:58",0,"Desktop","B",8,3,20.772,"3,7,13",FALSE,"",FALSE,506
"ixmixo92","tzgixzct","66316ac602a513e2e74d5bdc","2024-10-11 21:07:58",0,"Desktop","B",6,4,2.258,"4,6,14",FALSE,"",FALSE,482
"ixmixo92","tzgixzct","66316ac602a513e2e74d5bdc","2024-10-11 21:07:58",0,"Desktop","B",5,5,4.376,"5,15",FALSE,"",FALSE,482
"ixmixo92","ukmgruye","5f73f37ed13ce303cc14ae35","2024-10-11 21:21:39",0,"Desktop","A",1,1,2.414,"1",FALSE,"",FALSE,892
"ixmixo92","ukmgruye","5f73f37ed13ce303cc14ae35","2024-10-11 21:21:39",0,"Desktop","A",3,2,0.319,"2",FALSE,"",FALSE,482
"ixmixo92","ukmgruye","5f73f37ed13ce303cc14ae35","2024-10-11 21:21:39",0,"Desktop","A",4,3,0.434,"3",FALSE,"",FALSE,470
"ixmixo92","ukmgruye","5f73f37ed13ce303cc14ae35","2024-10-11 21:21:39",0,"Desktop","A",2,4,0.403,"4",FALSE,"",FALSE,794
"ixmixo92","ukmgruye","5f73f37ed13ce303cc14ae35","2024-10-11 21:21:39",0,"Desktop","A",0,5,0.383,"5",FALSE,"",FALSE,968
"ixmixo92","uuot4fro","67094406b9fd7d16c603ff6e","2024-10-11 20:51:57",1,"Desktop","B",8,1,4.704,"1,3",FALSE,"",FALSE,507
"ixmixo92","uuot4fro","67094406b9fd7d16c603ff6e","2024-10-11 20:51:57",1,"Desktop","B",5,2,1.663,"2,4",FALSE,"",FALSE,484
"ixmixo92","uuot4fro","67094406b9fd7d16c603ff6e","2024-10-11 20:51:57",1,"Desktop","B",7,3,2.064,"5",FALSE,"",FALSE,484
"ixmixo92","uuot4fro","67094406b9fd7d16c603ff6e","2024-10-11 20:51:57",1,"Desktop","B",6,4,9.042,"6",TRUE,"",FALSE,484
"ixmixo92","uuot4fro","67094406b9fd7d16c603ff6e","2024-10-11 20:51:57",1,"Desktop","B",9,5,6.444,"7",TRUE,"",FALSE,898
"ixmixo92","v807a2oh","600b2383c81ec407038e82ba","2024-10-11 21:04:36",0,"Desktop","B",8,1,24.505,"1,3",FALSE,"",FALSE,193
"ixmixo92","v807a2oh","600b2383c81ec407038e82ba","2024-10-11 21:04:36",0,"Desktop","B",9,2,2.133,"2,4,7",FALSE,"",FALSE,169
"ixmixo92","v807a2oh","600b2383c81ec407038e82ba","2024-10-11 21:04:36",0,"Desktop","B",6,3,12.532,"6,8",FALSE,"",FALSE,482
"ixmixo92","v807a2oh","600b2383c81ec407038e82ba","2024-10-11 21:04:36",0,"Desktop","B",5,4,14.019,"5,9",FALSE,"",FALSE,482
"ixmixo92","v807a2oh","600b2383c81ec407038e82ba","2024-10-11 21:04:36",0,"Desktop","B",7,5,15.893,"10",FALSE,"",FALSE,482
"ixmixo92","v83rq75j","666ef533b0ebc736668672c5","2024-10-11 20:53:12",1,"Mobile","B",8,1,4.312,"1",FALSE,"",FALSE,415
"ixmixo92","v83rq75j","666ef533b0ebc736668672c5","2024-10-11 20:53:12",1,"Mobile","B",7,2,4.605,"2",FALSE,"",FALSE,392
"ixmixo92","v83rq75j","666ef533b0ebc736668672c5","2024-10-11 20:53:12",1,"Mobile","B",9,3,0.326,"3",FALSE,"",FALSE,685
"ixmixo92","v83rq75j","666ef533b0ebc736668672c5","2024-10-11 20:53:12",1,"Mobile","B",5,4,0.227,"4",FALSE,"",FALSE,416
"ixmixo92","v83rq75j","666ef533b0ebc736668672c5","2024-10-11 20:53:12",1,"Mobile","B",6,5,5.139,"5",FALSE,"",FALSE,392
"ixmixo92","v9mplo3z","670181df01d5807d3bca5093","2024-10-11 20:59:08",1,"Mobile","B",8,1,9.856,"1,10",FALSE,"",FALSE,400
"ixmixo92","v9mplo3z","670181df01d5807d3bca5093","2024-10-11 20:59:08",1,"Mobile","B",9,2,3.582,"2,9,11",FALSE,"",FALSE,652
"ixmixo92","v9mplo3z","670181df01d5807d3bca5093","2024-10-11 20:59:08",1,"Mobile","B",5,3,4.783,"3,8,12",FALSE,"",FALSE,401
"ixmixo92","v9mplo3z","670181df01d5807d3bca5093","2024-10-11 20:59:08",1,"Mobile","B",7,4,4.584,"4,7,13",FALSE,"",FALSE,425
"ixmixo92","v9mplo3z","670181df01d5807d3bca5093","2024-10-11 20:59:08",1,"Mobile","B",6,5,9.934,"5,6,14",FALSE,"",FALSE,401
"ixmixo92","vq48x1ds","58503134ed99c80001cebc0a","2024-10-11 20:59:26",0,"Desktop","A",1,1,38.167,"1",TRUE,"",FALSE,891
"ixmixo92","vq48x1ds","58503134ed99c80001cebc0a","2024-10-11 20:59:26",0,"Desktop","A",4,2,6.683,"2",FALSE,"",FALSE,470
"ixmixo92","vq48x1ds","58503134ed99c80001cebc0a","2024-10-11 20:59:26",0,"Desktop","A",0,3,2.7,"3",FALSE,"",FALSE,967
"ixmixo92","vq48x1ds","58503134ed99c80001cebc0a","2024-10-11 20:59:26",0,"Desktop","A",2,4,6.233,"4",FALSE,"",FALSE,793
"ixmixo92","vq48x1ds","58503134ed99c80001cebc0a","2024-10-11 20:59:26",0,"Desktop","A",3,5,9.135,"5",FALSE,"",FALSE,482
"ixmixo92","vxg5aap4","5c3156e88c6d820001abf5c6","2024-10-11 21:07:36",0,"Desktop","B",9,1,9.934,"1,2,14",FALSE,"",FALSE,909
"ixmixo92","vxg5aap4","5c3156e88c6d820001abf5c6","2024-10-11 21:07:36",0,"Desktop","B",7,2,7.081,"3,7,13,15",FALSE,"",FALSE,478
"ixmixo92","vxg5aap4","5c3156e88c6d820001abf5c6","2024-10-11 21:07:36",0,"Desktop","B",8,3,2.899,"4,6,8,12,16",FALSE,"",FALSE,502
"ixmixo92","vxg5aap4","5c3156e88c6d820001abf5c6","2024-10-11 21:07:36",0,"Desktop","B",6,4,3.031,"5,9,11,17",FALSE,"",FALSE,478
"ixmixo92","vxg5aap4","5c3156e88c6d820001abf5c6","2024-10-11 21:07:36",0,"Desktop","B",5,5,4.986,"10,18",FALSE,"",FALSE,478
"ixmixo92","w4vzfgsu","66d7292f64ca0bd20a0e2d67","2024-10-11 21:10:25",1,"Mobile","B",5,1,14.702,"1",FALSE,"",FALSE,410
"ixmixo92","w4vzfgsu","66d7292f64ca0bd20a0e2d67","2024-10-11 21:10:25",1,"Mobile","B",8,2,16.775,"2",FALSE,"",FALSE,434
"ixmixo92","w4vzfgsu","66d7292f64ca0bd20a0e2d67","2024-10-11 21:10:25",1,"Mobile","B",9,3,1.78,"3",FALSE,"",FALSE,727
"ixmixo92","w4vzfgsu","66d7292f64ca0bd20a0e2d67","2024-10-11 21:10:25",1,"Mobile","B",7,4,2.606,"4",FALSE,"",FALSE,410
"ixmixo92","w4vzfgsu","66d7292f64ca0bd20a0e2d67","2024-10-11 21:10:25",1,"Mobile","B",6,5,7.995,"5",FALSE,"",FALSE,410
"ixmixo92","wd0xuyge","66d1e51c04b347349f6d30fe","2024-10-11 21:01:33",0,"Desktop","B",7,1,10.753,"1,8,17",TRUE,"",FALSE,554
"ixmixo92","wd0xuyge","66d1e51c04b347349f6d30fe","2024-10-11 21:01:33",0,"Desktop","B",5,2,8.194,"2,7,9,15,16,18",FALSE,"",FALSE,554
"ixmixo92","wd0xuyge","66d1e51c04b347349f6d30fe","2024-10-11 21:01:33",0,"Desktop","B",6,3,5.048,"3,6,10,14,19",FALSE,"",FALSE,554
"ixmixo92","wd0xuyge","66d1e51c04b347349f6d30fe","2024-10-11 21:01:33",0,"Desktop","B",8,4,1.25,"5,11,13,20",FALSE,"",FALSE,554
"ixmixo92","wd0xuyge","66d1e51c04b347349f6d30fe","2024-10-11 21:01:33",0,"Desktop","B",9,5,10.772,"4,12,21",TRUE,"",FALSE,971
"ixmixo92","ww4kf742","5e69ce2076c4680330657fd6","2024-10-11 21:10:41",0,"Desktop","B",7,1,6.14,"1",FALSE,"",FALSE,493
"ixmixo92","ww4kf742","5e69ce2076c4680330657fd6","2024-10-11 21:10:41",0,"Desktop","B",6,2,3.719,"2",FALSE,"",FALSE,493
"ixmixo92","ww4kf742","5e69ce2076c4680330657fd6","2024-10-11 21:10:41",0,"Desktop","B",8,3,3.653,"3",FALSE,"",FALSE,517
"ixmixo92","ww4kf742","5e69ce2076c4680330657fd6","2024-10-11 21:10:41",0,"Desktop","B",9,4,6.188,"4",FALSE,"",FALSE,918
"ixmixo92","ww4kf742","5e69ce2076c4680330657fd6","2024-10-11 21:10:41",0,"Desktop","B",5,5,5.298,"5",FALSE,"",FALSE,493
"ixmixo92","x6i2qm2c","66fdc3f5a7b3210d5e5628b7","2024-10-11 21:07:11",1,"Mobile","A",1,1,7.244,"1,9",FALSE,"",FALSE,686
"ixmixo92","x6i2qm2c","66fdc3f5a7b3210d5e5628b7","2024-10-11 21:07:11",1,"Mobile","A",2,2,11.033,"3,8,10",FALSE,"",FALSE,606
"ixmixo92","x6i2qm2c","66fdc3f5a7b3210d5e5628b7","2024-10-11 21:07:11",1,"Mobile","A",4,3,6.346,"2,4,7,11",FALSE,"",FALSE,409
"ixmixo92","x6i2qm2c","66fdc3f5a7b3210d5e5628b7","2024-10-11 21:07:11",1,"Mobile","A",0,4,4.337,"6,12",FALSE,"",FALSE,712
"ixmixo92","x6i2qm2c","66fdc3f5a7b3210d5e5628b7","2024-10-11 21:07:11",1,"Mobile","A",3,5,5.401,"5,13",FALSE,"",FALSE,417
"ixmixo92","x9l83x3c","6663a12568669787edea27ea","2024-10-11 20:50:31",1,"Mobile","A",0,1,16.698,"1,5",FALSE,"",FALSE,712
"ixmixo92","x9l83x3c","6663a12568669787edea27ea","2024-10-11 20:50:31",1,"Mobile","A",1,2,9.932,"2,4,6",FALSE,"",FALSE,686
"ixmixo92","x9l83x3c","6663a12568669787edea27ea","2024-10-11 20:50:31",1,"Mobile","A",3,3,8.983,"3,7",FALSE,"",FALSE,417
"ixmixo92","x9l83x3c","6663a12568669787edea27ea","2024-10-11 20:50:31",1,"Mobile","A",4,4,7.866,"8",FALSE,"",FALSE,409
"ixmixo92","x9l83x3c","6663a12568669787edea27ea","2024-10-11 20:50:31",1,"Mobile","A",2,5,11.228,"9",FALSE,"",FALSE,606
"ixmixo92","yeiej4ie","6687a66faa865642f33dc043","2024-10-11 21:15:24",0,"Desktop","A",2,1,13.798,"1,2,3",TRUE,"",FALSE,793
"ixmixo92","yeiej4ie","6687a66faa865642f33dc043","2024-10-11 21:15:24",0,"Desktop","A",0,2,6.099,"4",TRUE,"",FALSE,967
"ixmixo92","yeiej4ie","6687a66faa865642f33dc043","2024-10-11 21:15:24",0,"Desktop","A",3,3,4.632,"5",FALSE,"",FALSE,482
"ixmixo92","yeiej4ie","6687a66faa865642f33dc043","2024-10-11 21:15:24",0,"Desktop","A",1,4,0.935,"6",TRUE,"",FALSE,892
"ixmixo92","yeiej4ie","6687a66faa865642f33dc043","2024-10-11 21:15:24",0,"Desktop","A",4,5,18.574,"7",TRUE,"",FALSE,470
"ixmixo92","yhqkvo8g","5e35e5983db03759c2bbbc89","2024-10-11 21:01:12",0,"Desktop","A",4,1,4.225,"1",FALSE,"",FALSE,169
"ixmixo92","yhqkvo8g","5e35e5983db03759c2bbbc89","2024-10-11 21:01:12",0,"Desktop","A",1,2,1.65,"2",FALSE,"",FALSE,169
"ixmixo92","yhqkvo8g","5e35e5983db03759c2bbbc89","2024-10-11 21:01:12",0,"Desktop","A",2,3,7.284,"3",FALSE,"",FALSE,793
"ixmixo92","yhqkvo8g","5e35e5983db03759c2bbbc89","2024-10-11 21:01:12",0,"Desktop","A",0,4,1.386,"4",FALSE,"",FALSE,967
"ixmixo92","yhqkvo8g","5e35e5983db03759c2bbbc89","2024-10-11 21:01:12",0,"Desktop","A",3,5,2.912,"5",FALSE,"",FALSE,482
"ixmixo92","ypyzgylw","6101d3dd8a5037f20dfc505f","2024-10-11 20:53:38",0,"Desktop","B",6,1,7.498,"1",FALSE,"",FALSE,481
"ixmixo92","ypyzgylw","6101d3dd8a5037f20dfc505f","2024-10-11 20:53:38",0,"Desktop","B",8,2,9.866,"2",TRUE,"",FALSE,506
"ixmixo92","ypyzgylw","6101d3dd8a5037f20dfc505f","2024-10-11 20:53:38",0,"Desktop","B",5,3,5.821,"3",FALSE,"",FALSE,482
"ixmixo92","ypyzgylw","6101d3dd8a5037f20dfc505f","2024-10-11 20:53:38",0,"Desktop","B",9,4,4.888,"4,6",FALSE,"",FALSE,893
"ixmixo92","ypyzgylw","6101d3dd8a5037f20dfc505f","2024-10-11 20:53:38",0,"Desktop","B",7,5,14.587,"5,7",FALSE,"",FALSE,482
"ixmixo92","z1ulr85s","5bc762b0ad6e320001304f95","2024-10-11 21:05:42",1,"Desktop","B",7,1,18.643,"1",FALSE,"",FALSE,481
"ixmixo92","z1ulr85s","5bc762b0ad6e320001304f95","2024-10-11 21:05:42",1,"Desktop","B",6,2,27.728,"2",FALSE,"",FALSE,482
"ixmixo92","z1ulr85s","5bc762b0ad6e320001304f95","2024-10-11 21:05:42",1,"Desktop","B",8,3,10.47,"3",FALSE,"",FALSE,506
"ixmixo92","z1ulr85s","5bc762b0ad6e320001304f95","2024-10-11 21:05:42",1,"Desktop","B",9,4,6.229,"4",FALSE,"",FALSE,893
"ixmixo92","z1ulr85s","5bc762b0ad6e320001304f95","2024-10-11 21:05:42",1,"Desktop","B",5,5,8.337,"5",FALSE,"",FALSE,482
"ixmixo92","z80velxs","662bb5980728ced80aa04876","2024-10-11 21:14:39",1,"Mobile","B",7,1,15.461,"1",FALSE,"",FALSE,389
"ixmixo92","z80velxs","662bb5980728ced80aa04876","2024-10-11 21:14:39",1,"Mobile","B",5,2,17.442,"2",FALSE,"",FALSE,413
"ixmixo92","z80velxs","662bb5980728ced80aa04876","2024-10-11 21:14:39",1,"Mobile","B",9,3,5.811,"3",FALSE,"",FALSE,679
"ixmixo92","z80velxs","662bb5980728ced80aa04876","2024-10-11 21:14:39",1,"Mobile","B",6,4,3.415,"4",FALSE,"",FALSE,389
"ixmixo92","z80velxs","662bb5980728ced80aa04876","2024-10-11 21:14:39",1,"Mobile","B",8,5,11.012,"5",FALSE,"",FALSE,413
"ixmixo92","zh8qnm4l","6101f89f6c68866b1fcb47d0","2024-10-11 21:05:28",0,"Desktop","B",8,1,85.078,"1",FALSE,"",FALSE,517
"ixmixo92","zh8qnm4l","6101f89f6c68866b1fcb47d0","2024-10-11 21:05:28",0,"Desktop","B",7,2,87.735,"2",FALSE,"",FALSE,493
"ixmixo92","zh8qnm4l","6101f89f6c68866b1fcb47d0","2024-10-11 21:05:28",0,"Desktop","B",5,3,6.872,"3",FALSE,"",FALSE,493
"ixmixo92","zh8qnm4l","6101f89f6c68866b1fcb47d0","2024-10-11 21:05:28",0,"Desktop","B",6,4,7.273,"4",FALSE,"",FALSE,493
"ixmixo92","zh8qnm4l","6101f89f6c68866b1fcb47d0","2024-10-11 21:05:28",0,"Desktop","B",9,5,4.637,"5",FALSE,"",FALSE,918
"ixmixo92","zpqsx8d6","66c27d886c71bc59b3f67a74","2024-10-11 20:58:42",0,"Desktop","B",5,1,10.143,"1",FALSE,"",FALSE,481
"ixmixo92","zpqsx8d6","66c27d886c71bc59b3f67a74","2024-10-11 20:58:42",0,"Desktop","B",9,2,2.625,"2",FALSE,"",FALSE,893
"ixmixo92","zpqsx8d6","66c27d886c71bc59b3f67a74","2024-10-11 20:58:42",0,"Desktop","B",6,3,5.74,"3,7",FALSE,"",FALSE,482
"ixmixo92","zpqsx8d6","66c27d886c71bc59b3f67a74","2024-10-11 20:58:42",0,"Desktop","B",8,4,8.068,"4,6,8",FALSE,"",FALSE,506
"ixmixo92","zpqsx8d6","66c27d886c71bc59b3f67a74","2024-10-11 20:58:42",0,"Desktop","B",7,5,10.2,"5,9",FALSE,"",FALSE,482
"ixmixo92","zwtrzh07","6707ed86d0ee814639599e68","2024-10-11 21:10:07",1,"Desktop","B",8,1,13.866,"2,4,12",NA,NA,NA,505
"ixmixo92","zwtrzh07","6707ed86d0ee814639599e68","2024-10-11 21:10:07",1,"Desktop","B",5,2,9.064,"1,3,5,11,13",NA,NA,NA,482
"ixmixo92","zwtrzh07","6707ed86d0ee814639599e68","2024-10-11 21:10:07",1,"Desktop","B",9,3,6.467,"6,10,14",NA,NA,NA,893
"ixmixo92","zwtrzh07","6707ed86d0ee814639599e68","2024-10-11 21:10:07",1,"Desktop","B",7,4,7.848,"7,9,15",NA,NA,NA,482
"ixmixo92","zwtrzh07","6707ed86d0ee814639599e68","2024-10-11 21:10:07",1,"Desktop","B",6,5,7.289,"8,16",NA,NA,NA,482
"ixmixo92","zxay11zs","65d660c112b6238d2be87bdf","2024-10-11 21:15:36",0,"Desktop","B",5,1,13.08,"1",FALSE,"",FALSE,480
"ixmixo92","zxay11zs","65d660c112b6238d2be87bdf","2024-10-11 21:15:36",0,"Desktop","B",7,2,5.35,"2",FALSE,"",FALSE,480
"ixmixo92","zxay11zs","65d660c112b6238d2be87bdf","2024-10-11 21:15:36",0,"Desktop","B",6,3,4.386,"3",FALSE,"",FALSE,480
"ixmixo92","zxay11zs","65d660c112b6238d2be87bdf","2024-10-11 21:15:36",0,"Desktop","B",9,4,4.131,"4",FALSE,"",FALSE,914
"ixmixo92","zxay11zs","65d660c112b6238d2be87bdf","2024-10-11 21:15:36",0,"Desktop","B",8,5,4.965,"5",FALSE,"",FALSE,504
