StartDate,EndDate,Status,IPAddress,Progress,Duration (in seconds),Finished,RecordedDate,ResponseId,RecipientLastName,RecipientFirstName,RecipientEmail,ExternalReference,LocationLatitude,LocationLongitude,DistributionChannel,UserLanguage,Prolific_ID,age,gender,gender_4_TEXT,ethnicity,ethnicity_6_TEXT,uncued_recall,cued_recall,otf,issues,issues_2_TEXT,PROLIFIC_PID,useragent,city,state,postalcode
Start Date,End Date,Response Type,IP Address,Progress,Duration (in seconds),Finished,Recorded Date,Response ID,Recipient Last Name,Recipient First Name,Recipient Email,External Data Reference,Location Latitude,Location Longitude,Distribution Channel,User Language,"What is your Prolific ID?
You may notice that this response field auto-fills with an ID. This should be your personal Prolific ID.

Feel free to adjust it in case you spot an error.",How old are you?,How do you describe yourself? - Selected Choice,How do you describe yourself? - Prefer to self-describe - Text,Choose one or more races that you consider yourself to be. - Selected Choice,Choose one or more races that you consider yourself to be. - Other - Text,"Please list any brands from which you recall having seen an ad in the social media feed you have just browsed.

(If you recall multiple ads, please comma-separate your answer, i.e., ""brand x, organization y, ..."". Type ""n/a"" if you don't recall any ads.)","Please select the brands in the list below from which you recall seeing an ad (i.e., sponsored post) in the feed.","Please use the box below to share your thoughts about the social media feed you just browsed (e.g.,  any aspects you particularly liked or disliked).","Did you encounter any problems, issues, or do you have any comments concerning this study? 
 
If so, we would appreciate your input very much! - Selected Choice","Did you encounter any problems, issues, or do you have any comments concerning this study? 
 
If so, we would appreciate your input very much! - Yes: - Text",PROLIFIC_PID,useragent,city,state,postalcode
"{""ImportId"":""startDate"",""timeZone"":""Europe/Berlin""}","{""ImportId"":""endDate"",""timeZone"":""Europe/Berlin""}","{""ImportId"":""status""}","{""ImportId"":""ipAddress""}","{""ImportId"":""progress""}","{""ImportId"":""duration""}","{""ImportId"":""finished""}","{""ImportId"":""recordedDate"",""timeZone"":""Europe/Berlin""}","{""ImportId"":""_recordId""}","{""ImportId"":""recipientLastName""}","{""ImportId"":""recipientFirstName""}","{""ImportId"":""recipientEmail""}","{""ImportId"":""externalDataReference""}","{""ImportId"":""locationLatitude""}","{""ImportId"":""locationLongitude""}","{""ImportId"":""distributionChannel""}","{""ImportId"":""userLanguage""}","{""ImportId"":""QID2_TEXT""}","{""ImportId"":""QID26_TEXT""}","{""ImportId"":""QID4""}","{""ImportId"":""QID4_4_TEXT""}","{""ImportId"":""QID32""}","{""ImportId"":""QID32_6_TEXT""}","{""ImportId"":""QID11_TEXT""}","{""ImportId"":""QID33""}","{""ImportId"":""QID58_TEXT""}","{""ImportId"":""QID46""}","{""ImportId"":""QID46_2_TEXT""}","{""ImportId"":""PROLIFIC_PID""}","{""ImportId"":""useragent""}","{""ImportId"":""city""}","{""ImportId"":""state""}","{""ImportId"":""postalcode""}"
2024-10-12 00:01:37,2024-10-12 00:02:57,IP Address,24.191.73.186,100,80,True,2024-10-12 00:02:58,R_12nY2fANh1qZhDB,,,,,40.325,-74.2682,anonymous,EN,5f850c99d40bfe1f29078e69,23,Male,,Asian,,apple. samsung,"Apple,Samsung",I didn't like how saturated it was with repetitive content. It had multiple post from 9gag and Samsung,Yes:,,5f850c99d40bfe1f29078e69,Mozilla/5.0 (Macintosh; Intel Mac OS X 10.15; rv:131.0) Gecko/20100101 Firefox/131.0,Manalapan,NJ,07726
2024-10-12 00:01:42,2024-10-12 00:03:24,IP Address,35.146.250.160,100,102,True,2024-10-12 00:03:25,R_1q9JWlf5ABKpy6m,,,,,33.1909,-96.6198,anonymous,EN,67094d6215b6d0fe3e8c3e39,23,Male,,White or Caucasian,,"nintendo ","Apple,Nintendo,Amazon,Sony Playstation",i think it was pretty good and had a mixture of memes and up to date purchasable items!,No,,67094d6215b6d0fe3e8c3e39,"Mozilla/5.0 (Windows NT 10.0; Win64; x64) AppleWebKit/537.36 (KHTML, like Gecko) Chrome/129.0.0.0 Safari/537.36 Edg/129.0.0.0",McKinney,TX,75070
2024-10-12 00:04:50,2024-10-12 00:06:18,IP Address,172.56.209.108,100,88,True,2024-10-12 00:06:19,R_76VWCwx1pXn4uuB,,,,,36.115,-115.2165,anonymous,EN,67086e63d413c8d576ee41d8,21,Male,,White or Caucasian,,"Nintendo ",Sonos,I liked it a lot. The memes were decently funny and most of them were actually accurate. I didn't pay much attention to the ads due to the fact the memes were too good.,Yes:,,67086e63d413c8d576ee41d8,"Mozilla/5.0 (Linux; Android 10; K) AppleWebKit/537.36 (KHTML, like Gecko) Chrome/129.0.0.0 Mobile Safari/537.36",Las Vegas,NV,89110
2024-10-12 00:07:56,2024-10-12 00:09:28,IP Address,50.89.58.211,100,91,True,2024-10-12 00:09:28,R_1FPSnpgS9FuTsti,,,,,29.4843,-81.2042,anonymous,EN,63eac31811a6da58d4f32d76,21,Non-binary / third gender,,White or Caucasian,,n/a,I do not recall any sponsored posts,"I mentally skip over the ads so I'm sorry for not paying attention to them. I tried to make a tweet because it would've been funny. The memes are very stale, boring, and outdated. ",No,,63eac31811a6da58d4f32d76,"Mozilla/5.0 (Windows NT 10.0; Win64; x64) AppleWebKit/537.36 (KHTML, like Gecko) Chrome/129.0.0.0 Safari/537.36",Palm Coast,FL,32164
2024-10-12 00:11:30,2024-10-12 00:13:22,IP Address,184.182.78.183,100,112,True,2024-10-12 00:13:23,R_5aQWYDb29e5ghEN,,,,,36.3195,-115.3414,anonymous,EN,670996a8a22c95fa31ef4fb1,26,Female,,White or Caucasian,,n/a,Samsung,"It seemed like a normal social media feed without the things I typically follow or like. Some basic meems that some were funny, but most were pretty family-friendly, where I typically like dark humor. ",No,,670996a8a22c95fa31ef4fb1,"Mozilla/5.0 (Macintosh; Intel Mac OS X 10_15_7) AppleWebKit/605.1.15 (KHTML, like Gecko) Version/17.6 Safari/605.1.15",Las Vegas,NV,89166
2024-10-12 00:12:08,2024-10-12 00:14:10,IP Address,184.177.145.157,100,121,True,2024-10-12 00:14:10,R_7Qzvd9WldaW1Wvc,,,,,43.673,-114.5007,anonymous,EN,67099ba95a7bf5998a648964,21,Male,,"White or Caucasian,Other",Latino,"Apple, Bose","Bose,Apple,Nintendo,Oura","The memes were funny and engaging although a little bit generic and outdated. The UI was very well made and was functionally identical to Twitter in a good way. ",No,,67099ba95a7bf5998a648964,"Mozilla/5.0 (Windows NT 10.0; Win64; x64) AppleWebKit/537.36 (KHTML, like Gecko) Chrome/127.0.0.0 Safari/537.36 OPR/113.0.0.0",Ketchum,ID,83340
2024-10-12 00:19:44,2024-10-12 00:20:49,IP Address,64.189.16.169,100,64,True,2024-10-12 00:20:49,R_3C7lUee1srhscBr,,,,,35.3024,-80.7204,anonymous,EN,6660d30221253395b7f16487,18,Male,,"White or Caucasian,Native Hawaiian or Other Pacific Islander",,"Bose, Samsung, Apple","Bose,Apple,Nintendo,Samsung","Too many corny jokes, ads were fairly well tailored.",No,,6660d30221253395b7f16487,"Mozilla/5.0 (Macintosh; Intel Mac OS X 10_15_7) AppleWebKit/537.36 (KHTML, like Gecko) Chrome/129.0.0.0 Safari/537.36",Charlotte,NC,28223
2024-10-12 00:18:13,2024-10-12 00:21:36,IP Address,172.85.99.89,100,203,True,2024-10-12 00:21:37,R_7yp7DxkomgMq7Fm,,,,,37.751,-97.822,anonymous,EN,670702f2d0689bac081e5d5f,20,Female,,Black or African American,,Coca-Cola,"Bose,Apple,Microsoft,Spotify,T-Mobile,Amazon","Common aspects people like include engaging visuals, relatable content, and interactive elements like polls or questions. Dislikes often include overly promotional posts or irrelevant ads. If you share what you saw, I can help you reflect on it!",Yes:,"clarity of instructions, the relevance of questions, or the ease of navigation in a survey. ",670702f2d0689bac081e5d5f,"Mozilla/5.0 (Windows NT 10.0; Win64; x64) AppleWebKit/537.36 (KHTML, like Gecko) Chrome/129.0.0.0 Safari/537.36",,,
2024-10-12 00:19:39,2024-10-12 00:21:43,IP Address,68.45.64.138,100,123,True,2024-10-12 00:21:43,R_6eQ1rI6YJrKll01,,,,,39.1215,-86.5784,anonymous,EN,670838416b47219053fcaabe,23,Female,,White or Caucasian,,"Bose headphones, some sleep watch","Bose,Nintendo,Fitbit","I think I liked most of the posts, most of them were funny to me",No,,670838416b47219053fcaabe,"Mozilla/5.0 (X11; CrOS x86_64 14541.0.0) AppleWebKit/537.36 (KHTML, like Gecko) Chrome/127.0.0.0 Safari/537.36",Bloomington,IN,47404
2024-10-12 00:19:40,2024-10-12 00:23:04,IP Address,172.7.140.250,100,203,True,2024-10-12 00:23:05,R_1wKyaoke1MPftxD,,,,,33.6205,-117.9321,anonymous,EN,66589caba43d244f0f3739bf,30,Male,,White or Caucasian,,"Office, snoop dog, memes",Nintendo,It reminded me of my Twitter feed and it was nice because it wasn’t too serious,Yes:,,66589caba43d244f0f3739bf,"Mozilla/5.0 (iPhone; CPU iPhone OS 17_6_1 like Mac OS X) AppleWebKit/605.1.15 (KHTML, like Gecko) Version/17.6 Mobile/15E148 Safari/604.1",Newport Beach,CA,92663
2024-10-12 00:27:08,2024-10-12 00:28:15,IP Address,99.118.108.159,100,67,True,2024-10-12 00:28:16,R_3oBEhV368cCDiM1,,,,,40.1016,-88.2822,anonymous,EN,6708578e2abdc87e8c38b78e,30,Female,,White or Caucasian,,"Bose, Nintendo","Bose,Nintendo","Some funny memes but nothing incredible or worth sharing with friends, either reposting or direct messaging. ",No,,6708578e2abdc87e8c38b78e,"Mozilla/5.0 (Windows NT 10.0; Win64; x64) AppleWebKit/537.36 (KHTML, like Gecko) Chrome/129.0.0.0 Safari/537.36",Champaign,IL,61821
2024-10-12 00:27:43,2024-10-12 00:28:46,IP Address,69.88.38.25,100,63,True,2024-10-12 00:28:47,R_5kHZWxcpH1ffLRy,,,,,39.6343,-77.7337,anonymous,EN,66c2c135a40dec399c0c8f58,30,Female,,Black or African American,,N/a,Nintendo,"It was boring and I was uninterested and unimpressed ",No,,66c2c135a40dec399c0c8f58,"Mozilla/5.0 (iPhone; CPU iPhone OS 18_0 like Mac OS X) AppleWebKit/605.1.15 (KHTML, like Gecko) Version/18.0 Mobile/15E148 Safari/604.1",Hagerstown,MD,21740
2024-10-12 00:27:53,2024-10-12 00:29:02,IP Address,70.120.226.236,100,69,True,2024-10-12 00:29:02,R_60quQPFmXJrn9BP,,,,,31.7775,-106.4903,anonymous,EN,6644ccaf5b872d17ba667944,29,Female,,White or Caucasian,,"Nintendo ",Nintendo,"The website looked great, everything ran well ",No,,6644ccaf5b872d17ba667944,"Mozilla/5.0 (Macintosh; Intel Mac OS X 10_15_7) AppleWebKit/537.36 (KHTML, like Gecko) Chrome/129.0.0.0 Safari/537.36",El Paso,TX,79902
2024-10-12 00:29:19,2024-10-12 00:30:57,IP Address,97.118.224.238,100,97,True,2024-10-12 00:30:57,R_7t4R38BNAmIkVUZ,,,,,39.7628,-105.0263,anonymous,EN,67099bcb59199185f719e426,23,Female,,"White or Caucasian,American Indian/Native American or Alaska Native,Asian",,"Apple, Nintendo, Bose","Bose,Apple,Nintendo,Whoop","I didn't think the posts were particularly funny but liked that it was in an easy to scroll format. I was able to browse essentially the same way I browse my own twitter feed making it feel more natural. ",No,,67099bcb59199185f719e426,"Mozilla/5.0 (Macintosh; Intel Mac OS X 10_15_7) AppleWebKit/605.1.15 (KHTML, like Gecko) Version/17.5 Safari/605.1.15",Denver,CO,80211
2024-10-12 00:33:32,2024-10-12 00:34:54,IP Address,173.233.6.141,100,81,True,2024-10-12 00:34:54,R_7MQJMbx968J6CDu,,,,,40.7003,-80.0351,anonymous,EN,648b61896bde60c2fef683a1,29,Female,,White or Caucasian,,"Apple, Samsung, Apple, Whoop? ","Apple,Nintendo,Whoop","I enjoyed scrolling thru the social media feed. The memes were amusing and funny and I was entertained. ",No,,648b61896bde60c2fef683a1,"Mozilla/5.0 (iPhone; CPU iPhone OS 17_6_1 like Mac OS X) AppleWebKit/605.1.15 (KHTML, like Gecko) Version/17.6 Mobile/15E148 Safari/604.1",Gibsonia,PA,15044
2024-10-12 00:34:02,2024-10-12 00:35:03,IP Address,47.33.103.17,100,61,True,2024-10-12 00:35:03,R_19ohBqvNWuPVIM2,,,,,34.0706,-117.9393,anonymous,EN,66bfe5ecc23f1e2109f144d6,27,Male,,Asian,,"Nintendo of America, Bose, Apple","Bose,Apple,Nintendo","Pretty good memes and a lot of tech ads. ",No,,66bfe5ecc23f1e2109f144d6,Mozilla/5.0 (Windows NT 10.0; Win64; x64; rv:126.0) Gecko/20100101 Firefox/126.0,West Covina,CA,91790
2024-10-12 00:36:08,2024-10-12 00:36:58,IP Address,168.92.232.85,100,50,True,2024-10-12 00:36:59,R_57dl16WzFNrnu6d,,,,,33.4306,-111.9256,anonymous,EN,655fa1d61a31921e732c6447,20,Female,,Asian,,nintendo,"Nintendo,Beats by Dre",I'm not a huge fan of memes on my social media feed,No,,655fa1d61a31921e732c6447,"Mozilla/5.0 (Windows NT 10.0; Win64; x64) AppleWebKit/537.36 (KHTML, like Gecko) Chrome/129.0.0.0 Safari/537.36",Tempe,AZ,85281
2024-10-12 00:37:30,2024-10-12 00:38:23,IP Address,35.151.41.53,100,52,True,2024-10-12 00:38:23,R_51UnUY2r9sMHOVj,,,,,35.2612,-120.655,anonymous,EN,65d51baa9930b7a969cca0f7,21,Female,,Asian,,n/a,"Whoop,Sony Playstation,Sonos,Logitech",I thought the memes were funny and relatable to me,No,,65d51baa9930b7a969cca0f7,"Mozilla/5.0 (Macintosh; Intel Mac OS X 10_15_7) AppleWebKit/537.36 (KHTML, like Gecko) Chrome/129.0.0.0 Safari/537.36",San Luis Obispo,CA,93401
2024-10-12 00:37:47,2024-10-12 00:39:51,IP Address,108.147.93.41,100,124,True,2024-10-12 00:39:51,R_5gfWwugVj70Z5Jv,,,,,37.6736,-122.0944,anonymous,EN,664662d0e586193a0ca4267e,19,Male,,Asian,,"Apple, Bose, Samsung, Nintendo","Bose,Apple,Nintendo,Samsung,JBL","Most of the ads are for products I already know about, so I’m indifferent to them and just scroll past.",No,,664662d0e586193a0ca4267e,"Mozilla/5.0 (iPhone; CPU iPhone OS 18_0 like Mac OS X) AppleWebKit/605.1.15 (KHTML, like Gecko) CriOS/129.0.6668.69 Mobile/15E148 Safari/604.1",Santa Clara,CA,95054
2024-10-12 00:37:46,2024-10-12 00:40:08,IP Address,75.143.121.219,100,141,True,2024-10-12 00:40:08,R_1dGuLSjjUcigz3b,,,,,33.1939,-86.7916,anonymous,EN,627ebc31883c7dd7c2220c7e,20,Female,,White or Caucasian,,"headphones, photoshop, nintendo switch","Apple,Nintendo,T-Mobile,Beats by Dre",It was a little funny but there was nothing memorable about it. There was nothing in particular that I liked or disliked.,No,,627ebc31883c7dd7c2220c7e,"Mozilla/5.0 (Windows NT 10.0; Win64; x64) AppleWebKit/537.36 (KHTML, like Gecko) Chrome/129.0.0.0 Safari/537.36",Alabaster,AL,35007
2024-10-12 00:39:45,2024-10-12 00:41:05,IP Address,73.71.80.241,100,79,True,2024-10-12 00:41:05,R_5hAwykVlWmW672c,,,,,37.374,-121.8595,anonymous,EN,66c5675abf53f88ce4c06bd9,29,Female,,Asian,,"Bose, Whomp","Bose,Nintendo,Whoop",The posts were funny.,No,,66c5675abf53f88ce4c06bd9,Mozilla/5.0 (Windows NT 10.0; Win64; x64; rv:131.0) Gecko/20100101 Firefox/131.0,San Jose,CA,95133
2024-10-12 00:39:45,2024-10-12 00:41:37,IP Address,207.246.166.114,100,112,True,2024-10-12 00:41:37,R_7kNX5wLHuUxfjSa,,,,,40.4591,-90.6805,anonymous,EN,66345b09ea001b206337c602,22,Female,,Black or African American,,"nintendo, smart watch","Bose,Nintendo,Fitbit","i thought that the memes were pretty funny, just maybe a bit outdated.",No,,66345b09ea001b206337c602,"Mozilla/5.0 (Macintosh; Intel Mac OS X 10_15_7) AppleWebKit/537.36 (KHTML, like Gecko) Chrome/129.0.0.0 Safari/537.36",Macomb,IL,61455
2024-10-12 00:42:47,2024-10-12 00:43:18,IP Address,104.182.67.85,100,30,True,2024-10-12 00:43:19,R_3C2eMMTFuvwCUjD,,,,,32.7449,-117.165,anonymous,EN,628657b7caedf309ae8e806e,26,Male,,White or Caucasian,,Apple,Apple,There were some pretty funny memes,No,,628657b7caedf309ae8e806e,"Mozilla/5.0 (iPhone; CPU iPhone OS 18_0 like Mac OS X) AppleWebKit/605.1.15 (KHTML, like Gecko) CriOS/129.0.6668.69 Mobile/15E148 Safari/604.1",San Diego,CA,92103
2024-10-12 00:42:30,2024-10-12 00:43:37,IP Address,73.42.161.252,100,67,True,2024-10-12 00:43:37,R_6EXS6TjarI8VjrQ,,,,,47.6176,-122.1424,anonymous,EN,63f7ac13d942e94c18c92d4b,25,Male,,Asian,,"Apple, Samsung","Apple,Nintendo,Samsung",I think sponsored content should be clearly indicated to help people differentiate and understand.,No,,63f7ac13d942e94c18c92d4b,"Mozilla/5.0 (Windows NT 10.0; Win64; x64) AppleWebKit/537.36 (KHTML, like Gecko) Chrome/129.0.0.0 Safari/537.36",Bellevue,WA,98004
2024-10-12 00:43:52,2024-10-12 00:45:20,IP Address,65.34.212.229,100,87,True,2024-10-12 00:45:20,R_1OHpoDwt2afCN60,,,,,27.3182,-80.3524,anonymous,EN,5fc6d0e5563ad810513c9c7a,22,Female,,White or Caucasian,,"Bose, Nintendo, Samsung","Bose,Apple,Nintendo,Samsung,Fitbit","There were a lot of memes that I related too and the ads weren't the most annoying ones I've seen, so I was happy.",No,,5fc6d0e5563ad810513c9c7a,"Mozilla/5.0 (Windows NT 10.0; Win64; x64) AppleWebKit/537.36 (KHTML, like Gecko) Chrome/127.0.0.0 Safari/537.36 OPR/113.0.0.0",Port Saint Lucie,FL,34953
2024-10-12 00:43:33,2024-10-12 00:45:23,IP Address,97.64.72.152,100,109,True,2024-10-12 00:45:24,R_5cskjoQZPAvFyrn,,,,,35.6096,-88.8143,anonymous,EN,656427c004ff9019381f0e21,26,Female,,Black or African American,,N/A,"Nintendo,Sony Playstation,Fitbit,Logitech",I liked the concepts that were shared on Twitter.,No,,656427c004ff9019381f0e21,"Mozilla/5.0 (iPhone; CPU iPhone OS 16_0 like Mac OS X) AppleWebKit/605.1.15 (KHTML, like Gecko) Version/16.0 Mobile/15E148 Safari/604.1",Jackson,TN,38301
2024-10-12 00:44:51,2024-10-12 00:45:46,IP Address,73.92.111.67,100,54,True,2024-10-12 00:45:46,R_6aSfTff7em3fwcN,,,,,37.4073,-121.939,anonymous,EN,65cb7c1cdf8ff14e2355c5e6,22,Female,,Asian,,n/a,I do not recall any sponsored posts,"my feed all consisted of memes. I really enjoyed it, it reminded me of memes I would love when I was younger",No,,65cb7c1cdf8ff14e2355c5e6,"Mozilla/5.0 (Macintosh; Intel Mac OS X 10_15_7) AppleWebKit/537.36 (KHTML, like Gecko) Chrome/129.0.0.0 Safari/537.36",San Jose,CA,95134
2024-10-12 00:44:53,2024-10-12 00:46:01,IP Address,69.77.149.179,100,67,True,2024-10-12 00:46:01,R_3ndcEIxpvDquRXu,,,,,36.3752,-81.4893,anonymous,EN,6703dfc4ad5997b1fef3dd71,29,Female,,White or Caucasian,,I don't know,I do not recall any sponsored posts,"It was okay. Just some regular tuff ",No,,6703dfc4ad5997b1fef3dd71,"Mozilla/5.0 (Linux; Android 10; K) AppleWebKit/537.36 (KHTML, like Gecko) Chrome/129.0.0.0 Mobile Safari/537.36",West Jefferson,NC,28694
2024-10-12 00:44:54,2024-10-12 00:46:30,IP Address,66.41.111.96,100,96,True,2024-10-12 00:46:31,R_62L53KIaZalvKq9,,,,,44.9856,-93.2655,anonymous,EN,6100b6365a3b961d941f7071,25,Female,,White or Caucasian,,Nintendo,Nintendo,"Some of the memes were funny, but a lot of them seemed made to have such a general appeal that they didn't really raise anything particularly insightful or surprisingly funny.",No,,6100b6365a3b961d941f7071,"Mozilla/5.0 (Macintosh; Intel Mac OS X 10_15_7) AppleWebKit/537.36 (KHTML, like Gecko) Chrome/129.0.0.0 Safari/537.36",Minneapolis,MN,55401
2024-10-12 00:41:17,2024-10-12 00:46:56,IP Address,172.58.1.206,100,339,True,2024-10-12 00:46:56,R_3axJ7vdVd5rpyol,,,,,33.7474,-84.3747,anonymous,EN,5c27f83289f035000174a168,26,Male,,Black or African American,,Nintendo switch,"Bose,Nintendo",I liked the funny SpongeBob memes. Especially the one about being worried your coworker would report you to hr. for your dark humor.,No,,5c27f83289f035000174a168,"Mozilla/5.0 (Windows NT 10.0; Win64; x64) AppleWebKit/537.36 (KHTML, like Gecko) Chrome/129.0.0.0 Safari/537.36 Edg/129.0.0.0",Atlanta,GA,30310
2024-10-12 00:45:38,2024-10-12 00:47:12,IP Address,73.74.247.233,100,93,True,2024-10-12 00:47:13,R_6rFL9Z8HXBTfMtP,,,,,41.7609,-88.0151,anonymous,EN,63d010f71e1bb2f111b4e539,27,Male,,Black or African American,,"Apple, SpongeBob, ",Fitbit,Some of the stuff was actually funny. I only browse for comedy so it was good to me,No,,63d010f71e1bb2f111b4e539,"Mozilla/5.0 (Linux; Android 10; K) AppleWebKit/537.36 (KHTML, like Gecko) SamsungBrowser/26.0 Chrome/122.0.0.0 Mobile Safari/537.36",Lombard,IL,60148
2024-10-12 00:46:17,2024-10-12 00:47:15,IP Address,173.169.34.66,100,58,True,2024-10-12 00:47:15,R_5wveEY3qNWYPKE1,,,,,28.0117,-82.582,anonymous,EN,5f1effba0d1bdb07fc88147d,22,Female,,White or Caucasian,,n/a,I do not recall any sponsored posts,I liked the feed and the posts were funny. I didn't notice many ads and was able to easily tune out any ads I did see.,No,,5f1effba0d1bdb07fc88147d,"Mozilla/5.0 (Windows NT 10.0; Win64; x64) AppleWebKit/537.36 (KHTML, like Gecko) Chrome/128.0.0.0 Safari/537.36",Tampa,FL,33615
2024-10-12 00:46:23,2024-10-12 00:48:14,IP Address,73.153.6.134,100,110,True,2024-10-12 00:48:14,R_1DoxTF0oXZmEnsO,,,,,39.8661,-104.9197,anonymous,EN,660b4557e039545d9750868c,30,Female,,White or Caucasian,,"apple, samsung, bose","Bose,Apple,Samsung",They were all fairly good memes. I laughed a few times. There weren't too many adds,No,,660b4557e039545d9750868c,"Mozilla/5.0 (Windows NT 10.0; Win64; x64) AppleWebKit/537.36 (KHTML, like Gecko) Chrome/129.0.0.0 Safari/537.36",Thornton,CO,80229
2024-10-12 00:47:06,2024-10-12 00:48:18,IP Address,75.81.138.153,100,71,True,2024-10-12 00:48:19,R_6RgeMFcT3K7GAsz,,,,,38.9321,-94.4983,anonymous,EN,6669b1a813bb274295470882,22,Female,,Native Hawaiian or Other Pacific Islander,,Bose,"Bose,Nintendo,Beats by Dre,Fitbit",The posts were very low quality.,No,,6669b1a813bb274295470882,Mozilla/5.0 (Windows NT 10.0; Win64; x64; rv:131.0) Gecko/20100101 Firefox/131.0,Kansas City,MO,64134
2024-10-12 00:47:29,2024-10-12 00:49:31,IP Address,148.74.160.171,100,121,True,2024-10-12 00:49:32,R_6fuzhhFNCWpUiXO,,,,,40.9271,-72.6509,anonymous,EN,6706833dcea7f4813f7ebfb6,28,Female,,White or Caucasian,,Bose,Bose,"It was okay, but the memes were not super funny. ",No,,6706833dcea7f4813f7ebfb6,"Mozilla/5.0 (iPhone; CPU iPhone OS 18_0_1 like Mac OS X) AppleWebKit/605.1.15 (KHTML, like Gecko) Version/18.0.1 Mobile/15E148 Safari/604.1",Riverhead,NY,11901
2024-10-12 00:48:06,2024-10-12 00:49:31,IP Address,73.5.212.53,100,85,True,2024-10-12 00:49:32,R_3hAs8lRqCAZtFRQ,,,,,29.1254,-82.0076,anonymous,EN,66be0314cbc4fc351df839a0,18,Female,,"White or Caucasian,Black or African American",,Nintendo,"Bose,Nintendo",I liked that I could actually scroll through the feed and like the different posts. There wasn't anything that I disliked.,No,,66be0314cbc4fc351df839a0,"Mozilla/5.0 (Windows NT 10.0; Win64; x64) AppleWebKit/537.36 (KHTML, like Gecko) Chrome/129.0.0.0 Safari/537.36",Ocala,FL,34472
2024-10-12 00:49:02,2024-10-12 00:50:06,IP Address,98.180.26.200,100,64,True,2024-10-12 00:50:06,R_6SuTrMCkBjES5Nd,,,,,29.1995,-82.0858,anonymous,EN,5dd6f5c14a113a69437e9d30,25,Female,,White or Caucasian,,"Apple, Nike, etc.","Apple,Nintendo,JBL",I liked most of the stuff posted because I can relate to them.,No,,5dd6f5c14a113a69437e9d30,"Mozilla/5.0 (Windows NT 10.0; Win64; x64) AppleWebKit/537.36 (KHTML, like Gecko) Chrome/129.0.0.0 Safari/537.36",Ocala,FL,34470
2024-10-12 00:47:58,2024-10-12 00:50:13,IP Address,98.97.141.64,100,134,True,2024-10-12 00:50:14,R_5t6jedIf4ODGQhD,,,,,34.0544,-118.2441,anonymous,EN,5ddb6cd57cc973aace60252d,29,Female,,Other,,"whoop, I think there was an apple one too?","Apple,Whoop",the feed was okay the memes are pretty old. it's insane i cant remember the ads at all. oh i just remembered another one there was a Nintendo switch lite ad,No,,5ddb6cd57cc973aace60252d,"Mozilla/5.0 (Macintosh; Intel Mac OS X 10_15_7) AppleWebKit/605.1.15 (KHTML, like Gecko) Version/18.0 Safari/605.1.15",Los Angeles,CA,90060
2024-10-12 00:50:23,2024-10-12 00:51:40,IP Address,69.136.24.109,100,76,True,2024-10-12 00:51:40,R_6WUPF8gi6OL4Fi2,,,,,26.6067,-81.9507,anonymous,EN,5c49d7e81d71af000187175e,26,Male,,White or Caucasian,,"Apple, Bose","Bose,Apple",I don't like the memes that were shown.,No,,5c49d7e81d71af000187175e,"Mozilla/5.0 (Linux; Android 10; K) AppleWebKit/537.36 (KHTML, like Gecko) Chrome/128.0.0.0 Safari/537.36",Cape Coral,FL,33904
2024-10-12 00:47:11,2024-10-12 00:52:06,IP Address,24.125.50.202,100,294,True,2024-10-12 00:52:07,R_6VeHbsKxJ8z66ow,,,,,33.7228,-83.9976,anonymous,EN,666cea302aed5d69578ada33,27,Female,,Black or African American,,"Nintendo, Samsung, Whoop, Bose, Apple","Bose,Apple,Nintendo,Whoop,Samsung","For the most part, the Ads were spaced out, which I like. However, towards the end they were only a few normal posts between different ads. I found that a little annoying. The ads being about things I would think of buying made their presence minimally intrusive.",No,,666cea302aed5d69578ada33,"Mozilla/5.0 (Windows NT 10.0; Win64; x64) AppleWebKit/537.36 (KHTML, like Gecko) Chrome/129.0.0.0 Safari/537.36",Conyers,GA,30012
2024-10-12 00:50:18,2024-10-12 00:52:08,IP Address,107.77.218.124,100,109,True,2024-10-12 00:52:08,R_7mEjqN1RrzS14SR,,,,,29.6918,-95.6526,anonymous,EN,668b37077c15ef8634f2121c,27,Non-binary / third gender,,Other,,"samsung, iphone","Bose,Apple,Nintendo,Samsung",It was kinda boring but slightly funny.,No,,668b37077c15ef8634f2121c,Mozilla/5.0 (Windows NT 10.0; Win64; x64; rv:132.0) Gecko/20100101 Firefox/132.0,Austin,TX,78754
2024-10-12 00:51:41,2024-10-12 00:52:35,IP Address,140.177.138.242,100,53,True,2024-10-12 00:52:36,R_3auCmDl1S07yrfz,,,,,40.6839,-89.5611,anonymous,EN,6107b258c4fd1903e993fa56,22,Female,,White or Caucasian,,n/a,I do not recall any sponsored posts,"I liked how clean it was, and some of the content. It looks easily accessible.",No,,6107b258c4fd1903e993fa56,"Mozilla/5.0 (Windows NT 10.0; Win64; x64) AppleWebKit/537.36 (KHTML, like Gecko) Chrome/127.0.0.0 Safari/537.36 OPR/113.0.0.0 (Edition std-1)",East Peoria,IL,61611
2024-10-12 00:51:50,2024-10-12 00:53:13,IP Address,174.209.199.169,100,83,True,2024-10-12 00:53:14,R_6rDeqvsPdfAvdYT,,,,,33.7838,-84.4455,anonymous,EN,664cf13fdb4407ac502a37e4,25,Male,,White or Caucasian,,Nintendo,Nintendo,"I liked the memes and I liked that there was no political discussion ",No,,664cf13fdb4407ac502a37e4,"Mozilla/5.0 (iPhone; CPU iPhone OS 18_0 like Mac OS X) AppleWebKit/605.1.15 (KHTML, like Gecko) Version/18.0 Mobile/15E148 Safari/604.1",Atlanta,GA,30339
2024-10-12 00:51:35,2024-10-12 00:53:59,IP Address,99.98.38.246,100,144,True,2024-10-12 00:54:00,R_3WKy2AMxIzvnEDD,,,,,29.6285,-98.437,anonymous,EN,63b703a29611ae603966dac3,26,Female,,Black or African American,,i remember seeing ads but not specifically so n/a,Nintendo,those memes were actually funny and i had an urge to screenshot like i would regularly do,No,,63b703a29611ae603966dac3,"Mozilla/5.0 (Windows NT 10.0; Win64; x64) AppleWebKit/537.36 (KHTML, like Gecko) Chrome/129.0.0.0 Safari/537.36 Edg/129.0.0.0",San Antonio,TX,78259
2024-10-12 00:53:02,2024-10-12 00:54:00,IP Address,163.123.25.125,100,57,True,2024-10-12 00:54:01,R_34JoeAgNVQvZzOq,,,,,47.9259,-97.0267,anonymous,EN,5bb9cca600312000015713d8,30,Male,,White or Caucasian,,"Nintendo, Apple","Apple,Nintendo,Beats by Dre",Those were not my type of memes.,No,,5bb9cca600312000015713d8,"Mozilla/5.0 (X11; Linux x86_64) AppleWebKit/537.36 (KHTML, like Gecko) Chrome/129.0.0.0 Safari/537.36",East Grand Forks,MN,56721
2024-10-12 00:52:44,2024-10-12 00:54:33,IP Address,173.24.218.169,100,108,True,2024-10-12 00:54:33,R_55vycm9ZImhMvfV,,,,,31.5493,-84.0818,anonymous,EN,6672d8756129fc9217ceb0d1,25,Male,,Black or African American,,N/A,I do not recall any sponsored posts,The only thing I can say is that some of the memes were funny.,No,,6672d8756129fc9217ceb0d1,"Mozilla/5.0 (Windows NT 10.0; Win64; x64) AppleWebKit/537.36 (KHTML, like Gecko) Chrome/129.0.0.0 Safari/537.36",Albany,GA,31705
2024-10-12 00:51:56,2024-10-12 00:55:34,IP Address,73.135.98.167,100,218,True,2024-10-12 00:55:35,R_7CT9PIJJA6wqiff,,,,,39.5952,-77.8911,anonymous,EN,65fa0e79a7fdcf0438102496,30,Female,,White or Caucasian,,"Bose, samsung","Bose,Nintendo,Samsung","It was fine. There are a lot more ads mixed in with Twitter's feed in reality, so it was nice not to see as many. ",No,,65fa0e79a7fdcf0438102496,"Mozilla/5.0 (Windows NT 10.0; Win64; x64) AppleWebKit/537.36 (KHTML, like Gecko) Chrome/128.0.0.0 Safari/537.36",Martinsburg,WV,25404
2024-10-12 00:54:42,2024-10-12 00:56:13,IP Address,68.189.13.71,100,90,True,2024-10-12 00:56:13,R_7v7xiOFwfbY2WYh,,,,,36.9102,-121.7564,anonymous,EN,5c552224f979a40001c44e4d,29,Male,,"White or Caucasian,American Indian/Native American or Alaska Native",,Nintendo,Nintendo,"My Twitter content is usually more political in nature, so this was  a bit different for me.",No,,5c552224f979a40001c44e4d,"Mozilla/5.0 (Windows NT 10.0; Win64; x64) AppleWebKit/537.36 (KHTML, like Gecko) Chrome/129.0.0.0 Safari/537.36 Edg/129.0.0.0",Watsonville,CA,95076
2024-10-12 00:56:29,2024-10-12 00:57:08,IP Address,71.204.166.252,100,39,True,2024-10-12 00:57:09,R_5U6rfm5C7NNIv3g,,,,,37.2692,-121.845,anonymous,EN,5dda51f040460e9a0f5f6a70,22,Male,,Asian,,n/a,Bose,"I liked the memes, but it felt lacking in variety",No,,5dda51f040460e9a0f5f6a70,"Mozilla/5.0 (Windows NT 10.0; Win64; x64) AppleWebKit/537.36 (KHTML, like Gecko) Chrome/129.0.0.0 Safari/537.36",San Jose,CA,95111
2024-10-12 00:55:30,2024-10-12 00:57:48,IP Address,47.187.126.86,100,137,True,2024-10-12 00:57:48,R_8wMsQMonHbjsgSz,,,,,32.961,-96.9841,anonymous,EN,669182858aba6fb03faa14f2,19,Male,,White or Caucasian,,"Apple, some smart watch company, Nintendo","Apple,Nintendo,Fitbit","A lot of the memes were very unfunny. A few got a reactionary ""Hah, that's so true that it's funny"", but otherwise, dreadfully unfunny. It seemed very oriented towards boomers and millennials. ",No,,669182858aba6fb03faa14f2,"Mozilla/5.0 (Windows NT 10.0; Win64; x64) AppleWebKit/537.36 (KHTML, like Gecko) Chrome/129.0.0.0 Safari/537.36",Coppell,TX,75019
2024-10-12 00:56:42,2024-10-12 00:58:07,IP Address,75.172.35.218,100,85,True,2024-10-12 00:58:07,R_7aLTrNuZprgDiR6,,,,,47.5357,-122.3503,anonymous,EN,610e063896c52970e2c24bb5,21,Female,,White or Caucasian,,"apple, samsung","Apple,Samsung,Amazon,Sony Playstation","a lot of memes, few adds.",No,,610e063896c52970e2c24bb5,"Mozilla/5.0 (Windows NT 10.0; Win64; x64) AppleWebKit/537.36 (KHTML, like Gecko) Chrome/129.0.0.0 Safari/537.36",Seattle,WA,98108
2024-10-12 00:57:22,2024-10-12 00:58:14,IP Address,24.240.24.239,100,52,True,2024-10-12 00:58:15,R_1AwMu2PmyFOcYet,,,,,33.5325,-83.8547,anonymous,EN,6314d97aa02af651ea1a9591,21,Male,,White or Caucasian,,"Nintendo, FitBit, Samsung ","Nintendo,Samsung,Fitbit","All from the same account ",No,,6314d97aa02af651ea1a9591,"Mozilla/5.0 (X11; Linux x86_64) AppleWebKit/537.36 (KHTML, like Gecko) Chrome/126.0.0.0 Safari/537.36",McDonough,GA,30253
2024-10-12 00:56:29,2024-10-12 00:58:20,IP Address,108.184.161.108,100,111,True,2024-10-12 00:58:20,R_1JruR6DIMg1p1dk,,,,,34.1091,-117.7126,anonymous,EN,61004696895aeda4629ecd6e,29,Female,,White or Caucasian,,n/a,I do not recall any sponsored posts,"Some of the memes were funny but most posts were for a younger demographic. It wasn't a feed that really stuck out to me or one I would pay much attention too.  ",No,,61004696895aeda4629ecd6e,"Mozilla/5.0 (X11; CrOS x86_64 14541.0.0) AppleWebKit/537.36 (KHTML, like Gecko) Chrome/129.0.0.0 Safari/537.36",Claremont,CA,91711
2024-10-12 00:57:32,2024-10-12 00:58:29,IP Address,104.51.229.67,100,57,True,2024-10-12 00:58:30,R_3cA7K8EWJkq5NXn,,,,,38.5759,-90.5167,anonymous,EN,665e49cc2758155528c8812d,30,Male,,White or Caucasian,,Bose,Bose,Very much like twitter. Memes mixed with ads. Usually quickly scroll past ads.,No,,665e49cc2758155528c8812d,"Mozilla/5.0 (Linux; Android 10; K) AppleWebKit/537.36 (KHTML, like Gecko) Chrome/129.0.0.0 Mobile Safari/537.36",Ballwin,MO,63021
2024-10-12 00:58:28,2024-10-12 00:59:50,IP Address,174.242.68.245,100,82,True,2024-10-12 00:59:51,R_1Xeh1ITIwJV5OVP,,,,,42.3562,-71.0631,anonymous,EN,65de09d5b564cfa85d360bba,28,Female,,White or Caucasian,,Bose,Bose,"I liked how the social media feed was memes with funny captions very entertaining. ",No,,65de09d5b564cfa85d360bba,"Mozilla/5.0 (iPhone; CPU iPhone OS 17_4_1 like Mac OS X) AppleWebKit/605.1.15 (KHTML, like Gecko) Version/17.4.1 Mobile/15E148 Safari/604.1",Boston,MA,02121
2024-10-12 00:58:26,2024-10-12 01:00:05,IP Address,172.119.213.83,100,98,True,2024-10-12 01:00:05,R_76fQbUjTXzNrxVD,,,,,34.1301,-117.2044,anonymous,EN,5d24e7aec81128001721628f,29,Female,,"White or Caucasian,American Indian/Native American or Alaska Native",,"Nintendo, Samsung ","Nintendo,Samsung,Sony Playstation",I liked that it was all memes because I like memes. I never really like ads and usually ignore them.,No,,5d24e7aec81128001721628f,"Mozilla/5.0 (iPhone; CPU iPhone OS 18_0 like Mac OS X) AppleWebKit/605.1.15 (KHTML, like Gecko) Version/18.0 Mobile/15E148 Safari/604.1",Highland,CA,92346
2024-10-12 00:58:44,2024-10-12 01:00:17,IP Address,47.14.114.25,100,92,True,2024-10-12 01:00:17,R_70OE9MkQjPN0qzb,,,,,42.1753,-71.6017,anonymous,EN,665a433b5cf2b3fc75ec044e,26,Male,,Other,middle eastern,"Nintendo, Whoop. Samsung","Nintendo,Whoop,Samsung","The memes were pretty good and fairly general in scope, so they could be relatable for a lot of people. Many are things I may see on my own feed.",No,,665a433b5cf2b3fc75ec044e,"Mozilla/5.0 (Windows NT 10.0; Win64; x64) AppleWebKit/537.36 (KHTML, like Gecko) Chrome/129.0.0.0 Safari/537.36",Upton,MA,01568
2024-10-12 00:58:35,2024-10-12 01:00:31,IP Address,172.56.17.166,100,116,True,2024-10-12 01:00:31,R_5Jwk1Q3pbEHbG1j,,,,,41.8986,-87.738,anonymous,EN,6616b1b89d3d1f07f19364c8,25,Female,,Black or African American,,N/a,Sony Playstation,"I loved scrolling on this social media feed it was fun, humorous and entertaining to read.",No,,6616b1b89d3d1f07f19364c8,"Mozilla/5.0 (iPhone; CPU iPhone OS 17_0_3 like Mac OS X) AppleWebKit/605.1.15 (KHTML, like Gecko) Version/17.0.1 Mobile/15E148 Safari/604.1",Chicago,IL,60638
2024-10-12 00:59:49,2024-10-12 01:00:38,IP Address,74.76.130.160,100,48,True,2024-10-12 01:00:38,R_5p0YVKpZQ39dSTv,,,,,43.0592,-73.7356,anonymous,EN,6665e83f4ecaa61a4f9b6fc7,27,Female,,White or Caucasian,,"bose ",Bose,"I liked the memes or the relatable commentary. ",No,,6665e83f4ecaa61a4f9b6fc7,"Mozilla/5.0 (Macintosh; Intel Mac OS X 10_15_7) AppleWebKit/537.36 (KHTML, like Gecko) Chrome/129.0.0.0 Safari/537.36",Saratoga Springs,NY,12866
2024-10-12 00:59:19,2024-10-12 01:01:44,IP Address,172.58.52.67,100,144,True,2024-10-12 01:01:45,R_3ttIOasx2bsek1j,,,,,29.7335,-95.5564,anonymous,EN,66f5a4545710bb2274271e49,27,Female,,Black or African American,,"Apple, Samsung","Apple,Samsung",The tweets are hilarious,No,,66f5a4545710bb2274271e49,"Mozilla/5.0 (Windows NT 10.0; Win64; x64) AppleWebKit/537.36 (KHTML, like Gecko) Chrome/128.0.0.0 Safari/537.36",Houston,TX,77043
2024-10-12 01:00:16,2024-10-12 01:02:08,IP Address,174.80.147.131,100,111,True,2024-10-12 01:02:08,R_7IOroW5p7hwkMhP,,,,,34.0114,-85.2471,anonymous,EN,66a010648f894511e8f772b4,22,Female,,White or Caucasian,,"IKEA, beats","Beats by Dre,Fitbit",I saw more memes than anything which I thought  all where at least a little funny.,No,,66a010648f894511e8f772b4,"Mozilla/5.0 (iPhone; CPU iPhone OS 18_0 like Mac OS X) AppleWebKit/605.1.15 (KHTML, like Gecko) Version/18.0 Mobile/15E148 Safari/604.1",Cedartown,GA,30125
2024-10-12 01:00:24,2024-10-12 01:02:08,IP Address,172.56.93.16,100,104,True,2024-10-12 01:02:09,R_50cX8IyCf9d8KDT,,,,,29.4411,-98.4936,anonymous,EN,60ff1e2673de1b1e09dfaf59,25,Female,,White or Caucasian,,"Bose,Apple","Bose,Apple",I thought most of the memes were actually funny and relatable.,No,,60ff1e2673de1b1e09dfaf59,"Mozilla/5.0 (iPhone; CPU iPhone OS 17_5_1 like Mac OS X) AppleWebKit/605.1.15 (KHTML, like Gecko) Version/17.5 Mobile/15E148 Safari/604.1",Austin,TX,78722
2024-10-12 01:00:38,2024-10-12 01:02:29,IP Address,64.54.15.151,100,111,True,2024-10-12 01:02:29,R_3p4ir8cGQmob6DN,,,,,37.7562,-122.4866,anonymous,EN,66887dc2c86cfc62e8bec753,22,Female,,Black or African American,,There was an ad for Whoo.me. I believe that is what it is called. It opened in a separate browser.,Whoop,"I believe that the social media feed reflected social media in the early 2010s, before it became heavily polarized and politicized. Especially compared to Twitter nowadays.",No,,66887dc2c86cfc62e8bec753,"Mozilla/5.0 (Macintosh; Intel Mac OS X 10_15_7) AppleWebKit/605.1.15 (KHTML, like Gecko) Version/17.6 Safari/605.1.15",San Francisco,CA,94110
2024-10-12 01:01:41,2024-10-12 01:02:54,IP Address,216.106.142.65,100,73,True,2024-10-12 01:02:55,R_5t3gyZRZNFCLlE5,,,,,37.2532,-80.4347,anonymous,EN,6679c981cc92cb42a0ed3478,21,Non-binary / third gender,,White or Caucasian,,"Nintendo, 9Gag",Nintendo,I wish I could view more profile information. Thank you.,Yes:,Thank you so much!,6679c981cc92cb42a0ed3478,"Mozilla/5.0 (X11; Linux x86_64) AppleWebKit/537.36 (KHTML, like Gecko) Chrome/129.0.0.0 Safari/537.36",Blacksburg,VA,24060
2024-10-12 01:01:13,2024-10-12 01:03:14,IP Address,172.59.197.28,100,121,True,2024-10-12 01:03:15,R_7dmAD6oD7kc9HGQ,,,,,32.6609,-97.0342,anonymous,EN,6691a7b8f8e4de298758ae93,29,Male,,Other,"Latino ","Samsung, apple, Nintendo ","Apple,Nintendo,Samsung","Just a bunch of memes . Alright I guess ",No,,6691a7b8f8e4de298758ae93,"Mozilla/5.0 (Linux; Android 10; K) AppleWebKit/537.36 (KHTML, like Gecko) Chrome/129.0.0.0 Mobile Safari/537.36",Dallas,TX,75287
2024-10-12 01:02:23,2024-10-12 01:03:16,IP Address,160.19.11.193,100,52,True,2024-10-12 01:03:16,R_6l1NRNdcbs2t9kt,,,,,37.5438,-77.5029,anonymous,EN,6643dafa662725412dc25a3e,30,Female,,White or Caucasian,,Bose,Bose,"Not funny to me. Probably wouldn’t follow this account. ",No,,6643dafa662725412dc25a3e,"Mozilla/5.0 (iPhone; CPU iPhone OS 17_6_1 like Mac OS X) AppleWebKit/605.1.15 (KHTML, like Gecko) Version/17.6 Mobile/15E148 Safari/604.1",Richmond,VA,23260
2024-10-12 01:01:02,2024-10-12 01:03:18,IP Address,24.210.196.209,100,136,True,2024-10-12 01:03:19,R_7jW0FixSiLROTZg,,,,,41.5882,-81.5492,anonymous,EN,66fede047d9db4653edcafba,30,Male,,White or Caucasian,,"Apple, Bose, Samsung ","Bose,Apple,Nintendo,Samsung","Once I start noticing advertisements I start to immediately scroll past them.  I guess the only ones I remember are the specific products that I currently or have owned. ",No,,66fede047d9db4653edcafba,"Mozilla/5.0 (Windows NT 10.0; Win64; x64) AppleWebKit/537.36 (KHTML, like Gecko) Chrome/129.0.0.0 Safari/537.36",Cleveland,OH,44119
2024-10-12 01:01:48,2024-10-12 01:03:23,IP Address,16.98.115.63,100,94,True,2024-10-12 01:03:24,R_5v33IvvqtOqQExX,,,,,33.4663,-86.808,anonymous,EN,668db3a19f85aeef8769bb74,26,Female,,White or Caucasian,,Bose,"Bose,Nintendo,Microsoft,Spotify,Dell",I liked the memes and that it was more images than written tweets,No,,668db3a19f85aeef8769bb74,"Mozilla/5.0 (Macintosh; Intel Mac OS X 10_15_7) AppleWebKit/537.36 (KHTML, like Gecko) Chrome/129.0.0.0 Safari/537.36",Birmingham,AL,35205
2024-10-12 01:02:03,2024-10-12 01:03:23,IP Address,98.238.234.146,100,80,True,2024-10-12 01:03:24,R_7Jq3oktvbBIfjZF,,,,,38.6841,-121.0676,anonymous,EN,66797e76592771cdd0a5cd86,25,Male,,White or Caucasian,,"Nintendo, Apple","Apple,Fitbit",It was a very long feed. The captions were funny more times than not.,No,,66797e76592771cdd0a5cd86,"Mozilla/5.0 (Macintosh; Intel Mac OS X 10_15_7) AppleWebKit/537.36 (KHTML, like Gecko) Chrome/129.0.0.0 Safari/537.36",El Dorado Hills,CA,95762
2024-10-12 01:01:57,2024-10-12 01:03:31,IP Address,192.181.98.145,100,93,True,2024-10-12 01:03:32,R_6z6GJGIRgONzvR4,,,,,37.7548,-84.2985,anonymous,EN,66424049afd503d9b07c56d9,23,Non-binary / third gender,,White or Caucasian,,"Boss, Apple","Bose,Apple,Nintendo","I didn’t really like that every post had a photo ",Yes:,,66424049afd503d9b07c56d9,"Mozilla/5.0 (iPhone; CPU iPhone OS 17_6_1 like Mac OS X) AppleWebKit/605.1.15 (KHTML, like Gecko) Version/17.6 Mobile/15E148 Safari/604.1",Richmond,KY,40475
2024-10-12 01:01:14,2024-10-12 01:03:57,IP Address,104.186.18.105,100,163,True,2024-10-12 01:03:58,R_5FS9Xz2JqmvXlAJ,,,,,35.2494,-81.3812,anonymous,EN,66a2ec69dbb7753246c9cffb,28,Female,,White or Caucasian,,Boise,Nintendo,It was generic but I'm sure many people appreciate these memes if they are scattered through their feed rather than all at once from one source. This was an enjoyable study.,No,,66a2ec69dbb7753246c9cffb,"Mozilla/5.0 (Windows NT 10.0; Win64; x64) AppleWebKit/537.36 (KHTML, like Gecko) Chrome/129.0.0.0 Safari/537.36",Kings Mountain,NC,28086
2024-10-12 01:02:23,2024-10-12 01:04:01,IP Address,162.83.176.241,100,97,True,2024-10-12 01:04:01,R_5QarePhafK0CBbl,,,,,40.7609,-73.9115,anonymous,EN,66b21fb90313358018c9257b,28,Female,,"White or Caucasian,Asian",,"Nintendo, Whoop, Bose","Bose,Apple,Nintendo,Whoop","I found the posts all very funny, and enjoyed browsing. There weren't too many ads in my opinion ",No,,66b21fb90313358018c9257b,"Mozilla/5.0 (Macintosh; Intel Mac OS X 10_15_7) AppleWebKit/605.1.15 (KHTML, like Gecko) Version/17.5 Safari/605.1.15",Queens,NY,11103
2024-10-12 00:58:44,2024-10-12 01:04:04,IP Address,172.59.91.222,100,320,True,2024-10-12 01:04:05,R_3rlkE4afr5OIsIu,,,,,35.0197,-89.8498,anonymous,EN,66895b0af386d8483110b9a3,25,Male,,Black or African American,,n/a,I do not recall any sponsored posts,i liked most of the memes,No,,66895b0af386d8483110b9a3,"Mozilla/5.0 (Windows NT 10.0; Win64; x64) AppleWebKit/537.36 (KHTML, like Gecko) Chrome/129.0.0.0 Safari/537.36",Memphis,TN,38111
2024-10-12 01:03:13,2024-10-12 01:04:53,IP Address,98.244.55.94,100,100,True,2024-10-12 01:04:54,R_3CQtKoiUncftBY1,,,,,36.7889,-119.9535,anonymous,EN,66ca0ef624eb419583bd48db,23,Male,,"American Indian/Native American or Alaska Native,Asian",,9Gag,"Apple,Nintendo,LG","I liked quite a bit of the memes, the UI similarity to X looks nice. Most of the memes were cool, a few of them were a bit cringey.",No,,66ca0ef624eb419583bd48db,"Mozilla/5.0 (Windows NT 10.0; Win64; x64) AppleWebKit/537.36 (KHTML, like Gecko) Chrome/129.0.0.0 Safari/537.36",Fresno,CA,93723
2024-10-12 01:04:05,2024-10-12 01:05:07,IP Address,98.2.209.15,100,61,True,2024-10-12 01:05:07,R_3afZYAKwFdZYgqE,,,,,43.7244,-70.2824,anonymous,EN,5e0c0a7b6aab7c3fbeb4a644,29,Female,,White or Caucasian,,"Nintendo ",Nintendo,It was annoying and was annoying to look at,No,,5e0c0a7b6aab7c3fbeb4a644,"Mozilla/5.0 (Macintosh; Intel Mac OS X 10_15_7) AppleWebKit/605.1.15 (KHTML, like Gecko) Version/17.6 Safari/605.1.15",Cumberland Foreside,ME,04110
2024-10-12 01:03:38,2024-10-12 01:05:15,IP Address,24.112.86.44,100,97,True,2024-10-12 01:05:16,R_3WVCTkTyPbsDwb9,,,,,35.2233,-82.7455,anonymous,EN,53987712fdf99b68e3a45021,30,Female,,Asian,,Samsung,Samsung,Some of the memes were pretty funny/good. I wouldn’t be mad if I saw a feed like that in real life.,No,,53987712fdf99b68e3a45021,"Mozilla/5.0 (iPhone; CPU iPhone OS 17_6 like Mac OS X) AppleWebKit/605.1.15 (KHTML, like Gecko) CriOS/129.0.6668.69 Mobile/15E148 Safari/604.1",Brevard,NC,28712
2024-10-12 01:04:30,2024-10-12 01:05:46,IP Address,98.116.108.229,100,76,True,2024-10-12 01:05:47,R_6fT3b3rYUngoE5T,,,,,40.76,-73.5318,anonymous,EN,61021b86628e0777c0c8c015,29,Male,,White or Caucasian,,"Apple, Nintendo, Bose","Bose,Apple,Nintendo,Whoop",The amount of ads was practical and didn’t ruin the scrolling experience.,No,,61021b86628e0777c0c8c015,"Mozilla/5.0 (iPhone; CPU iPhone OS 18_0 like Mac OS X) AppleWebKit/605.1.15 (KHTML, like Gecko) Version/18.0 Mobile/15E148 Safari/604.1",Hicksville,NY,11801
2024-10-12 01:04:59,2024-10-12 01:05:56,IP Address,172.59.228.93,100,57,True,2024-10-12 01:05:57,R_3J4ntvEDEJm3hEw,,,,,39.9038,-104.9419,anonymous,EN,65dfc1cb5d408773b1a4271a,20,Female,,White or Caucasian,,Apple,Apple,"It was funny, but I wanted more than one account. I also didn't like that there were sometimes two ads in a row.",No,,65dfc1cb5d408773b1a4271a,"Mozilla/5.0 (Macintosh; Intel Mac OS X 10_15_7) AppleWebKit/537.36 (KHTML, like Gecko) Chrome/129.0.0.0 Safari/537.36",Denver,CO,80231
2024-10-12 01:04:57,2024-10-12 01:06:10,IP Address,66.110.245.9,100,72,True,2024-10-12 01:06:10,R_7aEayBQabEn2qqK,,,,,36.002,-80.0004,anonymous,EN,650f06be0a0601d7d7a31e56,29,Female,,Black or African American,,adidas,Apple,It was pretty entertaining and fun to read the memes.,No,,650f06be0a0601d7d7a31e56,"Mozilla/5.0 (Windows NT 10.0; Win64; x64) AppleWebKit/537.36 (KHTML, like Gecko) Chrome/129.0.0.0 Safari/537.36",High Point,NC,27265
2024-10-12 01:04:22,2024-10-12 01:06:11,IP Address,24.28.115.252,100,108,True,2024-10-12 01:06:12,R_7ksN7AbD2MuIx2h,,,,,32.9103,-96.7283,anonymous,EN,66dfca96a81711e53679ad4b,19,Female,,Other,Hispanic,apple,"Bose,Apple,Fitbit",I liked the social media feed. It's simple and has many relatable memes.,No,,66dfca96a81711e53679ad4b,Mozilla/5.0 (Windows NT 10.0; Win64; x64; rv:131.0) Gecko/20100101 Firefox/131.0,Dallas,TX,75229
2024-10-12 01:04:33,2024-10-12 01:06:24,IP Address,174.87.213.206,100,110,True,2024-10-12 01:06:25,R_1OqzVsbh3vDZ8eP,,,,,39.0207,-119.7277,anonymous,EN,6089ced32208d519e8ff3ef4,26,Female,,White or Caucasian,,Switch,"Apple,Nintendo,Beats by Dre,Fitbit","The beginning was pretty solid, but then scrolling further down it just kept getting worse and cringey. ",No,,6089ced32208d519e8ff3ef4,"Mozilla/5.0 (Windows NT 10.0; Win64; x64) AppleWebKit/537.36 (KHTML, like Gecko) Chrome/129.0.0.0 Safari/537.36",Minden,NV,89423
2024-10-12 01:05:23,2024-10-12 01:06:39,IP Address,24.46.46.39,100,75,True,2024-10-12 01:06:40,R_1thviHLhSaNiPoS,,,,,40.5795,-73.9889,anonymous,EN,5e4d2e7f6603cd16888864e7,27,Female,,White or Caucasian,,n/a,"Bose,Spotify",I thought the memes were actually funny and liked them,No,,5e4d2e7f6603cd16888864e7,Mozilla/5.0 (Windows NT 10.0; Win64; x64; rv:131.0) Gecko/20100101 Firefox/131.0,Brooklyn,NY,11224
2024-10-12 01:05:49,2024-10-12 01:07:34,IP Address,184.88.33.245,100,104,True,2024-10-12 01:07:34,R_3CyvStHzYggMNes,,,,,28.5504,-81.1833,anonymous,EN,67033b86343d35f73b579dd5,18,Prefer not to say,,White or Caucasian,,bose (?) headphones,Bose,The ads seemed more spread out than they tend to be when I use twitter.,No,,67033b86343d35f73b579dd5,"Mozilla/5.0 (iPhone; CPU iPhone OS 18_0 like Mac OS X) AppleWebKit/605.1.15 (KHTML, like Gecko) Version/18.0 Mobile/15E148 Safari/604.1",Orlando,FL,32828
2024-10-12 01:06:12,2024-10-12 01:07:53,IP Address,174.211.114.143,100,100,True,2024-10-12 01:07:53,R_5PiVlqhDqBWZJsI,,,,,25.8906,-80.1784,anonymous,EN,5f218ec7604e35564a7ea1ea,29,Male,,White or Caucasian,,"Nintendo Switch , Bose","Bose,Nintendo",It's very 9GAG..  trying to cling onto their past success by throwing out as many relatable tweets as possible. Also feels like I've seen a few of these before but not from them.,No,,5f218ec7604e35564a7ea1ea,"Mozilla/5.0 (Linux; Android 10; K) AppleWebKit/537.36 (KHTML, like Gecko) Chrome/129.0.0.0 Mobile Safari/537.36",Tampa,FL,33619
2024-10-12 01:07:27,2024-10-12 01:08:18,IP Address,65.128.237.88,100,50,True,2024-10-12 01:08:19,R_3RmDVLwtFIUl9aw,,,,,45.0196,-93.2402,anonymous,EN,5f1e7c6768c1bb8491f39191,22,Female,,White or Caucasian,,N/a,"Samsung,Beats by Dre",I thought the memes were great. Couldn't hide the sponsored posts,No,,5f1e7c6768c1bb8491f39191,"Mozilla/5.0 (Macintosh; Intel Mac OS X 10_15_7) AppleWebKit/537.36 (KHTML, like Gecko) Chrome/129.0.0.0 Safari/537.36",Minneapolis,MN,55418
2024-10-12 01:06:31,2024-10-12 01:08:42,IP Address,47.184.141.130,100,131,True,2024-10-12 01:08:43,R_7DtWBQm0sRCc05y,,,,,32.9569,-96.6746,anonymous,EN,66d327f02e9e567850b49aee,29,Female,,Asian,,n/a,I do not recall any sponsored posts,"I did briefly glance at the ads, but I mostly focused on the posts that weren't ads. Some of the posts were funny.",No,,66d327f02e9e567850b49aee,"Mozilla/5.0 (X11; Linux x86_64) AppleWebKit/537.36 (KHTML, like Gecko) Chrome/129.0.0.0 Safari/537.36",Garland,TX,75044
2024-10-12 01:05:15,2024-10-12 01:08:50,IP Address,73.99.83.221,100,214,True,2024-10-12 01:08:51,R_7PtVp9e8ubDiYdC,,,,,37.5147,-77.5034,anonymous,EN,65959405ee4e37b77f945584,25,Non-binary / third gender,,Black or African American,,"Samsung Headphones. ",Samsung,"I like the fact that a lot of the post were relatable and witty. As I tend to like my memes dry, accurate, and laugh/smile inducing. Most of the ones provided in the mock feed checked all of my major boxes. 

I also like the fact that there were a lot of images and/or characters from popular cartoons and/or pop culture as a whole. ",No,,65959405ee4e37b77f945584,"Mozilla/5.0 (Linux; Android 10; K) AppleWebKit/537.36 (KHTML, like Gecko) Chrome/129.0.0.0 Mobile Safari/537.36",Richmond,VA,23225
2024-10-12 01:07:46,2024-10-12 01:09:21,IP Address,76.50.59.250,100,94,True,2024-10-12 01:09:22,R_6QRwC6cWMMoC92P,,,,,34.2193,-118.9842,anonymous,EN,5ebb08645a22c70c2ba793e4,30,Female,,Asian,,"nintendo, apple","Bose,Apple,Nintendo,Whoop","It was full of memes. There were scattered ads, but they did not distract from my scrolling.",No,,5ebb08645a22c70c2ba793e4,"Mozilla/5.0 (Windows NT 10.0; Win64; x64) AppleWebKit/537.36 (KHTML, like Gecko) Chrome/129.0.0.0 Safari/537.36",Camarillo,CA,93012
2024-10-12 01:08:20,2024-10-12 01:09:39,IP Address,184.88.66.207,100,78,True,2024-10-12 01:09:39,R_5qJXKOcXq9tdudR,,,,,28.53,-81.4807,anonymous,EN,5cf48ac6639b150016eb82d3,27,Non-binary / third gender,,White or Caucasian,,"Bose, I think? I try to ignore ads. Maybe an Apple product.","Bose,Nintendo","I'm not usually one to just look at memes, so I think there was a lot I just skimmed and scrolled past.",No,,5cf48ac6639b150016eb82d3,Mozilla/5.0 (Windows NT 10.0; Win64; x64; rv:131.0) Gecko/20100101 Firefox/131.0,Orlando,FL,32835
2024-10-12 01:09:06,2024-10-12 01:10:35,IP Address,68.225.203.107,100,88,True,2024-10-12 01:10:35,R_7MgsfMbfX5Igqgk,,,,,32.213,-110.8279,anonymous,EN,66ee50c48ccf64ce2bb4e276,23,Male,,White or Caucasian,,Nintendo,"Apple,Nintendo,Whoop,LG",Basic and boring but probably would be like my usual feed.,No,,66ee50c48ccf64ce2bb4e276,"Mozilla/5.0 (iPhone; CPU iPhone OS 18_0 like Mac OS X) AppleWebKit/605.1.15 (KHTML, like Gecko) CriOS/129.0.6668.69 Mobile/15E148 Safari/604.1",Tucson,AZ,85748
2024-10-12 01:09:44,2024-10-12 01:11:12,IP Address,66.97.56.81,100,88,True,2024-10-12 01:11:13,R_7bKuE16SdrklQhf,,,,,30.03,-90.7395,anonymous,EN,5dd9df0e946f7c97406a55ea,24,Female,,White or Caucasian,,n/a,Apple,"I liked that there were a lot of spongebob memes ",No,,5dd9df0e946f7c97406a55ea,"Mozilla/5.0 (Windows NT 10.0; Win64; x64) AppleWebKit/537.36 (KHTML, like Gecko) Chrome/129.0.0.0 Safari/537.36",Paulina,LA,70763
2024-10-12 01:09:27,2024-10-12 01:11:43,IP Address,172.59.105.3,100,136,True,2024-10-12 01:11:44,R_7WOr6AtaWKVL14S,,,,,29.9317,-90.1026,anonymous,EN,66b2bd5ffbecf719e850a8f8,22,Male,,White or Caucasian,,"9gag, Samsung","Nintendo,Samsung","Some of the sponsored posts were difficult to notice at first glance, and the memes were... meh.",Yes:,Some of the posts had broken images.,66b2bd5ffbecf719e850a8f8,Mozilla/5.0 (Android 10; Mobile; rv:131.0) Gecko/131.0 Firefox/131.0,New Orleans,LA,70123
2024-10-12 01:09:01,2024-10-12 01:12:21,IP Address,76.132.118.192,100,200,True,2024-10-12 01:12:22,R_5Nyq3toaFHl95Tf,,,,,37.2995,-121.7578,anonymous,EN,65a5aeb586f09a4f66b47de7,29,Non-binary / third gender,,"White or Caucasian,Other",latine,"headphones, smart watch, phone AI ad","Bose,Apple,Samsung","It seems a little outdated in terms of memes. Like these would have been hella funny like ten years ago, but only one meme (the one with the bad haircuts) is time period appropriate. I tried to like the ones that were kinda funny, but these all came across as corporate memes. If that makes sense. Like an older millenial or genx made them. TBH I know this was probably about the ads in between, but that was my least favorite part. I found myself wishing I could dislike or press ""show me less"" of this. Especially AI crap",No,,65a5aeb586f09a4f66b47de7,"Mozilla/5.0 (Macintosh; Intel Mac OS X 10_15_7) AppleWebKit/537.36 (KHTML, like Gecko) Chrome/129.0.0.0 Safari/537.36",San Jose,CA,95135
2024-10-12 01:09:55,2024-10-12 01:13:26,IP Address,71.120.207.106,100,210,True,2024-10-12 01:13:26,R_1Wv8WG63nr0ZWpA,,,,,36.8366,-76.1624,anonymous,EN,5d7ff4aa50fda7001a863736,25,Female,,Black or African American,,"Samsung, Apple, Bose, Nintendo","Bose,Apple,Nintendo,Whoop,Samsung","I didn't particularly like or dislike anything about the feed. In terms of features, it was pretty similar to a twitter feed in real life. I actually quite enjoyed looking at the memes and some were pretty funny.",No,,5d7ff4aa50fda7001a863736,"Mozilla/5.0 (X11; CrOS x86_64 14541.0.0) AppleWebKit/537.36 (KHTML, like Gecko) Chrome/129.0.0.0 Safari/537.36",Virginia Beach,VA,23462
2024-10-12 01:13:19,2024-10-12 01:14:34,IP Address,75.195.15.161,100,74,True,2024-10-12 01:14:34,R_3ixpINiOM089hXz,,,,,41.8018,-87.5993,anonymous,EN,663a729aa954660a3641e086,27,Non-binary / third gender,,White or Caucasian,,N/A,JBL,"I liked most of them because I generally like memes and follow meme pages on my social media for a good laugh. ",No,,663a729aa954660a3641e086,"Mozilla/5.0 (iPhone; CPU iPhone OS 17_6_1 like Mac OS X) AppleWebKit/605.1.15 (KHTML, like Gecko) Version/17.6 Mobile/15E148 Safari/604.1",Chicago,IL,60613
2024-10-12 01:11:08,2024-10-12 01:15:04,IP Address,99.99.12.239,100,235,True,2024-10-12 01:15:05,R_3WAzxEaBByg75ID,,,,,42.0492,-87.7812,anonymous,EN,65bd21aa5f089b1fa5ff2758,30,Male,,Asian,,Apple,"Apple,Nintendo,Microsoft,Fitbit","I enjoyed the memes and reaction photos. I always forget how out-of-order tweets are now, following an algorithm instead of sequential order.",No,,65bd21aa5f089b1fa5ff2758,"Mozilla/5.0 (Windows NT 10.0; Win64; x64) AppleWebKit/537.36 (KHTML, like Gecko) Chrome/129.0.0.0 Safari/537.36",Morton Grove,IL,60053
2024-10-12 01:17:45,2024-10-12 01:18:41,IP Address,107.139.207.232,100,56,True,2024-10-12 01:18:42,R_5PtHQSYS45AMMh4,,,,,30.3574,-89.1649,anonymous,EN,6110da394d33b556587e8759,24,Female,,White or Caucasian,,"Nintendo Switch, sleep tracker","Nintendo,Oura,Beats by Dre",They were funny memes,No,,6110da394d33b556587e8759,"Mozilla/5.0 (iPhone; CPU iPhone OS 17_6_1 like Mac OS X) AppleWebKit/605.1.15 (KHTML, like Gecko) Version/17.6 Mobile/15E148 Safari/604.1",Long Beach,MS,39560
2024-10-12 01:02:23,2024-10-12 01:21:37,IP Address,69.80.251.164,100,1154,True,2024-10-12 01:21:38,R_7LTE6pjDi1nWp11,,,,,37.1391,-120.5251,anonymous,EN,66ce3fd97f47d155f0f7c56c,30,Male,,American Indian/Native American or Alaska Native,,n/a,I do not recall any sponsored posts,"9gag is a terrible source of entertainment in my opinion, it is mostly stolen content last time I checked.",No,,66ce3fd97f47d155f0f7c56c,Mozilla/5.0 (Windows NT 10.0; Win64; x64; rv:131.0) Gecko/20100101 Firefox/131.0,El Nido,CA,95317
